"","x"
"ENSG00000000419",1
"ENSG00000000938",0
"ENSG00000001036",0
"ENSG00000001084",1
"ENSG00000001630",0
"ENSG00000002549",3
"ENSG00000002587",0
"ENSG00000002726",0
"ENSG00000003137",0
"ENSG00000003987",0
"ENSG00000003989",0
"ENSG00000004455",2
"ENSG00000004468",1
"ENSG00000004660",0
"ENSG00000004779",1
"ENSG00000004799",0
"ENSG00000004809",0
"ENSG00000004864",0
"ENSG00000004939",0
"ENSG00000005022",3
"ENSG00000005075",1
"ENSG00000005187",0
"ENSG00000005249",0
"ENSG00000005381",0
"ENSG00000005421",0
"ENSG00000005469",0
"ENSG00000005471",0
"ENSG00000005483",1
"ENSG00000005882",0
"ENSG00000006062",0
"ENSG00000006071",0
"ENSG00000006432",0
"ENSG00000006530",2
"ENSG00000006534",0
"ENSG00000006625",2
"ENSG00000006756",0
"ENSG00000006757",0
"ENSG00000006837",0
"ENSG00000007001",0
"ENSG00000007047",0
"ENSG00000007168",3
"ENSG00000007171",0
"ENSG00000007216",0
"ENSG00000007264",0
"ENSG00000007350",0
"ENSG00000007541",0
"ENSG00000008086",0
"ENSG00000008118",0
"ENSG00000008128",1
"ENSG00000008130",0
"ENSG00000008300",0
"ENSG00000008311",0
"ENSG00000008394",0
"ENSG00000008513",2
"ENSG00000009413",1
"ENSG00000010219",0
"ENSG00000010256",3
"ENSG00000010379",0
"ENSG00000010404",0
"ENSG00000010671",0
"ENSG00000010810",1
"ENSG00000011009",1
"ENSG00000011052",1
"ENSG00000011083",0
"ENSG00000011198",0
"ENSG00000011405",0
"ENSG00000011485",0
"ENSG00000011566",0
"ENSG00000012232",0
"ENSG00000012660",1
"ENSG00000012779",0
"ENSG00000012983",0
"ENSG00000013288",0
"ENSG00000013375",0
"ENSG00000013392",0
"ENSG00000013441",1
"ENSG00000013503",0
"ENSG00000014138",0
"ENSG00000014257",0
"ENSG00000014641",1
"ENSG00000015413",0
"ENSG00000015520",0
"ENSG00000015532",0
"ENSG00000016391",0
"ENSG00000016864",2
"ENSG00000017260",0
"ENSG00000017483",0
"ENSG00000017797",0
"ENSG00000018280",0
"ENSG00000018510",0
"ENSG00000018625",0
"ENSG00000019186",0
"ENSG00000021461",0
"ENSG00000021488",0
"ENSG00000021826",0
"ENSG00000023041",1
"ENSG00000023228",2
"ENSG00000023330",1
"ENSG00000023572",0
"ENSG00000023697",1
"ENSG00000023839",0
"ENSG00000023909",2
"ENSG00000025423",0
"ENSG00000025708",1
"ENSG00000025800",1
"ENSG00000026103",1
"ENSG00000026652",0
"ENSG00000027075",1
"ENSG00000027644",0
"ENSG00000027847",0
"ENSG00000028116",1
"ENSG00000030066",0
"ENSG00000030304",0
"ENSG00000031698",1
"ENSG00000032444",0
"ENSG00000033011",0
"ENSG00000033100",1
"ENSG00000033170",0
"ENSG00000033627",0
"ENSG00000033867",0
"ENSG00000034152",1
"ENSG00000035664",0
"ENSG00000035687",3
"ENSG00000036473",0
"ENSG00000036530",0
"ENSG00000036565",0
"ENSG00000037280",0
"ENSG00000037757",0
"ENSG00000038002",0
"ENSG00000038210",1
"ENSG00000038274",3
"ENSG00000038382",0
"ENSG00000039123",1
"ENSG00000040199",0
"ENSG00000040933",0
"ENSG00000044446",0
"ENSG00000044524",0
"ENSG00000047230",0
"ENSG00000047249",2
"ENSG00000047315",1
"ENSG00000047410",1
"ENSG00000047457",0
"ENSG00000047936",0
"ENSG00000048392",0
"ENSG00000049239",0
"ENSG00000049860",1
"ENSG00000050438",0
"ENSG00000050748",0
"ENSG00000051341",0
"ENSG00000051382",0
"ENSG00000052802",0
"ENSG00000053371",2
"ENSG00000054148",0
"ENSG00000054179",0
"ENSG00000054356",0
"ENSG00000054392",0
"ENSG00000054983",0
"ENSG00000055332",0
"ENSG00000055609",0
"ENSG00000056998",0
"ENSG00000057252",1
"ENSG00000058091",0
"ENSG00000058404",0
"ENSG00000058600",1
"ENSG00000058668",1
"ENSG00000058729",0
"ENSG00000058804",0
"ENSG00000058866",0
"ENSG00000059377",0
"ENSG00000059573",1
"ENSG00000059758",1
"ENSG00000059804",1
"ENSG00000060069",0
"ENSG00000060140",0
"ENSG00000060237",0
"ENSG00000060642",0
"ENSG00000060656",0
"ENSG00000060762",1
"ENSG00000060971",2
"ENSG00000060982",0
"ENSG00000061918",0
"ENSG00000061938",0
"ENSG00000062282",0
"ENSG00000062485",3
"ENSG00000062524",0
"ENSG00000062822",0
"ENSG00000063176",0
"ENSG00000063601",1
"ENSG00000063854",0
"ENSG00000064225",0
"ENSG00000064270",0
"ENSG00000064393",0
"ENSG00000064601",1
"ENSG00000064651",0
"ENSG00000064655",0
"ENSG00000064763",0
"ENSG00000065154",1
"ENSG00000065243",0
"ENSG00000065357",3
"ENSG00000065361",0
"ENSG00000065427",1
"ENSG00000065518",3
"ENSG00000065534",0
"ENSG00000065559",0
"ENSG00000065613",0
"ENSG00000065615",0
"ENSG00000065621",0
"ENSG00000065675",1
"ENSG00000065833",0
"ENSG00000065883",0
"ENSG00000065911",0
"ENSG00000065989",0
"ENSG00000066056",0
"ENSG00000066230",0
"ENSG00000066322",1
"ENSG00000066379",0
"ENSG00000066468",0
"ENSG00000066813",0
"ENSG00000066926",0
"ENSG00000067057",3
"ENSG00000067064",2
"ENSG00000067113",0
"ENSG00000067177",0
"ENSG00000067225",3
"ENSG00000067606",0
"ENSG00000067829",2
"ENSG00000067840",0
"ENSG00000067842",0
"ENSG00000067900",1
"ENSG00000067992",0
"ENSG00000068001",0
"ENSG00000068078",0
"ENSG00000068120",2
"ENSG00000068366",0
"ENSG00000068383",0
"ENSG00000068650",0
"ENSG00000068654",0
"ENSG00000068745",1
"ENSG00000068903",0
"ENSG00000068976",0
"ENSG00000069020",0
"ENSG00000069248",0
"ENSG00000069431",0
"ENSG00000069535",0
"ENSG00000069764",0
"ENSG00000069849",3
"ENSG00000069943",0
"ENSG00000069956",0
"ENSG00000070019",0
"ENSG00000070159",0
"ENSG00000070214",0
"ENSG00000070501",0
"ENSG00000070526",0
"ENSG00000070610",1
"ENSG00000070614",0
"ENSG00000070669",0
"ENSG00000070731",0
"ENSG00000070748",0
"ENSG00000070759",0
"ENSG00000070770",0
"ENSG00000070778",0
"ENSG00000070808",0
"ENSG00000070886",0
"ENSG00000070915",0
"ENSG00000070961",1
"ENSG00000071054",0
"ENSG00000071073",1
"ENSG00000071242",0
"ENSG00000071553",1
"ENSG00000071909",0
"ENSG00000071967",0
"ENSG00000072041",0
"ENSG00000072042",3
"ENSG00000072062",0
"ENSG00000072133",0
"ENSG00000072135",1
"ENSG00000072195",0
"ENSG00000072210",0
"ENSG00000072274",1
"ENSG00000072310",0
"ENSG00000072506",3
"ENSG00000072518",0
"ENSG00000072682",0
"ENSG00000072756",0
"ENSG00000072778",3
"ENSG00000072786",1
"ENSG00000073060",0
"ENSG00000073417",0
"ENSG00000073578",3
"ENSG00000073711",0
"ENSG00000073734",0
"ENSG00000073737",0
"ENSG00000073756",0
"ENSG00000073803",0
"ENSG00000073849",0
"ENSG00000074211",0
"ENSG00000074370",0
"ENSG00000074410",0
"ENSG00000074416",0
"ENSG00000074590",0
"ENSG00000074621",0
"ENSG00000074696",1
"ENSG00000074800",3
"ENSG00000074803",0
"ENSG00000074966",0
"ENSG00000075188",0
"ENSG00000075239",0
"ENSG00000075413",1
"ENSG00000075415",1
"ENSG00000075651",0
"ENSG00000075673",0
"ENSG00000076201",0
"ENSG00000076351",0
"ENSG00000076555",0
"ENSG00000076685",0
"ENSG00000076984",0
"ENSG00000077009",0
"ENSG00000077044",0
"ENSG00000077264",0
"ENSG00000077463",0
"ENSG00000077498",0
"ENSG00000077514",0
"ENSG00000077782",0
"ENSG00000078061",0
"ENSG00000078070",1
"ENSG00000078124",0
"ENSG00000078142",0
"ENSG00000078237",0
"ENSG00000078269",0
"ENSG00000078295",0
"ENSG00000079215",0
"ENSG00000079277",0
"ENSG00000079335",0
"ENSG00000079393",0
"ENSG00000079435",0
"ENSG00000079459",1
"ENSG00000079462",2
"ENSG00000079739",2
"ENSG00000079805",0
"ENSG00000079931",0
"ENSG00000080031",0
"ENSG00000080166",0
"ENSG00000080224",0
"ENSG00000080493",0
"ENSG00000080511",0
"ENSG00000080819",0
"ENSG00000080823",0
"ENSG00000081181",0
"ENSG00000081237",1
"ENSG00000081320",1
"ENSG00000081377",0
"ENSG00000081479",0
"ENSG00000081721",1
"ENSG00000081760",0
"ENSG00000081800",0
"ENSG00000081913",0
"ENSG00000081923",0
"ENSG00000082212",2
"ENSG00000083123",1
"ENSG00000083223",1
"ENSG00000083290",0
"ENSG00000083720",3
"ENSG00000083807",0
"ENSG00000084090",1
"ENSG00000084110",0
"ENSG00000084112",0
"ENSG00000084207",1
"ENSG00000084453",0
"ENSG00000084674",0
"ENSG00000084754",3
"ENSG00000084774",0
"ENSG00000085231",1
"ENSG00000085415",0
"ENSG00000085511",1
"ENSG00000085563",0
"ENSG00000085662",3
"ENSG00000085871",0
"ENSG00000085998",0
"ENSG00000086015",0
"ENSG00000086062",1
"ENSG00000086159",0
"ENSG00000086232",0
"ENSG00000086544",0
"ENSG00000086696",0
"ENSG00000086717",0
"ENSG00000086848",0
"ENSG00000087008",0
"ENSG00000087053",0
"ENSG00000087076",0
"ENSG00000087085",0
"ENSG00000087095",0
"ENSG00000087111",0
"ENSG00000087157",1
"ENSG00000087253",0
"ENSG00000087470",1
"ENSG00000087586",0
"ENSG00000088002",0
"ENSG00000088035",0
"ENSG00000088179",0
"ENSG00000088386",0
"ENSG00000088766",0
"ENSG00000088826",0
"ENSG00000089022",0
"ENSG00000089057",0
"ENSG00000089250",0
"ENSG00000089597",1
"ENSG00000090013",1
"ENSG00000090020",0
"ENSG00000090054",0
"ENSG00000090060",1
"ENSG00000090266",2
"ENSG00000090376",0
"ENSG00000090402",0
"ENSG00000090661",0
"ENSG00000090857",1
"ENSG00000090861",1
"ENSG00000090971",0
"ENSG00000091137",0
"ENSG00000091138",0
"ENSG00000091140",3
"ENSG00000091436",0
"ENSG00000091483",2
"ENSG00000091664",0
"ENSG00000091704",0
"ENSG00000092009",0
"ENSG00000092068",0
"ENSG00000092439",0
"ENSG00000092445",0
"ENSG00000092529",0
"ENSG00000092621",0
"ENSG00000092964",2
"ENSG00000093000",1
"ENSG00000093010",2
"ENSG00000093072",1
"ENSG00000093217",0
"ENSG00000094841",0
"ENSG00000094914",0
"ENSG00000095015",0
"ENSG00000095059",0
"ENSG00000095139",1
"ENSG00000095303",0
"ENSG00000095319",0
"ENSG00000095321",0
"ENSG00000095380",1
"ENSG00000095464",0
"ENSG00000095596",0
"ENSG00000095777",0
"ENSG00000095917",0
"ENSG00000096006",0
"ENSG00000096063",0
"ENSG00000096717",0
"ENSG00000096968",0
"ENSG00000097007",0
"ENSG00000097021",1
"ENSG00000097033",1
"ENSG00000097046",0
"ENSG00000099194",0
"ENSG00000099308",0
"ENSG00000099377",0
"ENSG00000099381",1
"ENSG00000099624",3
"ENSG00000099795",1
"ENSG00000099797",2
"ENSG00000099810",2
"ENSG00000099817",1
"ENSG00000099821",0
"ENSG00000099875",1
"ENSG00000099904",0
"ENSG00000099984",0
"ENSG00000099998",0
"ENSG00000100024",0
"ENSG00000100030",1
"ENSG00000100031",0
"ENSG00000100033",0
"ENSG00000100034",0
"ENSG00000100075",2
"ENSG00000100078",0
"ENSG00000100092",0
"ENSG00000100101",0
"ENSG00000100116",1
"ENSG00000100121",0
"ENSG00000100142",0
"ENSG00000100156",0
"ENSG00000100170",0
"ENSG00000100197",0
"ENSG00000100243",3
"ENSG00000100253",0
"ENSG00000100288",1
"ENSG00000100292",0
"ENSG00000100294",0
"ENSG00000100299",0
"ENSG00000100330",0
"ENSG00000100344",0
"ENSG00000100348",1
"ENSG00000100354",1
"ENSG00000100372",0
"ENSG00000100412",3
"ENSG00000100413",0
"ENSG00000100417",1
"ENSG00000100422",0
"ENSG00000100448",0
"ENSG00000100479",0
"ENSG00000100490",0
"ENSG00000100504",0
"ENSG00000100522",1
"ENSG00000100526",0
"ENSG00000100554",0
"ENSG00000100564",1
"ENSG00000100577",0
"ENSG00000100596",0
"ENSG00000100600",0
"ENSG00000100605",0
"ENSG00000100614",0
"ENSG00000100626",0
"ENSG00000100644",1
"ENSG00000100652",0
"ENSG00000100678",0
"ENSG00000100714",0
"ENSG00000100749",1
"ENSG00000100784",0
"ENSG00000100867",0
"ENSG00000100889",0
"ENSG00000100938",2
"ENSG00000100979",0
"ENSG00000100983",2
"ENSG00000100994",3
"ENSG00000100997",0
"ENSG00000101049",0
"ENSG00000101109",1
"ENSG00000101146",1
"ENSG00000101160",0
"ENSG00000101187",0
"ENSG00000101210",0
"ENSG00000101213",0
"ENSG00000101224",1
"ENSG00000101255",0
"ENSG00000101266",0
"ENSG00000101276",0
"ENSG00000101290",2
"ENSG00000101306",0
"ENSG00000101323",0
"ENSG00000101333",0
"ENSG00000101336",0
"ENSG00000101349",0
"ENSG00000101365",3
"ENSG00000101438",0
"ENSG00000101444",2
"ENSG00000101464",0
"ENSG00000101473",0
"ENSG00000101558",0
"ENSG00000101577",2
"ENSG00000101638",0
"ENSG00000101670",0
"ENSG00000101751",0
"ENSG00000101782",1
"ENSG00000101846",0
"ENSG00000101868",0
"ENSG00000101890",0
"ENSG00000101892",0
"ENSG00000101901",1
"ENSG00000101911",2
"ENSG00000101945",0
"ENSG00000101974",1
"ENSG00000101986",0
"ENSG00000102010",0
"ENSG00000102030",1
"ENSG00000102032",0
"ENSG00000102043",0
"ENSG00000102078",0
"ENSG00000102096",1
"ENSG00000102100",0
"ENSG00000102125",0
"ENSG00000102144",3
"ENSG00000102172",1
"ENSG00000102225",0
"ENSG00000102230",0
"ENSG00000102312",0
"ENSG00000102383",0
"ENSG00000102393",0
"ENSG00000102572",0
"ENSG00000102575",0
"ENSG00000102595",0
"ENSG00000102743",0
"ENSG00000102755",0
"ENSG00000102780",0
"ENSG00000102882",0
"ENSG00000102893",0
"ENSG00000102900",0
"ENSG00000102967",0
"ENSG00000102978",1
"ENSG00000103024",1
"ENSG00000103044",0
"ENSG00000103056",0
"ENSG00000103064",1
"ENSG00000103066",0
"ENSG00000103150",0
"ENSG00000103202",0
"ENSG00000103222",1
"ENSG00000103253",0
"ENSG00000103257",0
"ENSG00000103375",0
"ENSG00000103415",2
"ENSG00000103485",0
"ENSG00000103489",0
"ENSG00000103502",0
"ENSG00000103546",0
"ENSG00000103569",0
"ENSG00000103653",1
"ENSG00000103740",0
"ENSG00000103811",0
"ENSG00000103876",1
"ENSG00000104044",0
"ENSG00000104205",0
"ENSG00000104219",0
"ENSG00000104267",0
"ENSG00000104312",0
"ENSG00000104313",0
"ENSG00000104325",0
"ENSG00000104331",0
"ENSG00000104365",0
"ENSG00000104375",0
"ENSG00000104522",2
"ENSG00000104524",0
"ENSG00000104549",0
"ENSG00000104635",0
"ENSG00000104687",0
"ENSG00000104695",0
"ENSG00000104723",0
"ENSG00000104763",1
"ENSG00000104774",2
"ENSG00000104808",0
"ENSG00000104812",0
"ENSG00000104814",1
"ENSG00000104823",1
"ENSG00000104879",0
"ENSG00000104885",0
"ENSG00000104888",0
"ENSG00000104936",0
"ENSG00000104951",0
"ENSG00000105053",0
"ENSG00000105143",0
"ENSG00000105146",0
"ENSG00000105198",0
"ENSG00000105204",0
"ENSG00000105205",0
"ENSG00000105220",3
"ENSG00000105221",0
"ENSG00000105223",0
"ENSG00000105254",3
"ENSG00000105258",0
"ENSG00000105281",0
"ENSG00000105287",0
"ENSG00000105355",0
"ENSG00000105379",3
"ENSG00000105397",1
"ENSG00000105398",0
"ENSG00000105409",0
"ENSG00000105426",0
"ENSG00000105499",0
"ENSG00000105509",0
"ENSG00000105516",0
"ENSG00000105520",0
"ENSG00000105552",1
"ENSG00000105568",1
"ENSG00000105607",1
"ENSG00000105613",0
"ENSG00000105639",1
"ENSG00000105641",0
"ENSG00000105647",0
"ENSG00000105650",0
"ENSG00000105655",0
"ENSG00000105669",0
"ENSG00000105675",0
"ENSG00000105679",0
"ENSG00000105810",0
"ENSG00000105835",2
"ENSG00000105851",1
"ENSG00000105852",0
"ENSG00000105854",0
"ENSG00000105929",0
"ENSG00000105953",2
"ENSG00000105976",0
"ENSG00000106049",2
"ENSG00000106105",1
"ENSG00000106123",0
"ENSG00000106258",0
"ENSG00000106278",0
"ENSG00000106302",0
"ENSG00000106304",0
"ENSG00000106348",0
"ENSG00000106384",0
"ENSG00000106392",0
"ENSG00000106462",1
"ENSG00000106605",3
"ENSG00000106617",0
"ENSG00000106628",1
"ENSG00000106633",0
"ENSG00000106636",0
"ENSG00000106648",0
"ENSG00000106683",0
"ENSG00000106688",0
"ENSG00000106733",0
"ENSG00000106799",0
"ENSG00000106853",0
"ENSG00000106976",0
"ENSG00000106992",0
"ENSG00000107140",0
"ENSG00000107159",0
"ENSG00000107242",0
"ENSG00000107317",0
"ENSG00000107537",0
"ENSG00000107611",0
"ENSG00000107643",0
"ENSG00000107758",1
"ENSG00000107779",0
"ENSG00000107789",0
"ENSG00000107798",1
"ENSG00000107819",0
"ENSG00000107902",0
"ENSG00000107951",1
"ENSG00000107968",0
"ENSG00000108242",0
"ENSG00000108381",0
"ENSG00000108439",0
"ENSG00000108443",1
"ENSG00000108468",1
"ENSG00000108474",0
"ENSG00000108479",0
"ENSG00000108515",0
"ENSG00000108528",2
"ENSG00000108559",1
"ENSG00000108576",0
"ENSG00000108602",0
"ENSG00000108784",0
"ENSG00000108786",0
"ENSG00000108799",0
"ENSG00000108813",0
"ENSG00000108839",0
"ENSG00000108846",0
"ENSG00000108861",0
"ENSG00000108932",0
"ENSG00000108946",1
"ENSG00000108984",0
"ENSG00000109065",0
"ENSG00000109107",2
"ENSG00000109181",0
"ENSG00000109193",0
"ENSG00000109323",0
"ENSG00000109339",0
"ENSG00000109390",2
"ENSG00000109424",0
"ENSG00000109452",0
"ENSG00000109576",0
"ENSG00000109586",1
"ENSG00000109610",0
"ENSG00000109667",0
"ENSG00000109685",0
"ENSG00000109743",0
"ENSG00000109814",0
"ENSG00000109854",0
"ENSG00000109861",1
"ENSG00000109929",0
"ENSG00000109956",0
"ENSG00000110066",0
"ENSG00000110080",0
"ENSG00000110090",1
"ENSG00000110195",0
"ENSG00000110203",0
"ENSG00000110243",0
"ENSG00000110245",0
"ENSG00000110328",0
"ENSG00000110422",0
"ENSG00000110435",1
"ENSG00000110436",0
"ENSG00000110446",0
"ENSG00000110536",1
"ENSG00000110583",0
"ENSG00000110619",0
"ENSG00000110713",1
"ENSG00000110717",3
"ENSG00000110719",2
"ENSG00000110721",0
"ENSG00000110786",0
"ENSG00000110871",1
"ENSG00000110887",0
"ENSG00000110911",0
"ENSG00000110921",0
"ENSG00000110931",0
"ENSG00000110955",1
"ENSG00000110958",3
"ENSG00000111012",0
"ENSG00000111058",0
"ENSG00000111077",0
"ENSG00000111144",3
"ENSG00000111181",0
"ENSG00000111237",1
"ENSG00000111261",0
"ENSG00000111266",0
"ENSG00000111271",0
"ENSG00000111275",0
"ENSG00000111339",0
"ENSG00000111371",1
"ENSG00000111445",0
"ENSG00000111581",1
"ENSG00000111640",3
"ENSG00000111666",0
"ENSG00000111669",3
"ENSG00000111674",3
"ENSG00000111679",1
"ENSG00000111684",0
"ENSG00000111696",0
"ENSG00000111700",0
"ENSG00000111713",0
"ENSG00000111716",3
"ENSG00000111726",2
"ENSG00000111728",0
"ENSG00000111732",0
"ENSG00000111775",3
"ENSG00000111816",0
"ENSG00000111817",0
"ENSG00000111837",0
"ENSG00000111846",0
"ENSG00000111885",0
"ENSG00000111962",0
"ENSG00000112053",0
"ENSG00000112062",0
"ENSG00000112077",0
"ENSG00000112079",1
"ENSG00000112096",0
"ENSG00000112144",0
"ENSG00000112245",0
"ENSG00000112294",0
"ENSG00000112299",0
"ENSG00000112303",0
"ENSG00000112304",2
"ENSG00000112309",0
"ENSG00000112319",0
"ENSG00000112337",0
"ENSG00000112367",1
"ENSG00000112394",0
"ENSG00000112425",0
"ENSG00000112499",0
"ENSG00000112541",0
"ENSG00000112655",0
"ENSG00000112679",1
"ENSG00000112695",3
"ENSG00000112699",0
"ENSG00000112739",1
"ENSG00000112742",0
"ENSG00000112759",0
"ENSG00000112874",0
"ENSG00000112893",1
"ENSG00000112941",1
"ENSG00000112972",0
"ENSG00000112981",0
"ENSG00000112992",0
"ENSG00000113073",0
"ENSG00000113161",0
"ENSG00000113163",1
"ENSG00000113231",0
"ENSG00000113240",0
"ENSG00000113263",1
"ENSG00000113273",0
"ENSG00000113356",0
"ENSG00000113396",0
"ENSG00000113407",0
"ENSG00000113448",0
"ENSG00000113456",0
"ENSG00000113492",0
"ENSG00000113504",0
"ENSG00000113532",0
"ENSG00000113552",2
"ENSG00000113569",0
"ENSG00000113575",1
"ENSG00000113643",1
"ENSG00000113657",0
"ENSG00000113712",1
"ENSG00000113721",0
"ENSG00000113732",1
"ENSG00000113790",0
"ENSG00000113924",0
"ENSG00000114021",3
"ENSG00000114054",0
"ENSG00000114113",0
"ENSG00000114115",0
"ENSG00000114200",0
"ENSG00000114268",0
"ENSG00000114302",1
"ENSG00000114378",0
"ENSG00000114480",0
"ENSG00000114491",1
"ENSG00000114573",2
"ENSG00000114670",0
"ENSG00000114738",1
"ENSG00000114739",0
"ENSG00000114770",0
"ENSG00000114771",0
"ENSG00000114786",0
"ENSG00000114805",0
"ENSG00000114902",3
"ENSG00000114904",0
"ENSG00000114923",0
"ENSG00000114956",2
"ENSG00000115020",0
"ENSG00000115085",1
"ENSG00000115159",1
"ENSG00000115170",0
"ENSG00000115241",1
"ENSG00000115252",0
"ENSG00000115275",0
"ENSG00000115286",1
"ENSG00000115339",0
"ENSG00000115350",1
"ENSG00000115361",0
"ENSG00000115419",3
"ENSG00000115421",0
"ENSG00000115425",1
"ENSG00000115488",0
"ENSG00000115525",0
"ENSG00000115526",0
"ENSG00000115556",0
"ENSG00000115616",0
"ENSG00000115652",2
"ENSG00000115657",0
"ENSG00000115661",0
"ENSG00000115665",0
"ENSG00000115677",0
"ENSG00000115687",0
"ENSG00000115694",0
"ENSG00000115705",0
"ENSG00000115758",1
"ENSG00000115825",0
"ENSG00000115840",1
"ENSG00000115850",0
"ENSG00000115866",1
"ENSG00000115884",0
"ENSG00000115896",0
"ENSG00000115902",0
"ENSG00000115919",0
"ENSG00000115977",0
"ENSG00000116039",0
"ENSG00000116096",0
"ENSG00000116106",0
"ENSG00000116120",0
"ENSG00000116133",0
"ENSG00000116141",0
"ENSG00000116157",0
"ENSG00000116171",3
"ENSG00000116199",1
"ENSG00000116337",2
"ENSG00000116353",0
"ENSG00000116459",3
"ENSG00000116539",1
"ENSG00000116649",3
"ENSG00000116675",0
"ENSG00000116704",0
"ENSG00000116711",0
"ENSG00000116745",0
"ENSG00000116748",0
"ENSG00000116761",0
"ENSG00000116771",0
"ENSG00000116783",0
"ENSG00000116791",0
"ENSG00000116882",0
"ENSG00000116906",1
"ENSG00000116981",0
"ENSG00000116984",0
"ENSG00000117009",0
"ENSG00000117020",0
"ENSG00000117054",2
"ENSG00000117069",0
"ENSG00000117115",0
"ENSG00000117118",3
"ENSG00000117143",1
"ENSG00000117215",0
"ENSG00000117266",0
"ENSG00000117305",2
"ENSG00000117308",0
"ENSG00000117394",0
"ENSG00000117410",1
"ENSG00000117411",0
"ENSG00000117448",3
"ENSG00000117450",3
"ENSG00000117461",0
"ENSG00000117479",0
"ENSG00000117480",0
"ENSG00000117528",0
"ENSG00000117592",3
"ENSG00000117594",0
"ENSG00000117598",0
"ENSG00000117600",0
"ENSG00000117620",1
"ENSG00000117643",0
"ENSG00000117650",0
"ENSG00000117676",1
"ENSG00000117682",0
"ENSG00000117834",0
"ENSG00000117984",0
"ENSG00000118017",0
"ENSG00000118046",0
"ENSG00000118058",0
"ENSG00000118094",0
"ENSG00000118137",0
"ENSG00000118160",0
"ENSG00000118276",0
"ENSG00000118298",0
"ENSG00000118363",3
"ENSG00000118402",0
"ENSG00000118515",0
"ENSG00000118520",0
"ENSG00000118596",1
"ENSG00000118705",1
"ENSG00000118777",0
"ENSG00000119013",3
"ENSG00000119121",0
"ENSG00000119125",0
"ENSG00000119227",0
"ENSG00000119392",0
"ENSG00000119408",0
"ENSG00000119414",1
"ENSG00000119421",3
"ENSG00000119514",0
"ENSG00000119523",1
"ENSG00000119537",0
"ENSG00000119638",0
"ENSG00000119640",1
"ENSG00000119673",1
"ENSG00000119689",3
"ENSG00000119711",2
"ENSG00000119723",0
"ENSG00000119899",0
"ENSG00000119915",0
"ENSG00000119927",0
"ENSG00000119938",0
"ENSG00000120053",3
"ENSG00000120129",1
"ENSG00000120137",0
"ENSG00000120156",0
"ENSG00000120253",0
"ENSG00000120254",0
"ENSG00000120329",0
"ENSG00000120437",3
"ENSG00000120539",0
"ENSG00000120563",0
"ENSG00000120697",1
"ENSG00000120820",0
"ENSG00000120875",0
"ENSG00000120899",0
"ENSG00000120910",1
"ENSG00000120915",0
"ENSG00000120992",0
"ENSG00000121039",0
"ENSG00000121053",0
"ENSG00000121207",0
"ENSG00000121270",0
"ENSG00000121281",1
"ENSG00000121310",1
"ENSG00000121361",0
"ENSG00000121578",0
"ENSG00000121579",0
"ENSG00000121691",2
"ENSG00000121769",0
"ENSG00000121851",1
"ENSG00000121879",0
"ENSG00000121900",0
"ENSG00000121989",0
"ENSG00000122008",0
"ENSG00000122025",0
"ENSG00000122126",0
"ENSG00000122194",0
"ENSG00000122218",0
"ENSG00000122254",0
"ENSG00000122390",0
"ENSG00000122484",0
"ENSG00000122643",1
"ENSG00000122678",0
"ENSG00000122729",1
"ENSG00000122787",0
"ENSG00000122824",0
"ENSG00000122863",0
"ENSG00000122884",1
"ENSG00000122912",0
"ENSG00000122966",0
"ENSG00000122971",2
"ENSG00000123130",0
"ENSG00000123143",0
"ENSG00000123360",0
"ENSG00000123374",0
"ENSG00000123453",0
"ENSG00000123454",0
"ENSG00000123505",1
"ENSG00000123612",0
"ENSG00000123643",0
"ENSG00000123684",0
"ENSG00000123689",0
"ENSG00000123739",0
"ENSG00000123836",0
"ENSG00000123983",0
"ENSG00000123989",0
"ENSG00000124003",0
"ENSG00000124006",0
"ENSG00000124067",0
"ENSG00000124091",0
"ENSG00000124140",0
"ENSG00000124155",2
"ENSG00000124164",0
"ENSG00000124172",1
"ENSG00000124181",0
"ENSG00000124212",0
"ENSG00000124253",0
"ENSG00000124299",1
"ENSG00000124302",0
"ENSG00000124357",2
"ENSG00000124370",0
"ENSG00000124406",0
"ENSG00000124523",0
"ENSG00000124564",0
"ENSG00000124568",0
"ENSG00000124596",1
"ENSG00000124713",0
"ENSG00000124767",3
"ENSG00000124784",1
"ENSG00000124789",1
"ENSG00000125166",3
"ENSG00000125246",0
"ENSG00000125255",0
"ENSG00000125257",0
"ENSG00000125356",1
"ENSG00000125430",0
"ENSG00000125450",1
"ENSG00000125454",0
"ENSG00000125458",0
"ENSG00000125505",0
"ENSG00000125508",0
"ENSG00000125630",0
"ENSG00000125651",1
"ENSG00000125772",1
"ENSG00000125779",0
"ENSG00000125834",0
"ENSG00000125877",3
"ENSG00000126088",0
"ENSG00000126091",0
"ENSG00000126264",1
"ENSG00000126267",3
"ENSG00000126432",1
"ENSG00000126522",0
"ENSG00000126562",0
"ENSG00000126583",0
"ENSG00000126821",1
"ENSG00000126883",0
"ENSG00000126934",0
"ENSG00000127080",0
"ENSG00000127125",1
"ENSG00000127184",3
"ENSG00000127329",0
"ENSG00000127334",1
"ENSG00000127415",0
"ENSG00000127472",0
"ENSG00000127540",1
"ENSG00000127564",0
"ENSG00000127884",3
"ENSG00000127947",0
"ENSG00000127952",0
"ENSG00000128039",0
"ENSG00000128050",2
"ENSG00000128052",0
"ENSG00000128059",0
"ENSG00000128242",0
"ENSG00000128268",0
"ENSG00000128274",0
"ENSG00000128309",0
"ENSG00000128311",0
"ENSG00000128524",2
"ENSG00000128609",2
"ENSG00000128655",0
"ENSG00000128683",0
"ENSG00000128829",0
"ENSG00000128918",0
"ENSG00000128928",2
"ENSG00000128951",3
"ENSG00000129083",1
"ENSG00000129128",3
"ENSG00000129151",0
"ENSG00000129167",0
"ENSG00000129187",1
"ENSG00000129219",0
"ENSG00000129244",0
"ENSG00000129353",1
"ENSG00000129465",0
"ENSG00000129467",0
"ENSG00000129562",1
"ENSG00000129596",0
"ENSG00000129673",0
"ENSG00000129744",0
"ENSG00000129951",0
"ENSG00000130005",0
"ENSG00000130035",0
"ENSG00000130052",0
"ENSG00000130066",1
"ENSG00000130164",0
"ENSG00000130175",1
"ENSG00000130203",0
"ENSG00000130208",0
"ENSG00000130227",0
"ENSG00000130234",0
"ENSG00000130304",0
"ENSG00000130313",2
"ENSG00000130377",0
"ENSG00000130383",0
"ENSG00000130413",0
"ENSG00000130414",2
"ENSG00000130508",0
"ENSG00000130540",0
"ENSG00000130649",0
"ENSG00000130653",0
"ENSG00000130669",0
"ENSG00000130707",0
"ENSG00000130717",0
"ENSG00000130758",0
"ENSG00000130821",0
"ENSG00000130822",0
"ENSG00000130829",0
"ENSG00000130876",0
"ENSG00000130948",0
"ENSG00000130957",0
"ENSG00000130958",0
"ENSG00000130988",0
"ENSG00000130997",0
"ENSG00000131023",0
"ENSG00000131055",0
"ENSG00000131067",0
"ENSG00000131069",0
"ENSG00000131100",3
"ENSG00000131143",3
"ENSG00000131174",1
"ENSG00000131183",0
"ENSG00000131203",0
"ENSG00000131238",2
"ENSG00000131373",1
"ENSG00000131386",0
"ENSG00000131389",1
"ENSG00000131400",0
"ENSG00000131446",0
"ENSG00000131459",0
"ENSG00000131471",0
"ENSG00000131473",3
"ENSG00000131480",0
"ENSG00000131482",0
"ENSG00000131495",3
"ENSG00000131686",0
"ENSG00000131730",0
"ENSG00000131748",1
"ENSG00000131771",0
"ENSG00000131791",0
"ENSG00000131828",3
"ENSG00000131844",1
"ENSG00000131873",2
"ENSG00000131979",2
"ENSG00000132155",1
"ENSG00000132164",0
"ENSG00000132182",1
"ENSG00000132196",1
"ENSG00000132323",1
"ENSG00000132330",0
"ENSG00000132334",0
"ENSG00000132356",0
"ENSG00000132376",0
"ENSG00000132382",0
"ENSG00000132423",0
"ENSG00000132437",0
"ENSG00000132517",0
"ENSG00000132518",0
"ENSG00000132570",0
"ENSG00000132664",0
"ENSG00000132670",0
"ENSG00000132677",0
"ENSG00000132681",0
"ENSG00000132744",0
"ENSG00000132746",0
"ENSG00000132793",0
"ENSG00000132837",0
"ENSG00000132840",0
"ENSG00000132874",0
"ENSG00000132915",0
"ENSG00000132958",0
"ENSG00000132964",0
"ENSG00000133027",0
"ENSG00000133048",0
"ENSG00000133056",1
"ENSG00000133059",0
"ENSG00000133063",0
"ENSG00000133083",0
"ENSG00000133116",0
"ENSG00000133121",0
"ENSG00000133216",0
"ENSG00000133247",0
"ENSG00000133256",0
"ENSG00000133275",1
"ENSG00000133313",2
"ENSG00000133315",0
"ENSG00000133328",0
"ENSG00000133433",0
"ENSG00000133460",0
"ENSG00000133475",0
"ENSG00000133706",1
"ENSG00000133731",2
"ENSG00000133742",0
"ENSG00000133805",0
"ENSG00000133835",1
"ENSG00000133878",0
"ENSG00000134013",0
"ENSG00000134058",1
"ENSG00000134070",0
"ENSG00000134072",0
"ENSG00000134184",0
"ENSG00000134201",0
"ENSG00000134202",0
"ENSG00000134216",0
"ENSG00000134240",0
"ENSG00000134242",0
"ENSG00000134255",0
"ENSG00000134294",2
"ENSG00000134318",0
"ENSG00000134324",1
"ENSG00000134326",0
"ENSG00000134333",1
"ENSG00000134398",0
"ENSG00000134440",1
"ENSG00000134538",0
"ENSG00000134575",0
"ENSG00000134602",1
"ENSG00000134684",1
"ENSG00000134716",0
"ENSG00000134744",0
"ENSG00000134780",0
"ENSG00000134812",0
"ENSG00000134824",0
"ENSG00000134853",0
"ENSG00000134864",0
"ENSG00000134882",1
"ENSG00000134910",1
"ENSG00000135002",0
"ENSG00000135047",0
"ENSG00000135069",0
"ENSG00000135090",1
"ENSG00000135094",0
"ENSG00000135218",0
"ENSG00000135220",0
"ENSG00000135226",0
"ENSG00000135241",1
"ENSG00000135250",1
"ENSG00000135318",0
"ENSG00000135333",0
"ENSG00000135341",1
"ENSG00000135372",1
"ENSG00000135390",1
"ENSG00000135409",0
"ENSG00000135423",0
"ENSG00000135437",0
"ENSG00000135446",0
"ENSG00000135447",0
"ENSG00000135454",0
"ENSG00000135503",0
"ENSG00000135587",0
"ENSG00000135605",0
"ENSG00000135677",0
"ENSG00000135697",0
"ENSG00000135702",0
"ENSG00000135740",0
"ENSG00000135778",0
"ENSG00000135821",0
"ENSG00000135838",0
"ENSG00000135845",0
"ENSG00000135917",0
"ENSG00000135929",0
"ENSG00000135940",3
"ENSG00000136010",0
"ENSG00000136098",0
"ENSG00000136143",2
"ENSG00000136169",0
"ENSG00000136213",0
"ENSG00000136243",0
"ENSG00000136247",0
"ENSG00000136267",0
"ENSG00000136371",0
"ENSG00000136381",0
"ENSG00000136521",2
"ENSG00000136542",0
"ENSG00000136573",0
"ENSG00000136628",1
"ENSG00000136643",0
"ENSG00000136699",1
"ENSG00000136720",0
"ENSG00000136731",2
"ENSG00000136750",0
"ENSG00000136807",0
"ENSG00000136810",1
"ENSG00000136840",0
"ENSG00000136856",0
"ENSG00000136872",0
"ENSG00000136877",0
"ENSG00000136881",0
"ENSG00000136888",2
"ENSG00000136908",0
"ENSG00000136943",0
"ENSG00000137054",1
"ENSG00000137106",3
"ENSG00000137124",0
"ENSG00000137193",1
"ENSG00000137198",0
"ENSG00000137204",0
"ENSG00000137261",0
"ENSG00000137275",0
"ENSG00000137392",0
"ENSG00000137491",0
"ENSG00000137496",0
"ENSG00000137563",0
"ENSG00000137601",0
"ENSG00000137700",0
"ENSG00000137713",0
"ENSG00000137731",0
"ENSG00000137764",0
"ENSG00000137770",2
"ENSG00000137825",0
"ENSG00000137841",0
"ENSG00000137843",0
"ENSG00000137857",0
"ENSG00000137860",0
"ENSG00000137868",0
"ENSG00000137869",0
"ENSG00000137944",1
"ENSG00000137968",0
"ENSG00000137992",1
"ENSG00000138018",0
"ENSG00000138029",3
"ENSG00000138030",0
"ENSG00000138031",0
"ENSG00000138032",0
"ENSG00000138061",0
"ENSG00000138074",0
"ENSG00000138075",0
"ENSG00000138079",0
"ENSG00000138109",0
"ENSG00000138115",0
"ENSG00000138135",0
"ENSG00000138166",0
"ENSG00000138185",0
"ENSG00000138193",0
"ENSG00000138207",0
"ENSG00000138308",0
"ENSG00000138356",0
"ENSG00000138363",3
"ENSG00000138395",0
"ENSG00000138400",0
"ENSG00000138413",1
"ENSG00000138449",0
"ENSG00000138604",0
"ENSG00000138621",0
"ENSG00000138641",0
"ENSG00000138653",0
"ENSG00000138669",0
"ENSG00000138678",0
"ENSG00000138696",0
"ENSG00000138735",0
"ENSG00000138744",1
"ENSG00000138750",1
"ENSG00000138756",0
"ENSG00000138769",0
"ENSG00000138777",2
"ENSG00000138796",2
"ENSG00000138801",1
"ENSG00000138814",1
"ENSG00000138821",0
"ENSG00000138823",0
"ENSG00000139044",0
"ENSG00000139053",1
"ENSG00000139133",0
"ENSG00000139144",0
"ENSG00000139151",0
"ENSG00000139155",0
"ENSG00000139163",0
"ENSG00000139180",2
"ENSG00000139209",0
"ENSG00000139278",1
"ENSG00000139287",0
"ENSG00000139304",0
"ENSG00000139318",0
"ENSG00000139344",0
"ENSG00000139370",0
"ENSG00000139410",0
"ENSG00000139428",0
"ENSG00000139433",1
"ENSG00000139496",0
"ENSG00000139505",1
"ENSG00000139514",0
"ENSG00000139531",0
"ENSG00000139540",0
"ENSG00000139547",0
"ENSG00000139567",0
"ENSG00000139624",0
"ENSG00000139625",0
"ENSG00000139629",0
"ENSG00000139631",0
"ENSG00000139684",3
"ENSG00000139718",2
"ENSG00000139908",0
"ENSG00000139914",0
"ENSG00000139988",0
"ENSG00000140057",0
"ENSG00000140090",0
"ENSG00000140105",1
"ENSG00000140199",0
"ENSG00000140263",0
"ENSG00000140279",0
"ENSG00000140284",0
"ENSG00000140287",0
"ENSG00000140297",0
"ENSG00000140374",0
"ENSG00000140400",0
"ENSG00000140443",0
"ENSG00000140459",0
"ENSG00000140465",0
"ENSG00000140474",0
"ENSG00000140505",0
"ENSG00000140519",0
"ENSG00000140521",0
"ENSG00000140522",0
"ENSG00000140538",0
"ENSG00000140598",0
"ENSG00000140612",3
"ENSG00000140650",1
"ENSG00000140675",0
"ENSG00000140740",3
"ENSG00000140795",0
"ENSG00000140835",0
"ENSG00000140905",0
"ENSG00000140990",3
"ENSG00000140992",0
"ENSG00000141012",0
"ENSG00000141096",0
"ENSG00000141179",0
"ENSG00000141279",1
"ENSG00000141298",0
"ENSG00000141338",0
"ENSG00000141349",0
"ENSG00000141401",0
"ENSG00000141424",1
"ENSG00000141429",2
"ENSG00000141446",1
"ENSG00000141458",0
"ENSG00000141469",0
"ENSG00000141485",0
"ENSG00000141503",0
"ENSG00000141504",1
"ENSG00000141506",1
"ENSG00000141526",1
"ENSG00000141551",0
"ENSG00000141560",1
"ENSG00000141639",0
"ENSG00000141698",0
"ENSG00000141736",0
"ENSG00000141744",0
"ENSG00000141873",0
"ENSG00000141934",0
"ENSG00000141959",2
"ENSG00000142046",0
"ENSG00000142082",0
"ENSG00000142102",1
"ENSG00000142149",0
"ENSG00000142168",3
"ENSG00000142185",0
"ENSG00000142208",0
"ENSG00000142235",0
"ENSG00000142319",0
"ENSG00000142494",0
"ENSG00000142513",0
"ENSG00000142583",0
"ENSG00000142619",0
"ENSG00000142623",0
"ENSG00000142627",0
"ENSG00000142657",2
"ENSG00000142731",0
"ENSG00000142733",0
"ENSG00000142798",0
"ENSG00000142875",1
"ENSG00000142892",0
"ENSG00000142920",0
"ENSG00000142949",0
"ENSG00000142973",0
"ENSG00000143036",0
"ENSG00000143149",3
"ENSG00000143153",0
"ENSG00000143156",0
"ENSG00000143158",2
"ENSG00000143179",0
"ENSG00000143198",2
"ENSG00000143199",0
"ENSG00000143224",1
"ENSG00000143252",2
"ENSG00000143315",0
"ENSG00000143322",0
"ENSG00000143344",0
"ENSG00000143363",0
"ENSG00000143379",0
"ENSG00000143387",0
"ENSG00000143393",0
"ENSG00000143398",0
"ENSG00000143418",1
"ENSG00000143479",0
"ENSG00000143507",0
"ENSG00000143515",1
"ENSG00000143552",0
"ENSG00000143554",0
"ENSG00000143570",0
"ENSG00000143595",0
"ENSG00000143627",0
"ENSG00000143630",0
"ENSG00000143641",0
"ENSG00000143653",0
"ENSG00000143674",0
"ENSG00000143727",0
"ENSG00000143753",1
"ENSG00000143772",1
"ENSG00000143774",3
"ENSG00000143776",0
"ENSG00000143797",0
"ENSG00000143811",1
"ENSG00000143815",3
"ENSG00000143819",0
"ENSG00000143845",0
"ENSG00000143851",0
"ENSG00000143882",0
"ENSG00000143891",1
"ENSG00000143921",0
"ENSG00000143933",1
"ENSG00000144035",0
"ENSG00000144048",2
"ENSG00000144057",0
"ENSG00000144136",1
"ENSG00000144182",0
"ENSG00000144231",0
"ENSG00000144278",0
"ENSG00000144290",0
"ENSG00000144362",0
"ENSG00000144579",1
"ENSG00000144591",0
"ENSG00000144659",1
"ENSG00000144677",0
"ENSG00000144724",0
"ENSG00000144741",1
"ENSG00000144843",0
"ENSG00000144908",0
"ENSG00000145020",0
"ENSG00000145214",0
"ENSG00000145217",0
"ENSG00000145242",0
"ENSG00000145283",0
"ENSG00000145284",0
"ENSG00000145293",1
"ENSG00000145321",0
"ENSG00000145337",1
"ENSG00000145349",1
"ENSG00000145384",0
"ENSG00000145391",0
"ENSG00000145439",0
"ENSG00000145476",0
"ENSG00000145494",3
"ENSG00000145545",0
"ENSG00000145626",0
"ENSG00000145632",0
"ENSG00000145675",1
"ENSG00000145692",0
"ENSG00000145725",2
"ENSG00000145949",0
"ENSG00000146039",0
"ENSG00000146066",1
"ENSG00000146070",0
"ENSG00000146072",0
"ENSG00000146085",1
"ENSG00000146151",0
"ENSG00000146166",0
"ENSG00000146233",0
"ENSG00000146411",0
"ENSG00000146426",0
"ENSG00000146477",0
"ENSG00000146587",0
"ENSG00000146648",0
"ENSG00000146701",3
"ENSG00000146733",0
"ENSG00000146872",0
"ENSG00000146904",0
"ENSG00000147003",0
"ENSG00000147044",0
"ENSG00000147100",0
"ENSG00000147119",0
"ENSG00000147123",2
"ENSG00000147133",1
"ENSG00000147155",2
"ENSG00000147162",1
"ENSG00000147224",3
"ENSG00000147383",1
"ENSG00000147408",0
"ENSG00000147416",3
"ENSG00000147454",0
"ENSG00000147465",0
"ENSG00000147471",2
"ENSG00000147485",0
"ENSG00000147535",0
"ENSG00000147548",1
"ENSG00000147576",0
"ENSG00000147606",0
"ENSG00000147613",0
"ENSG00000147614",0
"ENSG00000147647",0
"ENSG00000147669",1
"ENSG00000147684",3
"ENSG00000147804",0
"ENSG00000147813",0
"ENSG00000147853",3
"ENSG00000147872",1
"ENSG00000148053",0
"ENSG00000148090",1
"ENSG00000148154",1
"ENSG00000148218",0
"ENSG00000148229",1
"ENSG00000148288",0
"ENSG00000148334",0
"ENSG00000148344",0
"ENSG00000148377",0
"ENSG00000148384",0
"ENSG00000148459",0
"ENSG00000148606",0
"ENSG00000148660",0
"ENSG00000148672",3
"ENSG00000148795",0
"ENSG00000148834",1
"ENSG00000148942",0
"ENSG00000149016",0
"ENSG00000149084",1
"ENSG00000149089",0
"ENSG00000149091",0
"ENSG00000149124",0
"ENSG00000149150",0
"ENSG00000149177",0
"ENSG00000149269",0
"ENSG00000149311",0
"ENSG00000149313",1
"ENSG00000149380",0
"ENSG00000149435",0
"ENSG00000149452",0
"ENSG00000149476",1
"ENSG00000149485",0
"ENSG00000149527",0
"ENSG00000149541",1
"ENSG00000149554",0
"ENSG00000149599",0
"ENSG00000149742",0
"ENSG00000149782",0
"ENSG00000149809",0
"ENSG00000149923",1
"ENSG00000149925",0
"ENSG00000149930",0
"ENSG00000150457",0
"ENSG00000150540",0
"ENSG00000150656",0
"ENSG00000150712",0
"ENSG00000150768",2
"ENSG00000150787",1
"ENSG00000150867",3
"ENSG00000151005",0
"ENSG00000151012",0
"ENSG00000151093",0
"ENSG00000151116",0
"ENSG00000151151",0
"ENSG00000151224",0
"ENSG00000151229",0
"ENSG00000151292",1
"ENSG00000151348",0
"ENSG00000151366",2
"ENSG00000151376",0
"ENSG00000151414",1
"ENSG00000151418",0
"ENSG00000151422",0
"ENSG00000151490",0
"ENSG00000151498",0
"ENSG00000151552",3
"ENSG00000151611",1
"ENSG00000151632",0
"ENSG00000151665",0
"ENSG00000151689",1
"ENSG00000151726",0
"ENSG00000151729",0
"ENSG00000151790",0
"ENSG00000152104",0
"ENSG00000152127",0
"ENSG00000152234",3
"ENSG00000152254",0
"ENSG00000152256",0
"ENSG00000152270",0
"ENSG00000152332",1
"ENSG00000152402",0
"ENSG00000152455",0
"ENSG00000152463",0
"ENSG00000152495",0
"ENSG00000152556",0
"ENSG00000152620",0
"ENSG00000152642",0
"ENSG00000152779",0
"ENSG00000152782",0
"ENSG00000152894",0
"ENSG00000152904",0
"ENSG00000152953",0
"ENSG00000153086",0
"ENSG00000153201",1
"ENSG00000153207",0
"ENSG00000153208",0
"ENSG00000153233",0
"ENSG00000153291",0
"ENSG00000153395",1
"ENSG00000153574",1
"ENSG00000153707",0
"ENSG00000153786",1
"ENSG00000153933",1
"ENSG00000153936",0
"ENSG00000153976",0
"ENSG00000154025",0
"ENSG00000154027",0
"ENSG00000154080",0
"ENSG00000154227",0
"ENSG00000154229",0
"ENSG00000154237",0
"ENSG00000154252",0
"ENSG00000154269",0
"ENSG00000154305",1
"ENSG00000154310",0
"ENSG00000154330",0
"ENSG00000154415",0
"ENSG00000154518",1
"ENSG00000154678",0
"ENSG00000154723",3
"ENSG00000154822",0
"ENSG00000154928",0
"ENSG00000154930",2
"ENSG00000155016",0
"ENSG00000155085",0
"ENSG00000155093",0
"ENSG00000155097",0
"ENSG00000155099",0
"ENSG00000155111",0
"ENSG00000155189",1
"ENSG00000155252",1
"ENSG00000155287",1
"ENSG00000155368",3
"ENSG00000155380",1
"ENSG00000155465",0
"ENSG00000155561",0
"ENSG00000155657",0
"ENSG00000155850",0
"ENSG00000155886",0
"ENSG00000155893",0
"ENSG00000155897",0
"ENSG00000156096",0
"ENSG00000156110",2
"ENSG00000156136",3
"ENSG00000156194",0
"ENSG00000156219",0
"ENSG00000156222",0
"ENSG00000156345",0
"ENSG00000156411",1
"ENSG00000156413",0
"ENSG00000156467",1
"ENSG00000156471",1
"ENSG00000156475",0
"ENSG00000156508",1
"ENSG00000156510",0
"ENSG00000156515",3
"ENSG00000156599",1
"ENSG00000156689",0
"ENSG00000156711",0
"ENSG00000156795",0
"ENSG00000156873",0
"ENSG00000156885",0
"ENSG00000156958",0
"ENSG00000156966",0
"ENSG00000156970",0
"ENSG00000156973",1
"ENSG00000157020",1
"ENSG00000157045",0
"ENSG00000157064",0
"ENSG00000157087",0
"ENSG00000157103",0
"ENSG00000157106",0
"ENSG00000157184",0
"ENSG00000157326",1
"ENSG00000157349",0
"ENSG00000157350",0
"ENSG00000157353",0
"ENSG00000157399",0
"ENSG00000157404",0
"ENSG00000157426",0
"ENSG00000157540",0
"ENSG00000157593",2
"ENSG00000157680",0
"ENSG00000157764",0
"ENSG00000157765",0
"ENSG00000157881",1
"ENSG00000158006",0
"ENSG00000158008",0
"ENSG00000158019",1
"ENSG00000158050",1
"ENSG00000158079",0
"ENSG00000158089",0
"ENSG00000158104",0
"ENSG00000158125",0
"ENSG00000158161",0
"ENSG00000158296",0
"ENSG00000158402",0
"ENSG00000158467",0
"ENSG00000158470",0
"ENSG00000158516",0
"ENSG00000158525",0
"ENSG00000158571",0
"ENSG00000158578",0
"ENSG00000158623",0
"ENSG00000158669",1
"ENSG00000158716",0
"ENSG00000158786",0
"ENSG00000158825",0
"ENSG00000158828",0
"ENSG00000158850",0
"ENSG00000158864",3
"ENSG00000158865",0
"ENSG00000158874",0
"ENSG00000159063",1
"ENSG00000159082",0
"ENSG00000159131",2
"ENSG00000159199",1
"ENSG00000159228",2
"ENSG00000159231",0
"ENSG00000159267",0
"ENSG00000159322",1
"ENSG00000159337",0
"ENSG00000159339",0
"ENSG00000159348",1
"ENSG00000159398",0
"ENSG00000159399",0
"ENSG00000159423",0
"ENSG00000159433",0
"ENSG00000159593",1
"ENSG00000159640",0
"ENSG00000159650",0
"ENSG00000159692",1
"ENSG00000159714",0
"ENSG00000159720",0
"ENSG00000159792",0
"ENSG00000159899",0
"ENSG00000159921",0
"ENSG00000160014",1
"ENSG00000160075",1
"ENSG00000160145",0
"ENSG00000160179",0
"ENSG00000160190",0
"ENSG00000160191",0
"ENSG00000160194",0
"ENSG00000160200",0
"ENSG00000160209",1
"ENSG00000160211",1
"ENSG00000160216",0
"ENSG00000160226",0
"ENSG00000160282",0
"ENSG00000160285",0
"ENSG00000160326",0
"ENSG00000160408",0
"ENSG00000160439",0
"ENSG00000160446",0
"ENSG00000160447",0
"ENSG00000160469",0
"ENSG00000160471",0
"ENSG00000160539",0
"ENSG00000160551",0
"ENSG00000160584",1
"ENSG00000160602",0
"ENSG00000160688",0
"ENSG00000160752",3
"ENSG00000160867",0
"ENSG00000160868",0
"ENSG00000160870",0
"ENSG00000160882",0
"ENSG00000160883",0
"ENSG00000161013",0
"ENSG00000161217",0
"ENSG00000161267",1
"ENSG00000161281",0
"ENSG00000161533",0
"ENSG00000161653",0
"ENSG00000161714",0
"ENSG00000161798",0
"ENSG00000161860",0
"ENSG00000161896",0
"ENSG00000161905",0
"ENSG00000161980",0
"ENSG00000162040",0
"ENSG00000162066",0
"ENSG00000162104",0
"ENSG00000162139",0
"ENSG00000162174",0
"ENSG00000162302",0
"ENSG00000162365",0
"ENSG00000162368",3
"ENSG00000162383",0
"ENSG00000162390",0
"ENSG00000162407",0
"ENSG00000162408",1
"ENSG00000162409",0
"ENSG00000162433",0
"ENSG00000162434",1
"ENSG00000162482",0
"ENSG00000162496",1
"ENSG00000162526",0
"ENSG00000162551",0
"ENSG00000162630",0
"ENSG00000162688",0
"ENSG00000162694",0
"ENSG00000162733",0
"ENSG00000162813",2
"ENSG00000162836",0
"ENSG00000162882",0
"ENSG00000162885",0
"ENSG00000162889",0
"ENSG00000162999",0
"ENSG00000163002",1
"ENSG00000163082",0
"ENSG00000163106",0
"ENSG00000163114",0
"ENSG00000163131",1
"ENSG00000163281",1
"ENSG00000163283",0
"ENSG00000163286",0
"ENSG00000163295",0
"ENSG00000163344",3
"ENSG00000163349",0
"ENSG00000163352",0
"ENSG00000163389",2
"ENSG00000163393",0
"ENSG00000163399",3
"ENSG00000163406",0
"ENSG00000163482",0
"ENSG00000163513",1
"ENSG00000163521",0
"ENSG00000163527",1
"ENSG00000163541",2
"ENSG00000163545",0
"ENSG00000163558",0
"ENSG00000163581",0
"ENSG00000163586",0
"ENSG00000163590",0
"ENSG00000163624",0
"ENSG00000163629",0
"ENSG00000163631",0
"ENSG00000163644",0
"ENSG00000163655",2
"ENSG00000163684",0
"ENSG00000163686",0
"ENSG00000163719",1
"ENSG00000163738",0
"ENSG00000163754",3
"ENSG00000163755",0
"ENSG00000163785",0
"ENSG00000163788",1
"ENSG00000163803",0
"ENSG00000163812",0
"ENSG00000163817",0
"ENSG00000163864",0
"ENSG00000163882",0
"ENSG00000163902",0
"ENSG00000163931",2
"ENSG00000163932",0
"ENSG00000163958",0
"ENSG00000163959",0
"ENSG00000163964",1
"ENSG00000164023",0
"ENSG00000164039",0
"ENSG00000164045",0
"ENSG00000164053",0
"ENSG00000164068",0
"ENSG00000164078",0
"ENSG00000164086",0
"ENSG00000164088",1
"ENSG00000164089",0
"ENSG00000164100",0
"ENSG00000164116",0
"ENSG00000164120",0
"ENSG00000164181",0
"ENSG00000164211",0
"ENSG00000164258",3
"ENSG00000164294",0
"ENSG00000164303",0
"ENSG00000164329",1
"ENSG00000164332",1
"ENSG00000164347",0
"ENSG00000164363",0
"ENSG00000164398",0
"ENSG00000164405",3
"ENSG00000164414",2
"ENSG00000164434",0
"ENSG00000164466",1
"ENSG00000164494",0
"ENSG00000164535",0
"ENSG00000164543",1
"ENSG00000164574",0
"ENSG00000164638",0
"ENSG00000164687",3
"ENSG00000164707",0
"ENSG00000164708",0
"ENSG00000164715",0
"ENSG00000164733",0
"ENSG00000164742",0
"ENSG00000164776",0
"ENSG00000164867",0
"ENSG00000164879",0
"ENSG00000164885",0
"ENSG00000164889",1
"ENSG00000164896",1
"ENSG00000164904",0
"ENSG00000164919",3
"ENSG00000164951",1
"ENSG00000165025",0
"ENSG00000165029",0
"ENSG00000165059",0
"ENSG00000165060",0
"ENSG00000165078",0
"ENSG00000165092",0
"ENSG00000165102",0
"ENSG00000165140",0
"ENSG00000165195",0
"ENSG00000165238",0
"ENSG00000165264",2
"ENSG00000165269",0
"ENSG00000165272",0
"ENSG00000165282",1
"ENSG00000165304",0
"ENSG00000165349",0
"ENSG00000165434",0
"ENSG00000165449",0
"ENSG00000165457",0
"ENSG00000165458",0
"ENSG00000165475",0
"ENSG00000165591",0
"ENSG00000165609",3
"ENSG00000165629",3
"ENSG00000165646",0
"ENSG00000165671",0
"ENSG00000165672",3
"ENSG00000165688",3
"ENSG00000165695",0
"ENSG00000165704",3
"ENSG00000165731",0
"ENSG00000165752",0
"ENSG00000165782",1
"ENSG00000165794",0
"ENSG00000165841",0
"ENSG00000165970",0
"ENSG00000165996",0
"ENSG00000166016",0
"ENSG00000166035",0
"ENSG00000166123",0
"ENSG00000166126",0
"ENSG00000166136",1
"ENSG00000166165",0
"ENSG00000166169",0
"ENSG00000166183",0
"ENSG00000166224",1
"ENSG00000166228",0
"ENSG00000166262",0
"ENSG00000166311",0
"ENSG00000166333",1
"ENSG00000166340",3
"ENSG00000166391",0
"ENSG00000166394",0
"ENSG00000166411",2
"ENSG00000166428",0
"ENSG00000166483",0
"ENSG00000166484",0
"ENSG00000166501",1
"ENSG00000166507",0
"ENSG00000166548",0
"ENSG00000166562",1
"ENSG00000166741",0
"ENSG00000166743",0
"ENSG00000166747",1
"ENSG00000166796",0
"ENSG00000166800",0
"ENSG00000166816",0
"ENSG00000166819",0
"ENSG00000166821",0
"ENSG00000166825",0
"ENSG00000166840",0
"ENSG00000166851",0
"ENSG00000166908",1
"ENSG00000166986",1
"ENSG00000167011",0
"ENSG00000167065",0
"ENSG00000167080",0
"ENSG00000167103",0
"ENSG00000167107",0
"ENSG00000167114",0
"ENSG00000167130",0
"ENSG00000167165",0
"ENSG00000167186",1
"ENSG00000167258",0
"ENSG00000167261",0
"ENSG00000167280",0
"ENSG00000167283",3
"ENSG00000167306",0
"ENSG00000167311",0
"ENSG00000167315",0
"ENSG00000167325",2
"ENSG00000167363",0
"ENSG00000167393",0
"ENSG00000167419",0
"ENSG00000167434",0
"ENSG00000167468",3
"ENSG00000167508",1
"ENSG00000167531",0
"ENSG00000167548",0
"ENSG00000167580",0
"ENSG00000167588",0
"ENSG00000167600",0
"ENSG00000167601",0
"ENSG00000167657",0
"ENSG00000167658",1
"ENSG00000167676",0
"ENSG00000167699",1
"ENSG00000167701",0
"ENSG00000167703",0
"ENSG00000167720",0
"ENSG00000167733",0
"ENSG00000167741",0
"ENSG00000167769",0
"ENSG00000167772",0
"ENSG00000167778",1
"ENSG00000167780",0
"ENSG00000167792",3
"ENSG00000167815",3
"ENSG00000167863",3
"ENSG00000167889",0
"ENSG00000167900",0
"ENSG00000167910",0
"ENSG00000167969",1
"ENSG00000167972",0
"ENSG00000167996",1
"ENSG00000168000",0
"ENSG00000168002",1
"ENSG00000168003",2
"ENSG00000168032",0
"ENSG00000168038",0
"ENSG00000168065",0
"ENSG00000168067",0
"ENSG00000168078",0
"ENSG00000168092",3
"ENSG00000168237",0
"ENSG00000168282",0
"ENSG00000168291",3
"ENSG00000168306",0
"ENSG00000168350",0
"ENSG00000168393",2
"ENSG00000168404",0
"ENSG00000168487",0
"ENSG00000168495",0
"ENSG00000168575",0
"ENSG00000168653",3
"ENSG00000168671",0
"ENSG00000168679",0
"ENSG00000168710",1
"ENSG00000168748",0
"ENSG00000168765",0
"ENSG00000168781",0
"ENSG00000168827",0
"ENSG00000168906",3
"ENSG00000168907",0
"ENSG00000168918",2
"ENSG00000168970",0
"ENSG00000169020",3
"ENSG00000169021",3
"ENSG00000169032",1
"ENSG00000169071",0
"ENSG00000169100",3
"ENSG00000169105",0
"ENSG00000169118",0
"ENSG00000169154",0
"ENSG00000169169",0
"ENSG00000169180",1
"ENSG00000169239",0
"ENSG00000169255",0
"ENSG00000169299",2
"ENSG00000169302",0
"ENSG00000169359",0
"ENSG00000169398",0
"ENSG00000169410",0
"ENSG00000169418",0
"ENSG00000169660",0
"ENSG00000169679",0
"ENSG00000169692",0
"ENSG00000169710",0
"ENSG00000169738",3
"ENSG00000169764",0
"ENSG00000169814",0
"ENSG00000169826",2
"ENSG00000169919",2
"ENSG00000169967",0
"ENSG00000170145",0
"ENSG00000170190",0
"ENSG00000170191",0
"ENSG00000170222",0
"ENSG00000170231",0
"ENSG00000170266",0
"ENSG00000170271",0
"ENSG00000170312",0
"ENSG00000170323",0
"ENSG00000170324",0
"ENSG00000170340",1
"ENSG00000170364",1
"ENSG00000170385",0
"ENSG00000170390",0
"ENSG00000170426",0
"ENSG00000170445",1
"ENSG00000170482",0
"ENSG00000170485",0
"ENSG00000170502",0
"ENSG00000170516",0
"ENSG00000170522",0
"ENSG00000170525",0
"ENSG00000170634",0
"ENSG00000170734",0
"ENSG00000170786",0
"ENSG00000170835",0
"ENSG00000170836",0
"ENSG00000170890",0
"ENSG00000170899",0
"ENSG00000170906",2
"ENSG00000170950",0
"ENSG00000170961",0
"ENSG00000171004",0
"ENSG00000171094",0
"ENSG00000171097",0
"ENSG00000171100",0
"ENSG00000171105",0
"ENSG00000171124",0
"ENSG00000171132",0
"ENSG00000171155",0
"ENSG00000171174",0
"ENSG00000171219",0
"ENSG00000171234",0
"ENSG00000171298",0
"ENSG00000171302",0
"ENSG00000171307",0
"ENSG00000171310",0
"ENSG00000171314",3
"ENSG00000171320",0
"ENSG00000171408",0
"ENSG00000171453",1
"ENSG00000171503",0
"ENSG00000171560",0
"ENSG00000171608",1
"ENSG00000171759",0
"ENSG00000171766",0
"ENSG00000171793",1
"ENSG00000171848",0
"ENSG00000171862",1
"ENSG00000171885",0
"ENSG00000171903",0
"ENSG00000171954",0
"ENSG00000171989",0
"ENSG00000172053",1
"ENSG00000172071",1
"ENSG00000172113",1
"ENSG00000172197",0
"ENSG00000172236",0
"ENSG00000172264",0
"ENSG00000172269",0
"ENSG00000172292",0
"ENSG00000172296",0
"ENSG00000172315",0
"ENSG00000172318",0
"ENSG00000172331",0
"ENSG00000172339",0
"ENSG00000172340",2
"ENSG00000172345",0
"ENSG00000172456",0
"ENSG00000172461",0
"ENSG00000172482",0
"ENSG00000172497",0
"ENSG00000172508",0
"ENSG00000172531",1
"ENSG00000172543",1
"ENSG00000172572",0
"ENSG00000172613",0
"ENSG00000172680",0
"ENSG00000172728",0
"ENSG00000172782",0
"ENSG00000172817",0
"ENSG00000172828",0
"ENSG00000172830",0
"ENSG00000172831",0
"ENSG00000172840",0
"ENSG00000172890",0
"ENSG00000172893",1
"ENSG00000172939",1
"ENSG00000172940",0
"ENSG00000172954",1
"ENSG00000172955",0
"ENSG00000172987",0
"ENSG00000173083",0
"ENSG00000173085",0
"ENSG00000173175",0
"ENSG00000173208",0
"ENSG00000173221",3
"ENSG00000173262",0
"ENSG00000173281",0
"ENSG00000173327",0
"ENSG00000173418",1
"ENSG00000173482",0
"ENSG00000173517",0
"ENSG00000173540",1
"ENSG00000173597",0
"ENSG00000173598",0
"ENSG00000173599",0
"ENSG00000173610",0
"ENSG00000173614",0
"ENSG00000173627",0
"ENSG00000173638",0
"ENSG00000173660",3
"ENSG00000173786",0
"ENSG00000173846",1
"ENSG00000173868",0
"ENSG00000173915",1
"ENSG00000174080",0
"ENSG00000174156",0
"ENSG00000174165",0
"ENSG00000174227",0
"ENSG00000174233",0
"ENSG00000174292",0
"ENSG00000174327",0
"ENSG00000174358",0
"ENSG00000174437",0
"ENSG00000174448",0
"ENSG00000174473",0
"ENSG00000174502",0
"ENSG00000174607",0
"ENSG00000174640",0
"ENSG00000174669",0
"ENSG00000174672",0
"ENSG00000174684",0
"ENSG00000174876",0
"ENSG00000174886",2
"ENSG00000174915",0
"ENSG00000174951",0
"ENSG00000174990",0
"ENSG00000175003",0
"ENSG00000175040",0
"ENSG00000175048",0
"ENSG00000175054",0
"ENSG00000175066",0
"ENSG00000175164",0
"ENSG00000175175",0
"ENSG00000175198",0
"ENSG00000175215",0
"ENSG00000175229",0
"ENSG00000175264",0
"ENSG00000175283",0
"ENSG00000175309",1
"ENSG00000175354",1
"ENSG00000175445",0
"ENSG00000175482",0
"ENSG00000175505",0
"ENSG00000175535",0
"ENSG00000175548",0
"ENSG00000175564",0
"ENSG00000175567",0
"ENSG00000175592",0
"ENSG00000175634",0
"ENSG00000175711",0
"ENSG00000175893",0
"ENSG00000176020",0
"ENSG00000176022",0
"ENSG00000176095",1
"ENSG00000176105",0
"ENSG00000176153",0
"ENSG00000176170",0
"ENSG00000176194",0
"ENSG00000176340",1
"ENSG00000176383",0
"ENSG00000176387",0
"ENSG00000176393",0
"ENSG00000176444",1
"ENSG00000176454",0
"ENSG00000176463",0
"ENSG00000176485",0
"ENSG00000176597",0
"ENSG00000176715",0
"ENSG00000176890",0
"ENSG00000176920",0
"ENSG00000176928",0
"ENSG00000176974",0
"ENSG00000177000",0
"ENSG00000177054",0
"ENSG00000177076",0
"ENSG00000177084",0
"ENSG00000177108",0
"ENSG00000177156",3
"ENSG00000177169",0
"ENSG00000177189",1
"ENSG00000177191",0
"ENSG00000177239",0
"ENSG00000177465",0
"ENSG00000177542",1
"ENSG00000177628",0
"ENSG00000177646",1
"ENSG00000177666",0
"ENSG00000177669",0
"ENSG00000177700",1
"ENSG00000178035",3
"ENSG00000178093",0
"ENSG00000178127",3
"ENSG00000178234",1
"ENSG00000178445",0
"ENSG00000178537",2
"ENSG00000178538",0
"ENSG00000178568",0
"ENSG00000178607",0
"ENSG00000178700",0
"ENSG00000178741",3
"ENSG00000178773",0
"ENSG00000178802",0
"ENSG00000178814",0
"ENSG00000178921",1
"ENSG00000178950",1
"ENSG00000178952",1
"ENSG00000178999",0
"ENSG00000179085",0
"ENSG00000179091",3
"ENSG00000179115",0
"ENSG00000179142",0
"ENSG00000179148",0
"ENSG00000179163",1
"ENSG00000179295",0
"ENSG00000179335",0
"ENSG00000179477",0
"ENSG00000179520",0
"ENSG00000179593",0
"ENSG00000179598",0
"ENSG00000179761",0
"ENSG00000179913",0
"ENSG00000179958",2
"ENSG00000180011",0
"ENSG00000180138",0
"ENSG00000180176",0
"ENSG00000180210",0
"ENSG00000180251",0
"ENSG00000180370",1
"ENSG00000180432",0
"ENSG00000180549",0
"ENSG00000180638",0
"ENSG00000180767",0
"ENSG00000180773",0
"ENSG00000180776",1
"ENSG00000180815",0
"ENSG00000180817",3
"ENSG00000180879",1
"ENSG00000180953",0
"ENSG00000181019",0
"ENSG00000181035",0
"ENSG00000181045",1
"ENSG00000181085",0
"ENSG00000181090",0
"ENSG00000181192",0
"ENSG00000181222",0
"ENSG00000181409",0
"ENSG00000181523",0
"ENSG00000181555",1
"ENSG00000181652",0
"ENSG00000181789",1
"ENSG00000181804",0
"ENSG00000181830",0
"ENSG00000181856",0
"ENSG00000181867",0
"ENSG00000181915",0
"ENSG00000182022",0
"ENSG00000182050",0
"ENSG00000182054",3
"ENSG00000182156",0
"ENSG00000182197",0
"ENSG00000182199",3
"ENSG00000182224",0
"ENSG00000182272",0
"ENSG00000182333",0
"ENSG00000182511",0
"ENSG00000182541",0
"ENSG00000182551",0
"ENSG00000182578",0
"ENSG00000182580",0
"ENSG00000182591",0
"ENSG00000182601",0
"ENSG00000182621",0
"ENSG00000182793",0
"ENSG00000182858",0
"ENSG00000182866",1
"ENSG00000182870",0
"ENSG00000182890",1
"ENSG00000182902",0
"ENSG00000183010",0
"ENSG00000183023",0
"ENSG00000183032",0
"ENSG00000183044",0
"ENSG00000183048",0
"ENSG00000183049",0
"ENSG00000183077",0
"ENSG00000183196",0
"ENSG00000183305",0
"ENSG00000183317",0
"ENSG00000183421",0
"ENSG00000183479",0
"ENSG00000183549",0
"ENSG00000183648",2
"ENSG00000183696",2
"ENSG00000183735",1
"ENSG00000183747",0
"ENSG00000183760",0
"ENSG00000183765",0
"ENSG00000183778",0
"ENSG00000183828",0
"ENSG00000183921",0
"ENSG00000183943",1
"ENSG00000183955",0
"ENSG00000184005",0
"ENSG00000184007",1
"ENSG00000184076",3
"ENSG00000184154",0
"ENSG00000184203",1
"ENSG00000184210",0
"ENSG00000184216",1
"ENSG00000184227",0
"ENSG00000184254",0
"ENSG00000184304",0
"ENSG00000184307",0
"ENSG00000184343",0
"ENSG00000184381",0
"ENSG00000184432",1
"ENSG00000184470",0
"ENSG00000184489",0
"ENSG00000184545",0
"ENSG00000184588",1
"ENSG00000184752",3
"ENSG00000184788",0
"ENSG00000184860",0
"ENSG00000184983",3
"ENSG00000184999",0
"ENSG00000185000",0
"ENSG00000185013",0
"ENSG00000185015",0
"ENSG00000185052",0
"ENSG00000185100",0
"ENSG00000185133",0
"ENSG00000185274",0
"ENSG00000185324",0
"ENSG00000185344",0
"ENSG00000185352",0
"ENSG00000185386",0
"ENSG00000185420",1
"ENSG00000185483",0
"ENSG00000185527",0
"ENSG00000185532",0
"ENSG00000185615",0
"ENSG00000185803",0
"ENSG00000185808",0
"ENSG00000185813",1
"ENSG00000185818",0
"ENSG00000185825",1
"ENSG00000185875",0
"ENSG00000185883",1
"ENSG00000185973",0
"ENSG00000186009",0
"ENSG00000186010",3
"ENSG00000186104",0
"ENSG00000186111",0
"ENSG00000186115",0
"ENSG00000186141",0
"ENSG00000186153",0
"ENSG00000186160",0
"ENSG00000186184",1
"ENSG00000186198",0
"ENSG00000186204",0
"ENSG00000186281",0
"ENSG00000186298",1
"ENSG00000186334",0
"ENSG00000186335",0
"ENSG00000186377",0
"ENSG00000186526",0
"ENSG00000186529",0
"ENSG00000186642",0
"ENSG00000186716",0
"ENSG00000186792",0
"ENSG00000186908",0
"ENSG00000187021",0
"ENSG00000187048",0
"ENSG00000187091",0
"ENSG00000187097",0
"ENSG00000187134",0
"ENSG00000187210",0
"ENSG00000187486",0
"ENSG00000187531",1
"ENSG00000187581",0
"ENSG00000187630",0
"ENSG00000187676",1
"ENSG00000187714",0
"ENSG00000187733",0
"ENSG00000187758",0
"ENSG00000187980",0
"ENSG00000188089",0
"ENSG00000188130",0
"ENSG00000188167",0
"ENSG00000188191",0
"ENSG00000188257",0
"ENSG00000188266",0
"ENSG00000188322",0
"ENSG00000188338",0
"ENSG00000188386",0
"ENSG00000188467",0
"ENSG00000188542",0
"ENSG00000188611",0
"ENSG00000188641",0
"ENSG00000188676",0
"ENSG00000188687",0
"ENSG00000188690",1
"ENSG00000188706",0
"ENSG00000188716",0
"ENSG00000188784",0
"ENSG00000188818",0
"ENSG00000188833",0
"ENSG00000188906",0
"ENSG00000188921",0
"ENSG00000189037",0
"ENSG00000189043",3
"ENSG00000189221",0
"ENSG00000189366",0
"ENSG00000196090",0
"ENSG00000196136",0
"ENSG00000196139",0
"ENSG00000196177",2
"ENSG00000196188",0
"ENSG00000196296",0
"ENSG00000196305",1
"ENSG00000196313",1
"ENSG00000196335",0
"ENSG00000196344",0
"ENSG00000196368",0
"ENSG00000196371",0
"ENSG00000196396",1
"ENSG00000196411",0
"ENSG00000196433",0
"ENSG00000196455",0
"ENSG00000196475",0
"ENSG00000196502",0
"ENSG00000196511",0
"ENSG00000196517",0
"ENSG00000196547",0
"ENSG00000196616",0
"ENSG00000196620",0
"ENSG00000196632",0
"ENSG00000196730",0
"ENSG00000196743",1
"ENSG00000196839",3
"ENSG00000196950",0
"ENSG00000196968",0
"ENSG00000197093",0
"ENSG00000197119",0
"ENSG00000197121",0
"ENSG00000197122",0
"ENSG00000197142",1
"ENSG00000197165",0
"ENSG00000197168",0
"ENSG00000197208",0
"ENSG00000197217",0
"ENSG00000197241",0
"ENSG00000197249",0
"ENSG00000197253",0
"ENSG00000197296",0
"ENSG00000197355",0
"ENSG00000197375",0
"ENSG00000197406",0
"ENSG00000197408",0
"ENSG00000197416",0
"ENSG00000197442",0
"ENSG00000197444",0
"ENSG00000197446",0
"ENSG00000197448",1
"ENSG00000197496",0
"ENSG00000197506",0
"ENSG00000197563",0
"ENSG00000197580",0
"ENSG00000197586",0
"ENSG00000197594",0
"ENSG00000197601",0
"ENSG00000197713",0
"ENSG00000197746",3
"ENSG00000197763",0
"ENSG00000197838",0
"ENSG00000197858",1
"ENSG00000197888",0
"ENSG00000197891",0
"ENSG00000197894",2
"ENSG00000197901",0
"ENSG00000197943",1
"ENSG00000197959",0
"ENSG00000197977",0
"ENSG00000198001",0
"ENSG00000198074",0
"ENSG00000198075",0
"ENSG00000198077",0
"ENSG00000198088",0
"ENSG00000198099",0
"ENSG00000198108",0
"ENSG00000198130",2
"ENSG00000198162",0
"ENSG00000198189",2
"ENSG00000198203",0
"ENSG00000198246",0
"ENSG00000198276",1
"ENSG00000198355",1
"ENSG00000198380",1
"ENSG00000198400",0
"ENSG00000198431",3
"ENSG00000198488",0
"ENSG00000198569",0
"ENSG00000198586",0
"ENSG00000198610",0
"ENSG00000198648",0
"ENSG00000198650",0
"ENSG00000198668",1
"ENSG00000198682",0
"ENSG00000198691",0
"ENSG00000198695",2
"ENSG00000198704",0
"ENSG00000198712",3
"ENSG00000198721",0
"ENSG00000198727",2
"ENSG00000198743",0
"ENSG00000198752",0
"ENSG00000198753",0
"ENSG00000198754",0
"ENSG00000198763",1
"ENSG00000198786",2
"ENSG00000198804",1
"ENSG00000198805",2
"ENSG00000198814",0
"ENSG00000198825",1
"ENSG00000198840",1
"ENSG00000198842",0
"ENSG00000198848",0
"ENSG00000198881",0
"ENSG00000198886",1
"ENSG00000198888",1
"ENSG00000198899",1
"ENSG00000198909",1
"ENSG00000198910",0
"ENSG00000198931",3
"ENSG00000198938",1
"ENSG00000198951",0
"ENSG00000198964",0
"ENSG00000203797",0
"ENSG00000203805",0
"ENSG00000203837",0
"ENSG00000203857",0
"ENSG00000203859",0
"ENSG00000203972",0
"ENSG00000204007",0
"ENSG00000204084",0
"ENSG00000204099",0
"ENSG00000204160",0
"ENSG00000204217",0
"ENSG00000204228",0
"ENSG00000204310",0
"ENSG00000204344",0
"ENSG00000204370",2
"ENSG00000204371",0
"ENSG00000204385",0
"ENSG00000204386",1
"ENSG00000204394",0
"ENSG00000204435",1
"ENSG00000204580",0
"ENSG00000205060",0
"ENSG00000205111",0
"ENSG00000205186",0
"ENSG00000205268",1
"ENSG00000205301",0
"ENSG00000205309",0
"ENSG00000205560",0
"ENSG00000205669",0
"ENSG00000205678",0
"ENSG00000205808",0
"ENSG00000205923",0
"ENSG00000206077",0
"ENSG00000206190",0
"ENSG00000206203",0
"ENSG00000206527",1
"ENSG00000211445",0
"ENSG00000211448",0
"ENSG00000211452",0
"ENSG00000211455",0
"ENSG00000211456",3
"ENSG00000212122",0
"ENSG00000212907",1
"ENSG00000213024",0
"ENSG00000213160",0
"ENSG00000213316",0
"ENSG00000213341",0
"ENSG00000213366",0
"ENSG00000213398",0
"ENSG00000213614",0
"ENSG00000213619",3
"ENSG00000213639",1
"ENSG00000213648",0
"ENSG00000213689",0
"ENSG00000213759",0
"ENSG00000213760",0
"ENSG00000213920",0
"ENSG00000213923",0
"ENSG00000213930",0
"ENSG00000214013",0
"ENSG00000214102",0
"ENSG00000214160",0
"ENSG00000214530",0
"ENSG00000215009",0
"ENSG00000215883",0
"ENSG00000218823",0
"ENSG00000221823",1
"ENSG00000221914",0
"ENSG00000221968",0
"ENSG00000221988",0
"ENSG00000223572",0
"ENSG00000223802",0
"ENSG00000224586",0
"ENSG00000225697",0
"ENSG00000226784",1
"ENSG00000227471",0
"ENSG00000228253",1
"ENSG00000228716",1
"ENSG00000228727",0
"ENSG00000229894",0
"ENSG00000229937",0
"ENSG00000231852",0
"ENSG00000233276",3
"ENSG00000234906",0
"ENSG00000235376",0
"ENSG00000235863",0
"ENSG00000237172",0
"ENSG00000237289",0
"ENSG00000237763",0
"ENSG00000238205",0
"ENSG00000239642",0
"ENSG00000239672",2
"ENSG00000239900",3
"ENSG00000240038",0
"ENSG00000240224",0
"ENSG00000240303",0
"ENSG00000240583",0
"ENSG00000240857",1
"ENSG00000240891",0
"ENSG00000241119",0
"ENSG00000241258",0
"ENSG00000241343",0
"ENSG00000241360",0
"ENSG00000241404",0
"ENSG00000241468",0
"ENSG00000241635",0
"ENSG00000241837",3
"ENSG00000241878",1
"ENSG00000241935",0
"ENSG00000241973",0
"ENSG00000242110",0
"ENSG00000242366",0
"ENSG00000242515",0
"ENSG00000242612",0
"ENSG00000243135",0
"ENSG00000243477",0
"ENSG00000243480",0
"ENSG00000243678",0
"ENSG00000243708",0
"ENSG00000243709",0
"ENSG00000243955",0
"ENSG00000243989",0
"ENSG00000244038",1
"ENSG00000244067",0
"ENSG00000244122",0
"ENSG00000244474",0
"ENSG00000244486",0
"ENSG00000247077",0
"ENSG00000248098",0
"ENSG00000248099",0
"ENSG00000248144",0
"ENSG00000248333",1
"ENSG00000249853",0
"ENSG00000249948",0
"ENSG00000250506",0
"ENSG00000250565",0
"ENSG00000250741",0
"ENSG00000250799",0
"ENSG00000251287",0
"ENSG00000253710",0
"ENSG00000253729",1
"ENSG00000254087",0
"ENSG00000254505",0
"ENSG00000254685",0
"ENSG00000255072",0
"ENSG00000255974",0
"ENSG00000256043",0
"ENSG00000256269",0
"ENSG00000256525",0
"ENSG00000256870",0
"ENSG00000257335",0
"ENSG00000257594",0
"ENSG00000259030",0
"ENSG00000259075",0
"ENSG00000259431",0
"ENSG00000259916",0
"ENSG00000261052",1
"ENSG00000263528",1
"ENSG00000265203",0
"ENSG00000266200",0
"ENSG00000268104",0
"ENSG00000268606",0
"ENSG00000272325",0
"ENSG00000272333",0
"ENSG00000272916",0
"ENSG00000273841",1
"ENSG00000274252",0
"ENSG00000274391",0
"ENSG00000274588",0
"ENSG00000275183",0
"ENSG00000275342",0
"ENSG00000276023",0
"ENSG00000276231",0
"ENSG00000276293",0
"ENSG00000276747",0
"ENSG00000277161",0
"ENSG00000277494",0
"ENSG00000277893",0
"ENSG00000278540",0
"ENSG00000281028",0
"ENSG00000282301",0
"ENSG00000284844",0
"ENSG00000285043",0
"ENSG00000285269",0
"ENSG00000285441",0
