"","Transcriptomics","Proteomics","Final"
"314",1,NA,0
"26",0,0,0
"8639",0,NA,0
"1591",0,NA,0
"1594",0,0,0
"10993",0,0,0
"6818",0,1,0
"89874",0,NA,0
"3945",2,2,2
"3948",0,NA,0
"55293",1,0,0
"160287",0,NA,0
"92483",0,NA,0
"3939",2,0,1
"9194",0,1,0
"6566",1,0,0
"9123",0,1,0
"57835",1,NA,0
"8671",0,0,0
"1738",2,2,2
"4967",2,2,2
"1743",2,2,2
"8050",1,1,1
"128",2,2,2
"137872",1,NA,0
"130",0,NA,0
"127",0,1,0
"131",0,NA,0
"126",0,NA,0
"124",0,NA,0
"125",0,NA,0
"1312",1,2,2
"117247",0,0,0
"220",0,NA,0
"221",0,0,0
"218",0,NA,0
"222",0,NA,0
"3242",0,NA,0
"18",0,1,0
"2531",1,0,0
"23498",0,0,0
"55268",1,1,1
"883",1,0,0
"51166",0,NA,0
"1644",0,NA,0
"4128",0,1,0
"4129",0,0,0
"8604",0,1,0
"10165",0,1,0
"2572",0,NA,0
"2571",0,NA,0
"51380",0,NA,0
"2805",2,2,2
"2806",2,2,2
"8659",1,1,1
"6817",0,1,0
"6799",1,NA,0
"6822",0,NA,0
"6573",0,0,0
"316",0,NA,0
"6570",0,NA,0
"6571",0,0,0
"2348",0,NA,0
"2352",0,0,0
"4125",1,1,1
"53947",0,NA,0
"51146",0,NA,0
"28",0,NA,0
"206358",0,0,0
"6538",0,NA,0
"6529",0,NA,0
"6539",0,0,0
"6540",0,NA,0
"3032",2,2,2
"10449",1,0,0
"38",1,0,0
"3030",2,2,2
"39",2,2,2
"30",1,2,2
"32",0,NA,0
"9197",1,1,1
"79611",0,NA,0
"84532",2,1,2
"64841",1,1,1
"55577",1,2,2
"5238",1,1,1
"9487",1,NA,0
"162417",0,NA,0
"43",0,NA,0
"6572",0,NA,0
"47",2,2,2
"54187",1,2,2
"26503",0,0,0
"54",1,1,1
"140838",1,0,0
"51205",0,1,0
"36",1,1,1
"34",2,2,2
"35",1,2,2
"84129",1,NA,0
"28976",1,1,1
"80724",1,1,1
"27034",0,1,0
"3712",1,2,2
"134526",0,NA,0
"51",0,1,0
"95",1,1,1
"50",2,2,2
"48",1,1,1
"8309",0,NA,0
"52",2,0,1
"55",0,0,0
"788",1,2,2
"55902",0,1,0
"65985",0,0,0
"438",0,NA,0
"1571",0,NA,0
"100",1,2,2
"3177",0,NA,0
"205",0,1,0
"204",2,2,2
"26289",0,1,0
"50808",2,2,2
"262",2,0,1
"113",2,1,2
"109",0,NA,0
"115",0,NA,0
"112",0,0,0
"107",0,NA,0
"114",0,NA,0
"55811",0,NA,0
"196883",0,NA,0
"111",0,NA,0
"108",0,NA,0
"2030",0,0,0
"9154",0,NA,0
"64078",0,0,0
"9153",0,NA,0
"55315",1,0,0
"11164",2,2,2
"952",0,1,0
"1375",0,NA,0
"1374",0,1,0
"126129",0,NA,0
"1376",1,1,1
"9061",2,1,2
"9060",1,1,1
"158",1,2,2
"10331",0,NA,0
"374907",0,2,1
"10678",2,0,1
"79369",1,NA,0
"11041",1,0,0
"93010",0,NA,0
"79814",1,1,1
"56894",1,1,1
"10555",1,1,1
"137964",2,0,1
"56895",1,1,1
"55326",1,0,0
"129642",0,0,0
"64850",0,NA,0
"64902",0,NA,0
"189",0,NA,0
"3074",2,1,2
"3073",1,1,1
"10606",1,2,2
"8402",1,2,2
"1468",0,0,0
"64849",0,NA,0
"1645",1,0,0
"1109",0,NA,0
"6718",0,0,0
"6510",1,1,1
"6509",1,1,1
"56301",0,NA,0
"6520",2,2,2
"211",1,0,0
"23464",0,0,0
"212",0,NA,0
"59272",0,NA,0
"6542",0,NA,0
"6541",1,1,1
"84889",0,NA,0
"54407",2,0,1
"81539",2,0,1
"340024",0,NA,0
"11254",0,NA,0
"57393",0,NA,0
"55089",0,NA,0
"2875",0,NA,0
"84706",0,0,0
"92745",0,1,0
"10991",0,NA,0
"284273",0,1,0
"10327",2,2,2
"8854",0,0,0
"224",0,1,0
"223",2,2,2
"216",0,1,0
"501",0,1,0
"217",0,1,0
"219",1,1,1
"239",0,0,0
"247",0,0,0
"246",0,1,0
"231",2,2,2
"8574",1,2,2
"23600",0,1,0
"115286",2,0,1
"271",1,1,1
"272",0,0,0
"270",0,NA,0
"290",0,1,0
"278",0,NA,0
"277",0,0,0
"279",0,0,0
"280",0,0,0
"6519",0,NA,0
"276",0,0,0
"11136",0,NA,0
"10998",1,NA,0
"113451",0,NA,0
"9057",2,1,2
"384",1,1,1
"445",0,0,0
"83884",0,NA,0
"10166",1,0,0
"410",1,1,1
"427",1,1,1
"9963",0,NA,0
"9962",0,NA,0
"80150",0,0,0
"440",2,1,2
"790",1,0,0
"6505",0,NA,0
"6512",0,NA,0
"6511",0,NA,0
"6507",0,0,0
"6506",0,0,0
"9296",2,1,2
"51606",2,1,2
"533",2,NA,1
"90423",1,0,0
"528",1,0,0
"525",1,NA,0
"10312",2,1,2
"127124",0,NA,0
"245973",0,NA,0
"50617",0,NA,0
"9114",0,1,0
"23545",0,1,0
"8992",2,NA,1
"535",1,1,1
"527",2,1,2
"526",2,2,2
"523",1,2,2
"529",2,2,2
"9550",2,2,2
"51382",2,0,1
"245972",0,1,0
"957",1,NA,0
"956",0,NA,0
"955",1,NA,0
"953",0,0,0
"954",0,NA,0
"377841",0,NA,0
"293",2,2,2
"291",0,1,0
"292",2,2,2
"4126",1,1,1
"8706",0,NA,0
"10317",0,NA,0
"84002",0,NA,0
"3141",0,0,0
"140679",0,NA,0
"8424",0,NA,0
"53630",0,NA,0
"635",0,0,0
"23743",0,NA,0
"10599",0,NA,0
"1244",1,NA,0
"8714",0,1,0
"28234",0,NA,0
"645",0,2,1
"644",1,1,1
"9488",1,0,0
"10380",1,2,2
"686",0,1,0
"8884",1,0,0
"80704",0,NA,0
"51733",0,NA,0
"7108",0,0,0
"50814",0,1,0
"3295",1,0,0
"6307",2,1,2
"493",2,1,2
"492",0,0,0
"491",0,NA,0
"490",2,1,2
"847",2,2,2
"6543",0,NA,0
"6547",0,NA,0
"6546",0,0,0
"166785",0,1,0
"2538",0,NA,0
"92579",0,1,0
"1373",0,0,0
"873",1,2,2
"10423",1,0,0
"8760",2,1,2
"1040",0,NA,0
"56994",0,0,0
"10390",1,1,1
"64781",2,0,1
"10087",2,1,2
"6565",0,NA,0
"9023",0,NA,0
"1103",1,NA,0
"162466",1,0,0
"9468",0,NA,0
"5130",1,0,0
"6579",0,NA,0
"6555",0,NA,0
"6554",0,NA,0
"55349",0,0,0
"1120",0,1,0
"1119",0,NA,0
"60482",0,NA,0
"6582",0,NA,0
"6584",0,NA,0
"6820",0,NA,0
"10948",1,1,1
"19",0,0,0
"1118",1,0,0
"27159",0,NA,0
"54682",0,NA,0
"9058",0,NA,0
"6576",1,2,2
"1159",0,0,0
"548596",0,0,0
"1160",0,NA,0
"1158",0,1,0
"1152",0,0,0
"5172",0,NA,0
"65010",0,NA,0
"54675",1,NA,0
"10559",1,0,0
"55907",2,2,2
"8034",0,1,0
"8824",0,NA,0
"51805",1,1,1
"51004",1,1,1
"10229",0,1,0
"2650",1,0,0
"9245",0,NA,0
"51301",1,0,0
"192134",0,NA,0
"386757",0,NA,0
"6535",0,NA,0
"1384",0,1,0
"6583",0,0,0
"1431",2,2,2
"54677",0,0,0
"8140",2,1,2
"23428",0,NA,0
"1036",0,NA,0
"23657",0,0,0
"57379",0,0,0
"978",0,0,0
"7371",0,1,0
"83549",0,0,0
"51727",2,2,2
"129607",1,0,0
"160851",0,1,0
"8526",1,1,1
"1606",2,2,2
"8527",2,0,0
"1607",0,1,0
"1608",0,2,1
"1609",1,1,1
"8525",0,1,0
"9162",0,NA,0
"1610",0,NA,0
"51022",1,NA,0
"2745",2,2,2
"8528",0,NA,0
"10455",1,1,1
"1632",0,2,1
"1633",2,2,2
"1638",0,NA,0
"6319",1,1,1
"9415",0,0,0
"3992",0,0,0
"8694",1,1,1
"84649",1,0,0
"1716",2,1,2
"6513",1,0,0
"6517",0,NA,0
"6515",2,0,1
"1718",0,1,0
"1581",0,NA,0
"1717",0,1,0
"8560",2,0,1
"123099",0,NA,0
"11309",1,0,0
"6783",0,2,0
"1723",0,1,0
"1809",0,NA,0
"1808",2,2,2
"1807",0,NA,0
"23539",0,NA,0
"2224",2,2,2
"29958",0,NA,0
"60386",0,1,0
"84920",0,1,0
"79087",0,1,0
"26002",0,NA,0
"1621",0,0,0
"7299",0,NA,0
"6530",0,NA,0
"6581",0,NA,0
"669",1,1,1
"5224",0,NA,0
"5223",2,2,2
"4597",1,1,1
"51071",1,0,0
"1806",1,1,1
"7083",0,1,0
"7084",0,1,0
"1854",2,2,2
"3704",2,2,2
"10682",2,1,2
"1892",2,2,2
"549",1,1,1
"1962",0,1,0
"1891",2,0,0
"11001",0,1,0
"28231",0,NA,0
"53919",0,NA,0
"10257",1,0,0
"28232",0,NA,0
"2109",1,2,2
"2108",1,0,0
"2110",1,1,1
"55500",2,1,2
"55224",0,NA,0
"8790",0,1,0
"51086",0,NA,0
"2181",0,1,0
"2180",0,1,0
"2182",1,1,1
"81616",0,NA,0
"51703",2,1,2
"23305",0,0,0
"116285",0,NA,0
"5167",0,0,0
"5169",0,0,0
"6785",0,NA,0
"60481",2,1,2
"54898",0,NA,0
"79071",0,NA,0
"1579",0,NA,0
"2194",1,1,1
"10999",1,1,1
"376497",1,0,0
"230",1,2,2
"226",1,0,0
"229",0,0,0
"5208",0,0,0
"5207",0,NA,0
"2203",1,1,1
"5210",0,0,0
"5209",1,1,1
"8789",0,0,0
"2235",0,0,0
"10840",0,NA,0
"79901",0,0,0
"197258",0,1,0
"125061",0,0,0
"1719",0,1,0
"2356",1,1,1
"155184",0,NA,0
"29988",1,0,0
"66035",0,NA,0
"6518",0,0,0
"6514",0,NA,0
"160428",0,NA,0
"25902",0,1,0
"4522",1,0,0
"2519",1,1,1
"2517",0,0,0
"2184",0,1,0
"2271",1,2,2
"2523",0,NA,0
"2525",0,NA,0
"10690",0,NA,0
"2683",2,1,2
"9334",1,1,1
"8704",0,NA,0
"8703",1,1,1
"2820",0,1,0
"5832",2,2,2
"9563",1,1,1
"2539",0,1,0
"2542",0,0,0
"2593",0,1,0
"9514",0,NA,0
"5476",2,1,2
"2720",1,1,1
"2588",0,1,0
"2581",1,1,1
"2583",0,NA,0
"55454",2,1,2
"55790",2,0,1
"79586",0,2,1
"337876",0,NA,0
"22856",1,0,0
"63917",1,NA,0
"11226",1,1,1
"55568",0,0,0
"2589",2,1,2
"51809",1,1,1
"8693",1,0,0
"2591",0,1,0
"117248",0,NA,0
"26290",0,NA,0
"114805",0,NA,0
"79695",1,NA,0
"50614",1,NA,0
"79623",1,NA,0
"2590",0,1,0
"11227",0,NA,0
"81031",0,NA,0
"126792",0,1,0
"11285",0,1,0
"8972",0,1,0
"175",2,1,2
"26301",1,NA,0
"4329",1,2,2
"7915",1,1,1
"2731",0,0,0
"275",0,0,0
"2653",0,1,0
"2651",0,NA,0
"55343",0,NA,0
"8836",0,1,0
"79017",1,1,1
"8908",0,NA,0
"2992",2,2,2
"2997",0,1,0
"2998",0,NA,0
"2687",0,NA,0
"6472",2,2,2
"6470",0,0,0
"2717",2,1,2
"2632",1,1,1
"2990",2,1,2
"8372",0,1,0
"26035",0,1,0
"54480",2,0,1
"2131",1,0,0
"2132",1,0,0
"27087",1,NA,0
"26229",1,1,1
"135152",0,NA,0
"4669",0,1,0
"64579",0,NA,0
"9348",0,NA,0
"8509",2,1,2
"3340",0,1,0
"2137",0,NA,0
"2135",1,1,1
"2134",0,NA,0
"144195",1,NA,0
"154091",0,NA,0
"11182",1,0,0
"56606",1,0,0
"6523",1,NA,0
"178",1,0,0
"5837",0,NA,0
"5834",1,2,2
"5836",0,1,0
"2729",0,1,0
"2730",0,1,0
"2746",2,2,2
"2747",1,2,2
"10841",0,NA,0
"27165",0,NA,0
"2744",2,2,2
"79751",1,0,0
"83733",0,NA,0
"2639",1,1,1
"57084",0,NA,0
"57030",0,NA,0
"246213",0,NA,0
"51179",0,NA,0
"54363",0,NA,0
"2628",0,0,0
"9380",1,2,2
"2712",0,0,0
"2713",0,NA,0
"2710",0,1,0
"3029",1,1,1
"6536",0,NA,0
"5226",1,2,2
"27232",0,NA,0
"57678",1,NA,0
"80055",0,NA,0
"54965",0,1,0
"93183",0,0,0
"2936",2,0,0
"2876",2,2,2
"7001",2,2,2
"5052",2,2,2
"2879",2,2,2
"2877",0,NA,0
"257202",0,NA,0
"2878",0,2,1
"2882",1,1,1
"10935",2,2,2
"2937",1,2,2
"2678",1,0,0
"2679",0,NA,0
"2983",0,1,0
"4881",0,NA,0
"3000",0,0,0
"2974",0,NA,0
"4882",1,NA,0
"2986",0,NA,0
"2982",0,0,0
"2984",0,NA,0
"2977",0,NA,0
"9615",0,NA,0
"763",0,NA,0
"11238",1,0,0
"23556",0,1,0
"55650",1,NA,0
"53905",1,NA,0
"50506",0,NA,0
"343",0,NA,0
"5281",1,NA,0
"84720",0,1,0
"54872",1,1,1
"80235",0,NA,0
"128869",1,1,1
"10026",1,1,1
"51604",1,1,1
"94005",1,1,1
"8733",1,1,1
"3028",2,2,2
"3033",1,2,2
"3037",0,NA,0
"3038",0,NA,0
"3036",0,NA,0
"27235",0,NA,0
"6522",1,1,1
"83697",0,NA,0
"6521",0,0,0
"6508",0,NA,0
"2645",1,NA,0
"3098",2,2,2
"3099",1,1,1
"80201",0,NA,0
"3101",0,0,0
"3081",0,0,0
"11112",1,2,2
"3067",0,0,0
"496",0,NA,0
"495",0,0,0
"8942",0,1,0
"3157",2,1,2
"3158",0,NA,0
"54511",0,NA,0
"3155",1,1,1
"3162",0,1,0
"26062",0,NA,0
"197257",1,0,0
"6448",1,1,1
"3290",0,0,0
"3291",0,NA,0
"3292",1,NA,0
"3294",0,NA,0
"51478",0,1,0
"3283",0,NA,0
"3284",0,NA,0
"80270",1,0,0
"57026",1,1,1
"3419",1,2,2
"3421",2,2,2
"3420",2,2,2
"3417",0,1,0
"3418",1,2,2
"7173",0,NA,0
"3425",1,1,1
"587",0,2,1
"8501",1,NA,0
"55586",0,NA,0
"114134",0,0,0
"6526",0,0,0
"3422",2,1,2
"91734",0,NA,0
"160728",0,NA,0
"8801",2,2,2
"8802",1,2,2
"8803",1,2,2
"9990",2,1,2
"6560",0,0,0
"57468",0,NA,0
"3795",0,0,0
"84679",1,1,1
"23315",1,NA,0
"8564",0,0,0
"3938",0,NA,0
"53",0,1,0
"3931",1,0,0
"387775",0,NA,0
"124637",0,NA,0
"366",0,0,0
"11283",0,0,0
"4047",0,1,0
"1178",0,1,0
"5321",0,0,0
"29124",0,NA,0
"51268",1,NA,0
"4023",0,0,0
"1056",0,NA,0
"3990",0,NA,0
"80339",0,NA,0
"11343",0,1,0
"50487",0,NA,0
"9227",0,0,0
"6309",0,NA,0
"4048",2,2,2
"4258",1,1,1
"4259",1,2,2
"4056",0,0,0
"2954",1,1,1
"2548",0,1,0
"56922",2,1,2
"64087",1,1,1
"23417",0,1,0
"4357",0,0,0
"4190",2,0,1
"4191",2,2,2
"4200",2,2,2
"4199",0,1,0
"10873",0,0,0
"3620",0,0,0
"1545",0,1,0
"1543",0,0,0
"1557",0,NA,0
"1544",0,NA,0
"27430",2,2,2
"4144",2,2,2
"4143",0,0,0
"4548",2,0,1
"4598",0,0,0
"8867",0,1,0
"3635",2,2,2
"3632",1,0,0
"3636",0,1,0
"27124",1,NA,0
"3633",0,0,0
"56623",0,NA,0
"3628",0,0,0
"3706",0,NA,0
"3707",2,1,2
"80271",1,0,0
"51477",0,0,0
"8821",2,0,0
"3631",2,1,2
"2595",0,1,0
"84693",1,0,0
"4594",1,1,1
"80168",0,NA,0
"116255",0,NA,0
"4507",0,2,1
"10797",2,1,2
"56913",1,0,0
"91703",0,0,0
"443",0,NA,0
"4668",1,0,0
"9498",0,NA,0
"57282",0,0,0
"6528",0,NA,0
"482",0,NA,0
"476",2,2,2
"480",0,NA,0
"483",2,2,2
"23439",0,NA,0
"477",0,1,0
"481",1,1,1
"478",0,0,0
"6549",0,NA,0
"6550",0,NA,0
"6548",1,1,1
"84735",0,1,0
"55748",1,2,2
"6559",0,NA,0
"57419",0,NA,0
"123041",0,NA,0
"9187",0,NA,0
"25769",0,NA,0
"124583",0,1,0
"79077",2,1,2
"9583",2,0,0
"1841",1,2,2
"4832",1,1,1
"4830",0,2,1
"29922",1,1,1
"10201",0,1,0
"4831",0,2,1
"4833",0,0,0
"57127",0,NA,0
"6005",0,0,0
"6557",0,NA,0
"6558",1,1,1
"349565",1,0,0
"64802",0,1,0
"23057",1,NA,0
"10135",2,2,2
"4837",1,NA,0
"5409",0,NA,0
"4843",0,NA,0
"4846",0,NA,0
"4842",0,NA,0
"4860",2,2,2
"6580",0,NA,0
"55808",0,NA,0
"30833",1,1,1
"5251",0,0,0
"56953",1,NA,0
"4907",1,1,1
"6476",0,NA,0
"5009",0,NA,0
"5019",2,2,2
"64064",1,NA,0
"1629",0,1,0
"594",0,1,0
"593",0,1,0
"26873",0,0,0
"4942",2,1,2
"7372",1,0,0
"10861",1,NA,0
"1811",0,NA,0
"1836",1,0,0
"1583",0,0,0
"1584",0,NA,0
"1585",0,NA,0
"1586",0,NA,0
"1588",0,NA,0
"1576",0,NA,0
"1593",0,1,0
"1548",0,NA,0
"1553",0,NA,0
"1562",0,NA,0
"1558",0,NA,0
"1559",0,NA,0
"1565",0,0,0
"1572",0,NA,0
"51302",0,NA,0
"64816",0,NA,0
"1577",0,NA,0
"1551",0,NA,0
"10858",0,NA,0
"66002",1,0,0
"8529",0,NA,0
"4051",0,0,0
"9420",0,0,0
"1582",0,NA,0
"5831",0,0,0
"5050",1,2,2
"5051",0,1,0
"5049",1,2,2
"5048",2,2,2
"7941",0,0,0
"347734",0,1,0
"57194",0,NA,0
"5337",0,0,0
"5338",1,0,0
"130013",0,NA,0
"5091",1,1,1
"5244",0,NA,0
"5136",0,NA,0
"5142",2,NA,1
"5137",0,0,0
"5151",0,NA,0
"50940",0,NA,0
"5139",0,0,0
"5140",2,0,1
"27115",0,NA,0
"5144",0,0,0
"5153",1,NA,0
"5150",2,1,2
"5138",0,0,0
"8622",0,NA,0
"5141",0,0,0
"5143",0,NA,0
"10846",0,NA,0
"5152",0,NA,0
"5148",0,NA,0
"8654",0,0,0
"5145",0,NA,0
"5147",1,1,1
"5146",0,NA,0
"5158",1,NA,0
"5149",0,2,1
"1737",1,2,2
"5162",2,2,2
"5160",2,2,2
"5161",0,NA,0
"55163",1,1,1
"10396",0,1,0
"5105",0,NA,0
"5106",0,0,0
"8310",0,1,0
"5833",1,0,0
"10400",1,NA,0
"26227",0,0,0
"5730",1,2,2
"27306",0,1,0
"9536",0,0,0
"80142",1,1,1
"5740",0,0,0
"114971",1,1,1
"9489",1,1,1
"5743",0,0,0
"5742",0,0,0
"6898",0,NA,0
"5053",0,NA,0
"5264",1,NA,0
"5728",2,0,1
"8871",0,0,0
"8395",0,0,0
"8394",0,1,0
"23396",0,0,0
"5297",2,1,2
"55361",0,1,0
"5298",2,0,1
"5295",2,1,2
"23533",2,1,2
"5290",2,1,2
"5293",2,1,2
"5296",0,NA,0
"8503",1,NA,0
"5291",1,1,1
"5294",1,1,1
"10870",2,0,1
"4952",1,0,0
"23236",0,0,0
"5336",0,0,0
"5335",2,0,1
"5334",0,1,0
"5331",1,1,1
"257068",1,NA,0
"84812",0,NA,0
"5330",0,0,0
"23007",0,NA,0
"51196",0,NA,0
"5332",0,1,0
"113026",1,NA,0
"5333",0,1,0
"89869",0,1,0
"5288",0,NA,0
"5286",0,1,0
"5287",0,1,0
"200576",2,0,1
"5305",2,2,2
"79837",2,0,1
"5289",1,1,1
"5277",0,NA,0
"51227",0,NA,0
"8818",1,NA,0
"9091",0,1,0
"5279",1,NA,0
"5283",1,NA,0
"123745",0,NA,0
"8398",1,0,0
"64600",0,NA,0
"81579",1,NA,0
"100137049",1,NA,0
"5322",0,NA,0
"5320",0,NA,0
"30814",0,NA,0
"26279",0,0,0
"5319",0,NA,0
"10654",1,2,2
"117283",0,NA,0
"9807",1,0,0
"51447",2,NA,1
"8876",0,0,0
"8875",1,0,0
"55350",0,NA,0
"27068",2,2,2
"8613",0,NA,0
"8611",0,0,0
"8612",0,NA,0
"5498",0,1,0
"8288",0,1,0
"9588",2,2,2
"4353",0,0,0
"5625",1,NA,0
"6578",0,NA,0
"23761",1,1,1
"9791",2,1,2
"81490",1,0,0
"10005",1,1,1
"10965",0,1,0
"122970",0,NA,0
"5805",1,NA,0
"6303",2,NA,1
"112483",2,0,0
"8566",0,2,1
"151531",0,NA,0
"7378",2,0,1
"2944",1,1,1
"64080",0,0,0
"5959",0,NA,0
"8608",1,NA,0
"112724",1,1,1
"157506",0,1,0
"51109",2,2,2
"57665",2,1,2
"195814",0,NA,0
"145226",0,NA,0
"50700",0,NA,0
"8228",0,0,0
"113278",0,NA,0
"54981",1,0,0
"6482",1,1,1
"6484",0,0,0
"6483",0,1,0
"10090",1,NA,0
"9653",1,1,1
"3423",1,0,0
"222537",0,NA,0
"9957",0,NA,0
"9951",0,NA,0
"9956",0,NA,0
"9955",0,NA,0
"9953",2,NA,1
"55501",0,0,0
"113189",0,1,0
"50515",1,1,1
"166012",0,NA,0
"411",0,1,0
"23563",0,NA,0
"4166",0,NA,0
"10164",0,NA,0
"9435",0,0,0
"8534",0,NA,0
"9469",0,NA,0
"56548",1,0,0
"266722",0,NA,0
"9394",0,NA,0
"90161",0,NA,0
"2799",1,1,1
"10157",0,1,0
"118881",0,1,0
"3176",0,0,0
"1757",0,1,0
"81537",1,0,0
"6652",0,0,0
"6342",2,2,2
"9056",0,0,0
"55304",0,NA,0
"9517",0,1,0
"10558",2,1,2
"2098",2,2,2
"8879",2,1,2
"8869",0,NA,0
"56848",0,0,0
"8877",0,0,0
"130752",0,NA,0
"339221",0,NA,0
"55627",0,1,0
"55512",1,0,0
"6609",0,1,0
"6610",1,0,0
"259230",1,0,0
"116369",0,NA,0
"115111",0,NA,0
"115019",0,NA,0
"284129",1,NA,0
"26266",0,NA,0
"6646",2,1,2
"6649",0,NA,0
"6648",1,0,0
"6647",2,2,2
"6697",0,1,0
"6723",2,2,2
"6611",2,1,2
"6713",1,1,1
"2222",2,0,1
"6715",1,NA,0
"6716",0,NA,0
"15",0,NA,0
"6532",0,0,0
"6487",0,NA,0
"10402",0,0,0
"10610",0,NA,0
"81849",0,NA,0
"256435",0,NA,0
"30815",1,NA,0
"6489",0,NA,0
"29906",0,NA,0
"412",0,0,0
"6391",0,0,0
"6390",2,2,2
"6392",2,1,2
"6389",1,2,2
"6821",1,0,0
"6533",1,1,1
"5092",1,1,1
"23530",0,0,0
"79178",1,1,1
"6567",0,NA,0
"1890",1,2,2
"55217",0,1,0
"7296",2,2,2
"11181",0,NA,0
"80162",1,1,1
"7166",0,NA,0
"121278",0,NA,0
"169355",0,NA,0
"6999",0,NA,0
"6561",0,NA,0
"6916",0,1,0
"7054",0,NA,0
"7306",0,NA,0
"10020",1,1,1
"29880",2,1,2
"7355",0,NA,0
"7358",1,0,0
"23169",1,1,1
"80146",2,1,2
"5168",0,0,0
"84912",1,NA,0
"3906",0,NA,0
"7357",2,2,2
"11046",0,NA,0
"54576",0,NA,0
"54575",0,NA,0
"54657",0,NA,0
"54659",0,NA,0
"54658",0,NA,0
"54577",0,NA,0
"54600",0,NA,0
"54579",0,NA,0
"54578",0,NA,0
"7364",0,NA,0
"54490",0,NA,0
"7367",0,NA,0
"7365",0,NA,0
"10720",0,NA,0
"7363",0,NA,0
"54963",1,1,1
"7498",0,NA,0
"9942",1,1,1
"64132",1,0,0
"64131",1,0,0
"51181",2,2,2
"64077",0,2,1
"5464",2,2,2
"10724",2,1,2
"94033",0,NA,0
"2495",2,2,2
"1356",0,0,0
"2512",2,0,1
"1727",2,2,2
"51706",1,2,2
"51700",0,1,0
"10587",1,1,1
"80347",2,1,2
"84618",0,NA,0
"22978",1,0,0
"51251",2,1,2
"93034",0,NA,0
"100526794",0,NA,0
"353",2,2,2
"3251",2,2,2
"56954",2,2,2
"5313",0,0,0
"728441",0,NA,0
"124975",0,NA,0
"91227",0,NA,0
"102724197",0,NA,0
"92086",0,NA,0
"2686",1,0,0
"5211",1,2,2
"1491",0,0,0
"2819",1,NA,0
"29925",0,1,0
"29926",1,1,1
"102724560",0,0,0
"875",0,NA,0
"249",0,0,0
"22934",2,2,2
"2766",0,1,0
"51292",2,2,2
"57571",0,0,0
"8833",2,2,2
"5538",2,2,2
"641371",0,1,0
"11332",0,0,0
"55825",1,1,1
"51102",1,0,0
"37",2,2,2
"33",0,NA,0
"132158",0,NA,0
"641649",1,NA,0
"23475",0,0,0
"50484",0,1,0
"6240",2,0,1
"6241",0,1,0
"3156",2,0,1
"79966",0,0,0
"10588",1,1,1
"84890",1,1,1
"80025",1,1,1
"53354",0,NA,0
"79646",1,0,0
"83594",0,0,0
"7263",0,0,0
"26275",0,2,1
"29920",1,1,1
"7389",1,0,0
"1595",1,1,1
"130367",0,NA,0
"10478",1,0,0
"23443",0,2,1
"64240",0,NA,0
"64241",0,NA,0
"284111",1,NA,0
"8435",0,NA,0
"3988",1,0,0
"377677",0,0,0
"767",0,0,0
"765",0,NA,0
"759",0,1,0
"760",0,1,0
"23632",0,NA,0
"766",0,NA,0
"771",0,0,0
"768",0,NA,0
"762",0,0,0
"10057",0,0,0
"6556",0,0,0
"6568",0,NA,0
"7779",0,1,0
"54020",1,0,0
"215",1,1,1
"5825",1,1,1
"641372",0,NA,0
"9045",2,2,2
"4017",0,NA,0
"84105",0,1,0
"25830",0,NA,0
"84569",0,NA,0
"4025",0,NA,0
"54995",1,0,0
"93492",0,NA,0
"1267",1,1,1
"10249",0,0,0
"1573",0,NA,0
"1580",0,NA,0
"199974",0,NA,0
"260293",0,NA,0
"1555",0,NA,0
"1549",0,NA,0
"57834",0,NA,0
"29785",0,1,0
"1215",0,0,0
"1357",0,NA,0
"93979",1,NA,0
"57094",0,NA,0
"1358",0,NA,0
"7177",0,0,0
"64499",0,0,0
"23430",0,NA,0
"1636",0,0,0
"9365",0,NA,0
"9331",0,NA,0
"7368",0,0,0
"5315",2,2,2
"1666",2,0,0
"874",1,1,1
"10901",0,1,0
"126410",0,0,0
"2053",0,1,0
"8897",0,1,0
"8898",1,2,2
"9152",0,NA,0
"9497",2,1,2
"115584",0,NA,0
"6575",0,NA,0
"6574",2,0,1
"142680",0,NA,0
"6534",0,NA,0
"3293",0,NA,0
"1622",2,2,2
"225",0,1,0
"28965",0,NA,0
"23205",0,0,0
"26061",2,1,2
"54716",0,NA,0
"6564",0,NA,0
"113235",1,0,0
"1200",2,2,2
"2168",0,0,0
"51056",2,2,2
"9390",0,NA,0
"5184",0,2,1
"4891",0,NA,0
"30061",0,NA,0
"248",0,NA,0
"4524",0,1,0
"25796",0,2,1
"28982",0,0,0
"6120",1,1,1
"10864",0,NA,0
"9376",0,NA,0
"9356",0,NA,0
"348932",0,NA,0
"120103",0,NA,0
"1080",0,NA,0
"85320",0,NA,0
"222962",0,NA,0
"10351",0,NA,0
"9429",0,NA,0
"55867",0,NA,0
"364",0,NA,0
"89872",0,NA,0
"360",2,NA,1
"21",0,NA,0
"24",0,NA,0
"125206",1,NA,0
"200010",0,NA,0
"6524",0,NA,0
"159963",0,NA,0
"55065",1,0,0
"79581",0,0,0
"3767",0,NA,0
"6833",0,NA,0
"10060",0,NA,0
"3764",0,NA,0
"5947",0,NA,0
"64220",0,NA,0
"5950",0,2,1
"5948",0,NA,0
"949",0,0,0
"29881",0,NA,0
"2350",0,0,0
"3248",1,0,0
"166929",0,NA,0
"56261",2,1,2
"3658",1,1,1
"203",1,0,0
"122481",0,NA,0
"159",2,2,2
"122622",1,NA,0
"11212",2,2,2
"383",1,1,1
"1371",1,2,2
"1503",1,1,1
"56474",0,1,0
"2987",2,1,2
"5860",1,2,2
"9453",0,1,0
"2027",0,0,0
"2026",2,2,2
"2023",2,2,2
"9843",0,NA,0
"80308",1,1,1
"7360",2,0,0
"26330",0,NA,0
"2597",2,2,2
"9945",0,0,0
"2673",1,1,1
"2752",1,1,1
"51557",0,1,0
"1800",0,NA,0
"2762",0,0,0
"2643",2,1,2
"761",0,0,0
"359",0,NA,0
"4284",0,NA,0
"361",0,NA,0
"358",1,0,0
"362",0,NA,0
"3145",0,1,0
"586",1,0,0
"3614",1,1,1
"3615",2,2,2
"682",2,0,1
"4351",0,2,1
"441024",0,NA,0
"100287639",0,NA,0
"65220",0,1,0
"389015",0,NA,0
"6553",1,NA,0
"2821",2,2,2
"5230",2,2,2
"5232",0,NA,0
"375056",2,1,2
"5236",1,2,2
"55276",2,2,2
"5373",0,1,0
"5372",0,1,0
"210",1,0,0
"60490",0,1,0
"79717",2,1,2
"58510",1,NA,0
"153201",0,NA,0
"5634",2,1,2
"5631",2,2,2
"221823",0,NA,0
"29968",1,1,1
"5723",0,1,0
"55312",1,1,1
"6888",2,2,2
"79896",1,1,1
"84076",0,NA,0
"7086",1,2,2
"8277",1,NA,0
"27010",1,0,0
"7167",2,2,2
"286016",0,NA,0
"2582",0,1,0
"6675",2,1,2
"91373",0,1,0
"7390",1,1,1
"8170",0,NA,0
"6563",0,NA,0
"374569",0,NA,0
"100507855",0,1,0
"55191",1,1,1
"132",2,2,2
"97",2,0,1
"98",0,1,0
"112611",1,NA,0
"51005",0,1,0
"471",2,2,2
"435",1,1,1
"171425",1,1,1
"10007",1,2,2
"132789",1,1,1
"2584",0,1,0
"2585",1,1,1
"2592",1,0,0
"5471",1,1,1
"84264",0,NA,0
"3034",0,0,0
"144193",0,NA,0
"2739",2,2,2
"3613",0,0,0
"3612",2,2,2
"8776",2,1,2
"2978",0,NA,0
"4953",2,NA,1
"5214",2,2,2
"5213",0,1,0
"6569",0,NA,0
"10050",0,NA,0
"10568",0,0,0
"10786",0,NA,0
"10246",0,NA,0
"5198",1,1,1
"113675",0,0,0
"7298",0,1,0
"131669",0,NA,0
"5973",0,1,0
"1635",2,0,1
"286297",0,NA,0
"10560",0,NA,0
"191",1,2,2
"10768",2,2,2
"25874",2,2,2
"51660",2,0,1
"57198",2,1,2
"5205",0,NA,0
"23250",0,1,0
"286410",1,1,1
"5243",1,0,0
"55856",1,2,2
"7350",0,NA,0
"26027",0,0,0
"10058",1,0,0
"51458",0,NA,0
"948",0,1,0
"10928",1,1,1
"1728",0,0,0
"2946",0,1,0
"125981",0,NA,0
"55331",0,0,0
"340485",0,NA,0
"2760",0,0,0
"5660",2,2,2
"57704",0,1,0
"4759",0,NA,0
"10825",0,0,0
"7903",1,0,0
"5407",0,NA,0
"119548",0,NA,0
"5408",0,NA,0
"221955",0,1,0
"9388",0,0,0
"13",0,NA,0
"57104",1,0,0
"3991",0,1,0
"747",0,NA,0
"8513",0,NA,0
"5406",0,NA,0
"2170",0,0,0
"2171",2,2,2
"2167",0,0,0
"2172",0,NA,0
"646480",0,NA,0
"2173",0,NA,0
"646486",0,NA,0
"2169",0,NA,0
"6296",0,1,0
"341392",0,NA,0
"54988",0,NA,0
"123876",0,NA,0
"348158",0,NA,0
"344967",0,NA,0
"154141",2,1,2
"51099",0,0,0
"253558",1,0,0
"84513",2,NA,1
"64748",1,NA,0
"9890",0,NA,0
"9663",2,0,1
"196051",0,NA,0
"79948",0,NA,0
"23175",2,1,2
"64900",0,NA,0
"85465",1,NA,0
"122618",0,1,0
"201164",1,0,0
"23646",1,1,1
"590",0,0,0
"91012",1,0,0
"204219",0,NA,0
"10715",0,NA,0
"253782",1,1,1
"29956",2,1,2
"79603",0,0,0
"56624",0,NA,0
"55757",0,NA,0
"145173",0,0,0
"644974",0,NA,0
"56886",2,2,2
"152586",0,NA,0
"55830",2,1,2
"170384",0,1,0
"283358",1,NA,0
"148789",0,NA,0
"2526",0,NA,0
"84750",1,NA,0
"644378",0,NA,0
"55624",0,0,0
"83468",0,NA,0
"168391",0,NA,0
"338707",0,NA,0
"146664",0,NA,0
"360203",0,NA,0
"56983",1,1,1
"3703",2,1,2
"124872",0,NA,0
"8473",2,1,2
"8708",0,NA,0
"2529",1,0,0
"8702",1,0,0
"8707",1,NA,0
"200810",0,NA,0
"84752",0,NA,0
"201595",2,1,2
"140687",0,NA,0
"51228",2,1,2
"284004",0,NA,0
"79411",0,NA,0
"27090",0,0,0
"129807",1,NA,0
"2524",0,NA,0
"2528",0,NA,0
"2527",0,NA,0
"113612",0,0,0
"493869",0,NA,0
"64180",0,NA,0
"64174",2,0,0
"10728",2,2,2
"11102",1,0,0
"91179",0,NA,0
"10826",1,NA,0
"266740",0,NA,0
"3930",2,2,2
"4645",0,NA,0
"3069",2,0,1
"4864",0,1,0
"285440",0,NA,0
"79644",0,0,0
"1646",0,NA,0
"51170",2,1,2
"51144",0,2,1
"8630",0,NA,0
"158160",1,NA,0
"83401",0,NA,0
"64834",2,0,1
"79993",0,0,0
"401494",0,1,0
"192286",2,0,1
"201562",1,0,0
"9200",0,0,0
"51495",2,1,2
"253017",0,NA,0
"9524",2,2,2
"283985",0,NA,0
"3995",0,NA,0
"1155",2,2,2
"114571",0,NA,0
"123096",0,0,0
"57016",0,NA,0
"55277",0,NA,0
"79707",2,1,2
"64122",0,1,0
"9917",0,1,0
"79672",0,1,0
"92370",1,NA,0
"390928",0,NA,0
"93650",1,NA,0
"139596",2,0,1
"55066",1,1,1
"283208",1,NA,0
"5033",2,1,2
"8974",0,1,0
"58478",2,1,2
"55256",1,1,1
"259307",0,1,0
"81894",2,NA,1
"51312",1,NA,0
"138639",0,NA,0
"23203",2,2,2
"9896",0,1,0
"374462",0,NA,0
"163404",0,NA,0
"22908",2,2,2
"22876",1,1,1
"84814",0,NA,0
"51559",0,1,0
"29085",1,1,1
"64419",2,1,2
"145553",0,1,0
"51496",2,1,2
"8446",2,1,2
"9107",2,1,2
"23371",0,NA,0
"9108",0,NA,0
"55613",0,NA,0
"403313",1,1,1
"9562",0,1,0
"3705",0,1,0
"138429",0,NA,0
"10170",0,0,0
"9249",1,1,1
"220074",1,NA,0
"1733",0,NA,0
"1735",0,NA,0
"1734",0,NA,0
"6819",0,1,0
"27284",1,1,1
"84274",1,1,1
"4297",1,1,1
"55904",2,1,2
"55870",2,NA,1
"79723",1,0,0
"79813",0,1,0
"387893",2,1,2
"8085",1,1,1
"58508",2,1,2
"9869",1,1,1
"9757",1,1,1
"80854",0,1,0
"9739",0,1,0
"64754",1,1,1
"84444",0,0,0
"10919",0,1,0
"64324",1,0,0
"23067",2,1,2
"6839",0,1,0
"83852",1,NA,0
"54904",2,NA,1
"84787",0,1,0
"29072",2,1,2
"7468",0,NA,0
"51111",1,0,0
"6419",0,1,0
"90701",2,1,2
"9789",2,2,2
"23478",2,2,2
"28972",2,2,2
"60559",2,2,2
"57171",0,1,0
"4249",1,1,1
"25834",0,NA,0
"137902",0,NA,0
"7837",0,NA,0
"9677",0,0,0
"23262",2,0,1
"26007",0,2,1
"158584",0,NA,0
"283209",1,1,1
"23491",0,NA,0
"221223",0,NA,0
"1208",1,NA,0
"55244",0,NA,0
"146802",1,NA,0
"345274",0,NA,0
"116085",0,NA,0
"123688",0,NA,0
"56898",1,0,0
"51171",1,NA,0
"84869",1,1,1
"51741",0,1,0
"10202",0,0,0
"1487",2,0,1
"93517",0,NA,0
"121214",0,NA,0
"10553",2,1,2
"100288072",0,NA,0
"374875",1,NA,0
"441282",0,NA,0
"340811",0,NA,0
"133121",0,NA,0
"85007",1,0,0
"250",0,NA,0
"251",0,NA,0
"123264",0,NA,0
"200931",0,NA,0
"10941",0,NA,0
"79799",0,NA,0
"10476",2,2,2
"518",2,NA,1
"498",2,2,2
"516",2,NA,1
"522",2,2,2
"515",2,2,2
"9551",2,1,2
"27109",1,NA,0
"267020",0,NA,0
"509",2,2,2
"513",2,2,2
"514",2,NA,1
"517",2,NA,1
"521",2,2,2
"10632",2,2,2
"506",2,0,1
"539",2,2,2
"29796",2,2,2
"4519",1,1,1
"1537",2,2,2
"7381",1,0,0
"10975",2,1,2
"27089",2,2,2
"7384",1,2,2
"7386",2,2,2
"7388",2,2,2
"7385",2,2,2
"9481",0,NA,0
"9016",0,NA,0
"7351",2,0,0
"7352",0,NA,0
"4535",2,1,2
"4540",2,1,2
"4541",2,0,0
"4729",2,2,2
"126328",1,2,2
"4717",1,1,1
"4719",1,2,2
"7991",0,NA,0
"4539",2,NA,1
"4707",2,2,2
"4705",1,2,2
"4536",2,0,1
"4713",2,1,2
"4538",2,1,2
"4731",0,1,0
"4695",2,2,2
"4708",1,0,0
"4711",2,2,2
"4723",2,2,2
"4706",2,0,0
"4701",1,2,2
"4724",1,1,1
"4718",1,2,2
"4698",1,2,2
"4537",2,1,2
"55967",2,2,2
"4728",1,2,2
"4715",2,2,2
"51079",1,2,2
"54539",2,1,2
"4714",2,1,2
"4720",2,2,2
"4712",2,1,2
"4722",2,2,2
"4704",2,2,2
"4694",2,1,2
"4702",2,2,2
"4709",2,2,2
"4725",2,2,2
"4710",2,2,2
"4697",2,2,2
"4726",2,2,2
"4716",2,2,2
"374291",0,2,1
"1345",2,2,2
"1340",2,2,2
"1329",2,2,2
"4514",2,1,2
"4513",2,2,2
"1327",2,2,2
"1351",2,1,2
"1349",2,NA,1
"1346",0,NA,0
"1347",2,2,2
"9377",2,2,2
"1337",2,2,2
"4512",2,1,2
"1350",2,2,2
"9167",2,2,2
"125965",0,NA,0
"1339",0,NA,0
"170712",0,NA,0
"84701",0,NA,0
"4363",1,1,1
"146712",0,NA,0
"10554",0,1,0
"240",0,1,0
"534",0,NA,0
"8705",0,NA,0
"570",0,NA,0
"622",0,1,0
"57818",0,NA,0
"8647",0,NA,0
"124935",0,0,0
"6531",0,NA,0
"11000",1,0,0
"4758",1,0,0
"2618",2,2,2
"2629",1,1,1
"7264",1,2,2
"284098",1,NA,0
"3163",2,2,2
"7923",1,0,0
"10723",1,0,0
"201288",0,NA,0
"645740",0,NA,0
"1589",0,NA,0
"9651",0,1,0
"8396",1,1,1
"8399",1,NA,0
"64711",0,NA,0
"7366",0,NA,0
"9374",1,NA,0
"93100",0,0,0
"55229",1,1,1
"26063",0,0,0
"2880",0,NA,0
"65263",1,NA,0
"8781",0,NA,0
"31",0,1,0
"55750",1,2,2
"8644",0,0,0
"1066",0,1,0
"5446",0,1,0
"4905",1,2,2
"4700",2,2,2
"4696",2,1,2
"341947",0,NA,0
