"","GSM1209577","GSM1209578","GSM1209579","GSM1209580","GSM2257343","GSM2257344","GSM2460435","GSM2460439","GSM2460443","GSM2460447","GSM2460451","GSM2460455","GSM2607426","GSM2607427","GSM2607428","GSM2607429","GSM2607430","GSM2607431"
"314",0,0,1,0,0,0,0,0,0,1,1,0,1,0,1,1,0,0
"26",0,0,0,0,0,0,0,0,0,0,0,0,0,0,0,0,0,0
"8639",0,0,0,0,0,0,0,0,0,0,0,0,0,0,0,0,0,0
"1591",0,0,0,0,0,0,0,0,0,0,0,0,0,0,0,0,0,0
"1594",1,0,1,0,1,0,0,0,0,1,1,1,1,0,1,1,0,0
"10993",1,0,1,0,1,0,1,1,1,0,0,0,0,1,0,0,0,1
"6818",1,1,1,1,1,1,1,1,1,1,1,1,1,1,1,1,1,1
"89874",0,0,0,0,0,0,0,0,0,0,0,0,0,0,0,0,0,0
"3945",1,1,1,1,1,1,1,1,1,1,1,1,1,1,1,1,1,1
"3948",0,0,1,1,0,1,1,1,0,0,0,0,0,1,0,0,0,0
"55293",1,1,0,0,0,1,0,0,0,1,1,0,0,0,1,1,1,1
"160287",0,0,1,0,0,0,0,0,1,0,1,0,0,0,0,0,0,0
"92483",0,0,0,0,0,0,0,0,0,0,0,0,0,0,0,0,0,0
"3939",1,1,1,1,1,1,1,1,1,1,1,1,1,1,1,1,1,1
"9194",0,1,1,0,0,1,0,0,1,1,1,1,1,1,0,1,0,0
"6566",0,1,0,1,1,0,1,0,0,1,1,1,1,1,1,1,0,1
"9123",1,0,0,1,1,0,1,1,1,0,0,0,1,1,0,1,0,0
"57835",1,0,0,1,1,0,1,0,0,1,0,0,0,1,1,0,0,1
"8671",0,1,1,0,0,1,1,0,1,1,1,1,1,0,1,1,1,0
"1738",1,1,1,1,1,1,1,1,1,1,1,1,1,1,1,1,1,1
"4967",0,1,0,1,1,0,0,1,1,0,0,0,1,1,1,0,1,0
"1743",1,1,1,1,1,1,1,1,1,1,1,1,1,1,1,1,1,1
"8050",1,1,1,1,1,1,0,1,1,1,1,1,1,1,1,1,1,1
"128",0,0,1,1,0,1,1,0,0,1,1,0,0,0,1,1,1,1
"137872",1,1,1,1,1,0,1,1,0,1,1,0,0,1,0,0,1,0
"130",0,0,0,0,0,0,0,0,0,0,0,0,0,0,0,0,0,0
"127",0,0,0,1,0,1,1,1,1,0,0,0,0,1,0,0,0,1
"131",0,0,0,0,0,0,0,0,0,0,0,0,0,0,0,0,0,0
"126",0,0,0,0,0,0,0,0,0,0,0,0,0,0,0,0,0,0
"124",0,0,0,0,0,0,0,0,0,0,0,0,0,0,0,0,0,0
"125",0,0,0,0,0,0,0,0,0,0,0,0,0,0,0,0,0,0
"1312",1,0,0,1,1,0,1,0,1,0,0,1,1,1,1,1,0,0
"117247",0,0,0,1,0,0,0,0,0,0,0,0,0,0,0,0,0,0
"220",0,0,0,0,0,0,0,0,0,0,0,0,0,0,0,0,0,0
"221",1,0,1,1,0,1,1,1,0,0,0,0,1,1,0,0,0,1
"218",1,1,0,0,0,1,0,1,1,0,0,0,0,0,1,0,0,1
"222",0,0,0,0,0,0,0,0,0,0,0,0,0,0,0,0,0,0
"3242",0,0,0,0,0,0,0,0,0,0,0,0,0,0,0,0,0,0
"18",1,1,1,0,1,0,0,0,0,1,1,1,0,1,0,1,1,0
"2531",0,1,0,1,0,1,0,0,1,1,1,1,0,1,0,1,0,0
"23498",1,0,0,1,1,0,1,1,1,0,0,0,1,0,1,0,0,1
"55268",1,1,1,1,1,1,1,0,1,1,0,1,1,1,1,0,1,0
"883",1,0,1,0,1,0,0,1,1,1,0,1,1,1,1,0,1,0
"51166",0,0,0,0,0,0,0,1,0,0,0,0,0,0,0,0,0,0
"1644",1,0,0,1,1,0,0,1,1,0,0,0,0,1,1,0,0,1
"4128",0,0,0,0,0,0,1,0,0,0,0,0,1,1,0,0,0,0
"4129",0,1,0,0,0,0,0,0,0,0,0,0,0,0,0,0,0,0
"8604",1,0,1,1,1,0,1,1,1,0,0,0,1,0,1,1,0,0
"10165",0,1,0,0,1,0,0,1,0,1,0,0,1,0,1,1,0,1
"2572",0,0,0,0,0,0,0,0,0,0,0,0,0,0,0,0,0,0
"2571",0,0,0,0,0,0,0,0,0,0,0,0,0,0,0,0,0,0
"51380",0,1,0,1,0,1,0,0,0,1,1,1,1,1,0,0,1,0
"2805",1,1,1,1,1,1,1,1,1,1,1,1,1,1,1,1,1,1
"2806",1,1,1,1,1,1,1,1,1,1,1,1,1,1,1,1,1,1
"8659",1,0,1,0,0,1,0,1,1,0,0,0,1,1,1,0,0,1
"6817",1,1,1,1,1,1,1,1,1,1,1,1,1,1,1,1,1,1
"6799",1,1,1,1,1,1,1,1,1,1,1,1,1,1,1,1,1,1
"6822",0,0,0,0,0,0,0,0,0,0,0,0,0,0,0,0,0,0
"6573",1,0,0,1,1,0,0,1,0,0,0,0,1,1,1,1,0,0
"316",0,0,0,0,0,0,0,0,0,0,0,0,0,0,0,0,0,0
"6570",0,0,0,0,0,0,0,0,0,0,0,0,0,0,0,0,0,0
"6571",0,0,1,1,1,0,1,0,1,0,0,1,0,0,0,1,0,1
"2348",0,0,0,0,0,0,0,1,0,0,0,0,0,0,0,0,0,0
"2352",0,0,0,0,0,0,0,1,0,0,0,0,0,0,0,0,0,0
"4125",1,1,1,1,1,1,1,1,1,1,1,1,1,1,1,1,1,1
"53947",1,0,0,1,0,1,1,1,0,0,0,0,1,1,0,0,0,1
"51146",1,0,0,1,1,0,1,1,0,1,0,0,0,1,1,0,1,0
"28",1,0,0,1,0,1,1,1,0,0,0,0,1,1,0,0,0,1
"206358",1,1,0,1,0,1,1,1,1,0,0,0,0,0,1,0,0,1
"6538",0,0,0,0,0,0,0,0,0,0,0,0,0,0,0,0,0,0
"6529",0,0,0,0,0,0,0,0,0,0,0,0,0,0,0,0,0,0
"6539",0,0,0,0,0,0,0,0,0,0,0,0,0,0,0,1,0,0
"6540",0,0,1,1,1,0,0,0,0,1,1,1,1,0,0,1,0,1
"3032",1,1,1,1,1,1,1,1,1,1,1,1,1,1,1,1,1,1
"10449",1,1,0,0,1,0,1,0,1,1,0,1,0,1,1,1,0,0
"38",0,1,0,1,0,1,1,0,0,1,1,1,1,0,0,0,1,1
"3030",1,1,1,1,1,1,1,1,1,1,1,1,1,1,1,1,1,1
"39",1,1,1,1,1,1,1,1,1,1,1,1,1,1,1,1,1,1
"30",1,1,1,1,1,1,1,1,1,1,1,1,1,1,1,1,1,1
"32",1,0,1,1,0,1,0,0,0,1,1,1,1,1,0,0,1,0
"9197",0,1,0,1,0,1,0,0,1,1,1,0,0,1,0,1,1,0
"79611",0,0,0,0,0,0,0,0,0,0,0,0,0,0,0,0,0,0
"84532",1,1,1,1,1,1,1,0,1,1,1,1,1,1,1,1,1,1
"64841",1,1,1,1,1,1,0,0,1,1,1,1,1,1,1,1,0,1
"55577",1,1,1,1,1,1,0,1,1,1,1,1,1,1,1,1,1,1
"5238",0,0,1,1,0,1,1,0,0,1,1,1,1,1,0,1,1,0
"9487",0,1,1,0,1,0,0,0,1,0,0,1,0,1,1,0,1,1
"162417",1,0,1,0,1,0,1,1,0,0,0,0,0,0,1,0,0,1
"43",0,0,1,1,0,1,0,1,1,0,0,1,0,1,0,0,0,1
"6572",1,0,1,1,0,1,0,1,0,0,1,0,1,0,1,0,0,1
"47",1,1,1,1,1,1,1,1,1,1,1,1,1,1,1,1,1,1
"54187",1,1,1,1,1,1,1,0,0,1,1,1,1,1,1,1,1,0
"26503",0,1,0,0,1,0,0,1,0,1,1,0,0,1,1,1,0,0
"54",0,0,1,0,0,1,0,0,1,0,0,1,0,1,0,1,0,0
"140838",1,0,1,0,1,0,0,0,1,1,1,0,1,1,1,1,0,0
"51205",1,1,1,0,0,1,0,0,0,1,1,1,1,1,0,1,1,0
"36",0,1,0,1,1,0,1,0,0,1,1,1,1,0,1,0,1,0
"34",1,0,0,1,0,1,0,0,0,1,1,1,1,1,0,1,0,0
"35",1,0,0,1,1,0,1,1,0,0,0,0,1,1,0,1,0,0
"84129",1,1,1,1,1,1,0,1,1,1,1,1,1,1,1,1,1,1
"28976",0,0,1,1,0,1,0,0,0,1,1,0,1,1,1,1,0,0
"80724",1,0,0,1,0,1,0,1,0,1,0,1,0,1,1,0,1,0
"27034",0,1,1,1,1,0,0,0,1,1,1,1,1,0,1,0,1,1
"3712",1,0,0,1,1,0,1,1,0,0,0,1,1,0,1,1,0,1
"134526",0,0,0,0,0,0,0,0,0,0,0,0,0,0,0,0,0,0
"51",0,1,1,1,0,1,1,0,1,1,1,1,1,0,0,1,0,1
"95",0,0,0,1,1,0,1,1,0,1,0,0,1,0,1,1,0,1
"50",1,1,1,1,1,1,1,1,1,1,1,1,1,1,1,1,1,1
"48",1,1,0,0,1,0,1,0,0,1,0,1,1,0,1,1,0,0
"8309",0,0,0,0,0,0,0,0,0,0,0,0,0,0,0,0,0,0
"52",1,1,1,1,1,1,1,1,1,1,1,1,1,1,1,1,1,1
"55",0,0,0,0,0,0,0,0,0,0,0,0,0,0,0,0,0,0
"788",1,1,1,1,1,0,0,0,1,1,1,1,1,1,1,1,1,1
"55902",1,0,0,1,1,0,1,0,0,0,0,1,1,1,0,1,0,0
"65985",0,1,0,1,0,1,0,0,0,1,0,1,1,0,0,1,0,0
"438",0,1,1,0,0,1,1,0,0,1,1,0,1,0,0,1,1,0
"1571",0,0,1,1,0,1,1,0,0,1,1,0,0,1,0,0,1,0
"100",1,1,0,1,1,1,1,0,1,1,1,1,1,1,1,1,1,1
"3177",0,1,1,1,1,0,1,1,0,0,0,0,1,0,1,0,0,1
"205",0,1,0,1,0,1,0,0,1,1,0,0,1,1,1,1,0,0
"204",1,0,0,1,1,0,1,1,0,1,0,1,1,1,1,1,0,0
"26289",0,1,1,0,1,0,1,1,0,0,0,1,0,1,0,1,1,0
"50808",1,1,1,1,1,1,1,0,1,1,1,1,1,1,1,1,1,1
"262",1,1,1,1,1,1,1,1,1,1,1,1,1,1,1,1,1,1
"113",0,1,0,1,1,1,0,1,1,1,1,1,1,1,1,1,1,0
"109",0,1,1,0,1,0,0,0,0,1,1,0,1,1,1,0,0,0
"115",1,0,0,1,1,0,0,0,1,1,0,0,0,0,0,0,1,1
"112",1,0,1,0,1,0,1,0,1,0,0,1,1,1,1,1,0,0
"107",0,0,1,1,0,1,0,1,1,0,0,0,0,1,0,0,0,0
"114",0,1,0,0,0,1,1,0,0,0,1,0,0,0,0,1,1,0
"55811",0,0,0,0,0,0,0,0,0,0,0,0,0,0,0,0,0,0
"196883",1,0,1,0,1,0,1,0,0,0,1,1,0,1,0,0,1,1
"111",0,0,0,0,0,0,0,0,0,0,0,0,0,0,0,0,0,0
"108",0,0,0,0,0,0,0,1,0,0,0,0,0,0,0,0,0,0
"2030",1,0,0,1,1,0,0,1,0,0,0,0,1,0,1,1,0,1
"9154",1,0,0,1,1,0,1,1,0,0,0,0,1,1,1,0,0,1
"64078",0,0,0,0,0,0,0,0,0,0,0,0,0,0,0,0,0,0
"9153",0,1,1,0,0,1,1,1,0,0,0,0,1,1,1,0,1,0
"55315",1,0,1,0,1,0,0,0,1,1,0,1,0,0,1,1,0,1
"11164",1,1,1,1,1,1,1,1,1,1,1,1,1,1,1,1,1,1
"952",1,0,1,0,0,1,1,0,0,1,1,0,1,1,0,1,0,0
"1375",1,1,1,1,1,1,1,1,1,1,1,1,1,1,1,1,1,1
"1374",0,1,0,0,0,1,1,0,1,0,0,0,1,0,1,1,0,1
"126129",1,0,0,1,0,1,1,1,1,0,0,0,1,1,0,1,0,0
"1376",0,1,0,1,1,0,1,1,1,1,0,0,1,0,1,1,0,1
"9061",1,1,1,1,1,1,1,1,1,1,1,1,1,1,0,1,1,1
"9060",0,0,0,0,0,0,1,0,0,0,0,1,0,0,0,1,0,0
"158",1,1,1,1,1,1,1,1,1,1,1,1,1,1,1,1,1,1
"10331",1,0,1,0,0,1,0,1,1,0,0,0,1,1,1,0,0,0
"374907",1,1,0,0,0,1,1,1,0,1,1,1,0,1,0,0,1,1
"10678",1,1,1,1,1,1,1,1,1,1,1,1,1,1,1,1,1,1
"79369",1,1,0,1,1,0,1,1,0,0,0,0,0,1,0,0,0,0
"11041",1,1,1,0,1,0,0,0,0,1,1,1,1,0,0,1,0,0
"93010",0,0,0,1,0,1,0,0,1,0,0,0,0,0,1,1,0,0
"79814",1,1,0,1,0,1,0,1,0,1,1,0,1,1,1,1,0,0
"56894",0,1,0,1,1,0,1,1,0,0,0,0,0,1,0,0,0,1
"10555",1,0,0,1,0,1,1,1,0,0,0,0,1,1,0,1,0,1
"137964",1,1,1,1,1,1,1,1,0,0,1,1,1,1,1,1,1,1
"56895",1,1,1,0,1,0,1,0,1,1,0,0,0,0,0,0,1,1
"55326",0,0,0,1,0,1,0,0,0,1,1,1,1,1,1,0,0,0
"129642",1,0,1,0,0,1,1,0,0,0,1,0,1,0,0,0,0,1
"64850",0,0,0,0,0,0,0,0,0,0,0,0,0,0,0,0,0,0
"64902",1,1,1,0,0,1,0,1,0,1,0,0,0,0,0,0,1,1
"189",0,0,0,0,0,0,0,0,0,0,0,0,0,0,0,0,0,0
"3074",1,1,1,1,1,1,1,1,1,1,1,1,1,1,1,1,1,1
"3073",0,1,0,1,1,0,1,0,0,1,1,1,1,0,1,0,1,1
"10606",0,1,0,1,0,1,1,1,0,0,1,0,1,1,1,1,0,0
"8402",1,0,0,1,0,1,1,0,0,0,1,1,1,1,0,1,0,0
"1468",0,0,1,0,0,1,0,1,1,0,1,1,1,1,1,1,0,0
"64849",1,0,1,0,0,1,1,1,0,0,0,0,1,0,1,0,1,1
"1645",0,1,1,0,0,1,0,1,0,1,1,0,1,0,0,1,1,0
"1109",0,0,0,0,0,0,0,0,0,0,0,0,0,0,0,0,0,0
"6718",0,0,0,0,0,0,0,0,0,0,0,0,0,0,0,0,0,0
"6510",1,0,1,1,0,1,0,1,1,0,0,0,1,1,1,0,0,1
"6509",0,1,1,0,0,1,1,0,1,1,1,0,1,1,1,0,0,0
"56301",1,0,1,0,0,1,1,1,1,0,0,0,0,1,1,1,0,1
"6520",1,1,1,1,1,1,1,0,1,1,1,1,1,1,1,1,1,1
"211",1,1,0,0,1,1,0,1,1,1,1,1,1,1,1,1,0,1
"23464",1,0,0,1,1,0,0,1,0,0,1,1,1,1,1,0,0,0
"212",1,0,0,1,1,0,1,1,0,0,0,0,1,1,0,0,0,1
"59272",0,0,0,0,0,0,0,0,0,0,0,0,0,0,0,0,0,0
"6542",0,0,0,0,0,0,0,0,0,0,0,0,0,0,0,0,0,0
"6541",0,1,0,1,0,1,1,1,1,1,0,0,0,1,1,0,0,1
"84889",0,0,0,0,0,0,0,0,0,0,0,0,0,0,0,0,0,0
"54407",1,1,1,1,1,1,1,1,1,1,1,1,1,1,1,1,1,1
"81539",1,1,1,1,1,1,1,1,1,1,1,1,1,1,1,1,1,1
"340024",0,0,1,1,1,0,1,1,0,0,0,0,1,1,0,0,1,1
"11254",0,0,0,0,0,0,0,0,0,0,0,0,0,0,0,0,0,0
"57393",0,0,0,0,0,0,0,0,0,0,0,0,0,0,0,0,0,0
"55089",0,0,0,0,0,0,0,0,0,0,0,0,0,0,0,0,0,0
"2875",1,0,0,1,1,0,1,1,1,0,0,0,0,1,0,0,1,1
"84706",0,1,1,0,0,1,0,1,1,0,1,0,1,1,1,0,0,0
"92745",1,0,0,0,0,1,0,1,0,0,1,1,1,0,0,1,0,0
"10991",0,1,1,0,1,0,1,1,1,0,1,0,1,0,1,0,0,1
"284273",0,1,0,1,0,1,1,0,1,1,1,0,1,0,0,0,1,1
"10327",1,1,1,1,1,1,1,1,1,1,1,1,1,1,1,1,1,1
"8854",0,0,1,0,0,1,0,1,0,0,1,0,1,1,0,1,0,0
"224",0,1,1,0,1,0,1,0,1,1,1,1,1,0,1,1,1,0
"223",1,1,1,1,1,1,1,1,1,1,1,1,1,1,1,1,1,1
"216",0,0,0,0,0,0,0,0,0,0,0,0,0,0,0,0,0,0
"501",0,0,0,0,0,0,0,0,0,0,0,0,0,0,0,0,0,0
"217",1,0,1,0,0,1,1,1,0,1,0,1,1,1,0,1,0,0
"219",1,0,0,1,0,1,1,1,0,0,0,0,1,0,1,1,0,0
"239",0,0,0,0,0,1,0,0,1,1,0,0,0,0,0,0,0,0
"247",0,0,0,0,0,0,0,0,1,0,0,0,1,0,0,1,0,0
"246",0,0,0,0,0,0,0,0,0,0,0,0,0,0,0,0,0,0
"231",1,1,1,1,1,1,1,1,1,1,1,1,1,1,1,1,1,1
"8574",0,1,0,1,0,1,0,0,1,1,1,1,0,1,1,0,0,0
"23600",0,0,1,1,1,0,0,0,0,1,1,0,1,0,1,1,0,1
"115286",1,1,1,1,1,1,1,1,1,1,1,1,1,1,1,1,1,1
"271",1,1,1,1,1,1,0,1,1,1,1,1,1,1,1,1,1,1
"272",0,1,1,1,0,1,0,1,0,0,0,1,0,1,0,1,1,0
"270",0,0,0,0,0,0,0,0,0,0,0,0,0,0,0,0,0,0
"290",0,0,0,0,1,0,0,1,0,0,0,0,1,1,0,1,0,0
"278",0,1,1,1,1,1,0,1,0,1,1,1,0,1,0,0,1,0
"277",0,1,1,1,1,1,0,1,0,1,1,1,0,1,0,0,1,0
"279",0,1,1,1,1,1,0,1,0,1,1,1,0,1,0,0,1,0
"280",0,1,1,1,1,1,0,1,0,1,1,1,1,1,1,0,1,0
"6519",0,1,0,0,0,1,1,0,1,1,1,1,0,1,1,1,0,1
"276",0,1,1,1,1,1,0,1,0,1,1,1,0,1,0,0,1,0
"11136",1,1,1,0,1,0,1,1,0,0,0,1,0,0,1,0,1,1
"10998",1,0,0,1,0,1,1,1,1,0,0,0,1,1,1,0,0,0
"113451",1,0,0,1,1,0,1,1,1,1,0,0,1,1,1,0,1,0
"9057",1,1,1,1,1,1,1,1,1,1,1,1,1,1,1,1,1,1
"384",1,1,0,1,1,0,1,0,1,1,1,1,1,0,1,1,0,1
"445",0,0,1,1,0,1,0,1,0,0,0,0,1,1,1,0,0,0
"83884",0,0,0,0,0,0,1,0,0,0,1,0,0,0,0,1,0,1
"10166",0,1,0,1,1,0,0,1,0,1,0,0,1,1,0,1,0,0
"410",0,1,0,1,0,1,0,0,0,1,1,1,1,1,0,0,1,1
"427",1,1,1,1,1,1,1,1,1,1,1,1,1,1,1,1,1,1
"9963",1,0,1,0,1,0,1,0,0,1,0,0,1,1,0,0,1,0
"9962",0,0,1,0,0,1,1,0,1,1,0,0,0,0,1,1,0,1
"80150",1,0,1,0,1,0,0,1,0,1,0,1,1,0,1,1,0,0
"440",1,1,1,1,1,1,1,1,1,1,1,1,1,1,1,1,1,1
"790",1,0,0,1,0,1,0,1,1,0,0,0,1,0,1,1,0,0
"6505",0,0,0,0,0,0,0,0,0,0,0,0,0,0,0,0,0,0
"6512",1,0,0,1,1,0,0,1,1,1,1,0,1,0,1,0,0,0
"6511",0,0,0,0,0,0,0,0,0,0,0,0,0,0,0,0,0,0
"6507",0,0,0,0,0,0,0,0,0,0,0,0,0,0,0,0,0,0
"6506",0,0,0,0,0,0,0,0,0,0,0,0,0,0,0,1,0,0
"9296",1,1,1,1,1,1,1,1,1,1,1,1,1,1,1,1,1,1
"51606",1,1,1,1,1,1,1,1,1,1,1,1,1,1,1,1,1,1
"533",1,1,1,1,1,1,1,1,1,1,1,1,1,1,1,1,1,1
"90423",1,1,1,0,0,1,0,0,0,1,1,1,0,1,1,1,0,1
"528",0,1,0,1,0,1,1,0,0,1,1,1,0,1,0,1,0,1
"525",1,1,0,0,0,1,0,1,0,0,0,0,1,1,0,0,1,0
"10312",1,1,1,1,1,1,1,1,1,1,1,1,1,1,1,1,1,1
"127124",0,0,0,0,0,0,1,0,0,0,0,0,0,0,0,0,0,0
"245973",1,0,0,1,1,0,1,0,1,0,1,1,1,1,1,0,0,0
"50617",0,0,0,0,0,0,0,0,0,0,0,0,1,0,0,1,0,0
"9114",1,1,1,0,1,1,1,1,1,0,0,1,1,1,1,1,1,1
"23545",0,1,0,1,0,1,0,1,0,0,1,0,1,1,1,0,0,0
"8992",1,1,1,1,1,1,1,1,1,1,1,1,1,1,1,1,1,1
"535",1,0,1,0,0,1,1,1,1,0,0,1,0,1,0,1,1,0
"527",1,1,1,1,1,1,1,1,1,1,1,1,1,1,1,1,1,1
"526",1,1,1,1,1,1,1,0,1,1,1,1,1,1,1,1,1,1
"523",1,0,1,0,0,1,1,1,1,0,1,0,1,1,0,1,0,0
"529",1,1,1,1,1,1,1,1,1,1,1,1,1,1,1,1,1,1
"9550",1,1,1,1,1,1,1,1,1,1,1,1,1,1,1,1,1,1
"51382",1,0,1,0,0,1,1,0,1,0,0,1,1,1,0,1,0,1
"245972",0,0,0,0,0,0,0,0,0,0,0,0,0,0,0,0,0,0
"957",0,0,1,0,1,0,1,0,0,1,1,0,1,1,1,0,1,0
"956",0,0,0,0,0,0,0,0,0,0,0,0,0,0,0,0,0,0
"955",0,0,1,1,1,0,1,1,0,0,0,0,1,0,1,0,0,1
"953",0,0,0,1,1,0,1,0,1,1,1,0,1,0,1,0,1,0
"954",1,0,0,1,0,1,1,1,0,0,1,0,0,1,0,0,1,1
"377841",NA,NA,NA,NA,NA,NA,NA,NA,NA,NA,NA,NA,NA,NA,NA,NA,NA,NA
"293",1,1,1,1,1,1,1,1,1,1,1,1,1,1,1,1,1,1
"291",0,1,0,1,1,0,1,1,0,1,0,0,0,1,0,1,0,1
"292",1,1,1,1,1,1,1,1,1,1,1,1,1,1,1,1,1,1
"4126",0,1,1,1,1,1,0,1,1,0,1,1,1,1,1,1,1,1
"8706",0,0,0,0,0,0,0,0,0,0,0,0,0,0,0,0,0,0
"10317",0,0,0,0,0,0,0,0,0,0,0,0,0,0,0,0,0,0
"84002",0,0,1,1,1,0,0,0,0,1,0,0,0,1,0,0,1,1
"3141",1,0,1,0,1,0,1,0,0,0,1,1,0,0,1,1,0,1
"140679",0,0,1,1,0,1,0,1,0,0,1,0,1,0,0,0,1,1
"8424",0,0,0,0,0,0,0,0,0,0,0,0,0,0,0,0,0,0
"53630",0,0,0,0,0,0,0,0,0,0,0,0,0,0,0,0,0,0
"635",1,0,1,0,0,0,0,1,0,1,0,0,0,0,0,1,0,0
"23743",0,0,0,0,0,0,0,0,0,0,0,0,0,0,0,0,0,0
"10599",0,0,0,0,0,0,0,0,0,0,0,0,0,0,0,0,0,0
"1244",1,0,1,0,1,0,1,1,0,0,0,0,0,0,1,0,1,0
"8714",1,1,0,0,1,0,0,1,1,0,0,0,0,1,0,0,0,1
"28234",0,0,0,0,0,0,0,0,0,0,0,0,0,0,0,0,0,0
"645",1,0,0,1,1,0,1,1,1,0,0,0,1,1,1,0,0,1
"644",1,1,1,1,1,1,1,1,0,1,1,1,1,1,1,1,1,1
"9488",0,1,1,1,1,0,1,1,0,0,1,0,0,1,1,1,1,1
"10380",1,1,1,0,1,0,0,0,1,1,1,0,1,0,0,1,0,1
"686",1,1,1,0,0,1,0,1,1,0,0,0,0,0,1,0,1,1
"8884",1,1,1,1,1,1,1,1,1,1,1,1,1,1,1,1,1,1
"80704",0,0,0,0,0,0,0,0,0,0,0,0,0,0,0,0,0,0
"51733",1,0,0,0,1,0,0,1,1,0,0,1,1,0,1,1,0,0
"7108",0,0,0,1,0,1,0,1,0,1,1,0,1,1,1,0,0,1
"50814",0,1,0,1,0,1,0,0,1,1,1,1,1,0,1,1,0,1
"3295",1,1,1,1,1,1,1,0,1,1,1,1,1,1,1,1,1,1
"6307",1,1,1,1,1,1,1,1,1,1,1,1,1,1,1,1,1,1
"493",1,1,1,1,1,1,1,1,1,1,1,1,1,1,1,1,1,1
"492",0,0,0,0,0,0,0,0,0,0,0,0,0,0,0,0,0,0
"491",0,0,0,0,0,0,0,0,0,0,0,0,0,0,0,0,0,0
"490",1,1,1,1,1,1,1,1,1,1,1,1,1,1,1,1,1,1
"847",1,1,1,0,1,1,1,1,1,1,1,1,1,1,1,1,1,1
"6543",1,0,1,0,0,1,0,1,0,1,1,0,1,0,1,0,0,1
"6547",1,0,1,0,1,0,1,1,0,0,0,1,0,0,1,1,0,1
"6546",0,0,0,0,0,0,0,0,0,0,0,0,0,0,0,0,0,0
"166785",0,1,0,0,0,1,0,0,1,1,1,0,0,1,1,1,0,1
"2538",0,0,0,0,0,0,0,0,0,0,0,0,0,0,0,0,0,0
"92579",1,0,1,0,1,0,0,1,0,1,0,0,1,0,1,1,0,1
"1373",0,0,0,0,0,0,0,0,0,0,0,0,0,0,0,0,0,0
"873",0,1,0,0,1,0,1,1,0,0,0,0,1,0,1,0,0,0
"10423",1,1,1,1,1,1,1,1,1,1,1,1,1,1,1,1,1,1
"8760",1,1,1,1,1,1,1,1,1,1,1,1,1,1,1,1,1,1
"1040",0,0,0,0,0,0,0,0,0,0,0,0,0,0,0,0,0,0
"56994",0,1,0,1,0,1,0,0,1,1,0,1,1,0,0,0,0,1
"10390",0,0,1,1,0,1,1,0,1,0,1,1,1,1,0,0,1,0
"64781",1,1,1,1,1,1,1,1,1,1,1,1,1,1,1,1,1,1
"10087",1,1,1,1,1,1,1,1,1,1,1,1,1,1,1,1,1,1
"6565",0,0,0,0,0,0,0,0,0,1,0,0,0,0,0,0,1,0
"9023",0,0,0,0,0,0,0,0,0,0,0,0,0,0,0,0,0,0
"1103",1,0,1,0,1,0,0,1,0,0,1,0,0,1,1,0,0,0
"162466",1,0,1,0,0,1,1,1,1,1,0,0,1,0,0,0,1,1
"9468",0,0,0,0,0,0,0,0,0,0,0,0,0,0,0,0,0,0
"5130",1,1,1,1,1,1,0,1,1,1,1,0,1,1,1,1,1,0
"6579",0,0,0,0,0,0,0,0,0,0,0,0,0,0,0,0,0,0
"6555",0,0,0,0,0,0,0,0,0,0,0,0,0,0,0,0,0,0
"6554",1,0,1,0,1,0,0,1,0,1,1,1,1,0,1,1,1,0
"55349",1,0,0,1,0,1,0,1,0,0,1,0,0,1,0,0,1,0
"1120",1,1,1,1,1,1,1,1,1,1,1,1,1,1,1,1,1,1
"1119",0,0,0,1,0,1,1,1,0,1,0,0,1,1,1,0,0,1
"60482",0,0,0,0,0,0,0,0,0,0,0,0,0,0,0,0,0,0
"6582",1,0,1,0,0,0,0,1,1,0,0,1,0,0,1,0,0,0
"6584",0,0,1,1,1,0,1,0,1,1,0,1,0,1,1,0,1,0
"6820",0,0,0,1,0,1,1,1,0,0,1,1,1,1,0,0,0,1
"10948",0,1,0,1,0,1,0,0,1,1,0,1,1,1,0,1,0,0
"19",0,0,1,0,0,0,1,0,0,0,0,0,0,0,0,1,0,0
"1118",1,0,0,0,1,0,1,1,1,0,0,0,1,0,1,0,0,1
"27159",1,1,0,0,0,1,0,1,0,0,1,1,1,1,1,0,1,0
"54682",0,0,0,0,0,0,0,0,0,0,0,0,0,0,0,0,0,0
"9058",1,0,1,1,1,0,1,1,0,0,0,0,1,1,0,1,0,0
"6576",0,0,1,1,1,0,1,1,0,0,1,0,0,0,0,1,0,1
"1159",1,1,0,0,0,1,1,1,0,0,0,0,0,1,0,1,0,0
"548596",1,1,0,0,0,1,1,1,0,0,0,0,0,1,0,1,0,0
"1160",0,0,0,0,0,0,0,0,0,0,0,0,0,0,0,0,0,0
"1158",0,0,0,0,0,0,0,1,0,0,0,0,0,0,0,0,0,0
"1152",1,0,1,0,1,0,0,0,0,1,1,0,1,1,1,1,0,1
"5172",0,0,0,0,0,0,0,0,0,0,0,0,0,0,0,0,0,0
"65010",0,0,0,1,1,0,0,1,0,1,1,1,1,1,0,0,1,0
"54675",0,0,1,1,0,1,0,0,1,1,0,1,1,0,1,1,0,0
"10559",1,1,1,1,1,1,1,0,1,1,1,1,1,1,1,1,1,1
"55907",0,1,0,1,1,0,0,0,0,1,1,0,0,0,0,1,1,1
"8034",0,1,0,0,1,0,1,0,0,1,0,1,1,1,0,0,1,0
"8824",1,1,1,1,1,1,0,1,1,1,1,1,1,1,1,1,1,1
"51805",0,0,1,0,1,0,0,1,1,1,1,0,1,1,1,1,0,0
"51004",1,0,0,1,1,0,0,1,0,1,1,0,0,0,0,1,1,0
"10229",0,1,1,1,1,0,0,1,0,0,1,1,1,0,1,1,0,1
"2650",0,0,1,0,0,1,1,0,0,1,1,1,1,1,0,1,1,0
"9245",1,0,0,0,1,0,1,0,1,0,0,1,0,0,1,1,1,0
"51301",0,0,0,0,0,0,0,1,0,0,0,1,0,0,0,0,0,0
"192134",1,0,0,1,0,1,1,1,0,0,0,0,1,1,0,0,0,1
"386757",1,0,1,0,0,1,0,1,0,0,0,0,1,0,1,1,0,0
"6535",1,0,1,0,1,0,0,1,0,1,0,0,1,0,1,1,0,1
"1384",1,0,0,1,0,1,1,1,0,1,0,0,0,0,0,1,1,0
"6583",0,0,0,0,0,0,0,0,0,0,0,0,0,0,0,0,0,0
"1431",1,1,1,1,1,1,1,1,1,1,1,1,1,1,1,1,1,1
"54677",0,0,1,1,1,0,1,0,0,1,1,1,1,1,0,1,0,0
"8140",1,1,1,1,1,1,1,1,1,1,1,1,1,1,1,1,1,1
"23428",1,0,1,0,1,0,0,1,0,0,0,0,1,0,0,1,1,0
"1036",0,0,0,0,0,0,0,0,0,0,0,0,0,0,0,0,0,0
"23657",0,0,0,0,0,0,0,0,0,0,0,0,0,0,0,1,0,0
"57379",0,0,0,0,0,0,0,0,0,0,0,0,0,0,0,0,0,0
"978",1,0,1,0,0,1,0,1,1,0,0,0,1,0,0,0,1,1
"7371",0,1,0,1,1,0,1,1,1,0,1,0,1,0,1,1,0,1
"83549",0,0,0,1,0,1,0,1,1,1,0,0,0,1,0,1,0,1
"51727",1,1,1,1,1,1,1,1,1,1,1,1,1,1,1,1,1,1
"129607",0,0,1,0,0,1,0,0,1,1,1,1,1,1,0,1,0,0
"160851",0,1,0,1,0,1,1,1,0,0,0,1,1,1,0,1,0,0
"8526",0,1,0,1,1,0,1,0,0,1,1,0,1,1,1,1,0,0
"1606",1,0,1,1,1,0,1,1,0,0,0,0,1,1,0,0,1,0
"8527",1,1,1,1,1,1,1,1,1,1,1,1,1,1,1,1,1,1
"1607",0,0,0,0,0,0,0,0,0,0,0,0,0,0,0,0,0,0
"1608",0,0,0,0,0,0,0,0,0,0,0,0,0,0,0,0,0,0
"1609",0,1,0,1,1,0,0,1,0,0,0,0,1,0,0,0,1,0
"8525",0,1,0,1,1,0,0,1,1,1,0,0,1,0,0,1,0,1
"9162",0,0,0,0,0,0,0,0,0,0,0,0,0,0,0,0,0,0
"1610",0,0,1,1,0,1,0,1,1,0,1,1,0,0,0,0,1,0
"51022",0,0,0,1,0,1,0,0,0,1,1,1,1,0,1,1,0,0
"2745",1,1,1,1,1,1,1,1,1,1,1,1,1,1,1,1,1,1
"8528",1,0,0,1,0,1,1,1,0,0,0,0,0,1,0,1,0,1
"10455",1,1,1,1,1,1,1,1,1,0,1,1,1,1,1,1,1,1
"1632",1,0,0,1,1,0,0,1,1,0,0,0,1,0,1,0,0,1
"1633",1,1,1,1,1,1,1,1,1,1,1,1,1,1,1,1,1,1
"1638",0,0,0,0,0,0,0,0,0,0,0,0,0,0,0,0,0,0
"6319",1,0,1,0,0,1,0,1,0,0,0,0,1,0,1,1,0,0
"9415",0,1,0,1,0,1,0,1,1,0,1,0,0,0,1,1,0,1
"3992",0,0,0,1,0,1,0,0,1,1,1,0,1,0,1,1,0,1
"8694",0,1,0,1,1,0,0,1,1,1,1,0,1,0,0,0,0,1
"84649",1,0,1,0,1,0,1,1,0,1,0,0,1,0,1,1,0,0
"1716",1,1,1,1,1,1,1,1,1,1,1,1,1,1,1,1,1,1
"6513",1,1,1,0,1,0,0,1,0,1,0,1,0,0,0,1,0,1
"6517",0,0,0,0,0,0,0,0,0,0,0,0,0,0,0,0,0,0
"6515",1,1,1,1,1,1,1,1,1,1,1,1,1,1,1,1,1,1
"1718",1,0,1,0,1,0,0,0,1,1,0,1,1,1,1,1,0,1
"1581",0,0,0,0,0,0,0,0,0,0,0,0,0,0,0,0,0,0
"1717",0,1,0,1,0,1,0,1,0,1,1,1,1,1,1,1,0,0
"8560",1,1,1,1,1,1,1,1,1,1,1,1,1,1,1,1,1,1
"123099",1,1,0,1,0,1,1,1,0,0,0,0,0,0,1,0,1,1
"11309",1,0,1,0,0,1,1,1,1,0,0,0,1,0,0,0,1,1
"6783",0,0,0,0,0,0,0,0,0,0,0,0,0,0,0,0,0,0
"1723",0,0,1,1,0,1,1,0,0,1,0,1,1,0,1,1,0,0
"1809",0,0,0,0,0,0,0,1,0,0,0,0,0,0,0,1,0,0
"1808",0,1,1,0,1,0,0,0,1,1,1,0,1,1,0,1,0,0
"1807",0,0,0,0,0,0,0,0,0,0,0,0,0,0,0,0,0,0
"23539",1,1,0,1,1,0,1,1,0,0,0,0,1,1,1,0,0,1
"2224",1,1,1,1,1,1,1,1,1,1,1,1,1,1,1,1,1,1
"29958",0,0,0,0,0,0,0,0,0,0,0,0,0,0,0,0,0,0
"60386",1,0,0,0,0,1,1,1,0,0,0,0,1,0,1,1,0,1
"84920",0,1,1,0,0,1,1,0,0,1,1,0,1,0,1,1,0,1
"79087",1,0,0,1,0,1,0,1,1,0,0,0,1,0,0,1,0,1
"26002",0,0,0,0,0,0,0,0,0,0,0,0,0,0,0,0,0,0
"1621",0,0,1,0,1,0,1,0,0,1,0,0,0,0,1,0,0,1
"7299",0,0,0,0,0,0,0,0,0,0,0,0,0,0,0,0,0,0
"6530",0,0,0,0,0,0,0,0,0,0,0,0,0,0,0,0,0,0
"6581",0,0,0,0,0,0,0,0,0,0,0,0,0,0,0,0,0,0
"669",1,1,1,1,1,1,0,0,1,1,1,1,1,0,1,1,0,1
"5224",1,0,1,1,0,1,1,1,1,0,0,0,0,0,1,0,0,1
"5223",1,1,1,1,1,1,1,1,1,1,1,1,1,1,1,1,1,1
"4597",0,0,0,1,1,0,0,1,1,0,0,0,1,1,1,0,0,1
"51071",0,1,1,0,0,1,0,0,0,1,0,1,1,0,0,1,0,1
"1806",0,0,1,1,0,1,1,1,1,0,0,1,0,0,1,0,1,1
"7083",1,0,0,0,1,0,1,1,0,0,1,0,1,1,0,1,0,0
"7084",0,0,0,1,1,0,0,0,1,1,0,0,0,0,1,1,0,0
"1854",1,1,1,1,1,1,1,1,1,1,1,1,1,1,1,1,1,1
"3704",1,1,1,1,1,1,1,1,1,1,1,1,1,1,1,1,1,1
"10682",1,1,1,1,1,1,1,1,1,1,1,1,1,1,1,1,1,1
"1892",1,1,1,1,1,1,1,1,1,1,1,1,1,1,1,1,1,1
"549",0,1,0,1,1,0,0,0,1,1,1,1,1,0,1,0,0,1
"1962",0,0,0,0,0,0,0,0,0,0,0,0,0,0,0,0,0,0
"1891",1,1,1,1,1,1,1,1,1,1,1,1,1,1,1,1,1,1
"11001",1,0,1,0,1,0,0,1,0,0,1,1,1,1,1,1,0,0
"28231",0,0,1,1,1,0,1,1,0,0,0,0,1,1,1,1,0,0
"53919",0,0,0,0,0,0,0,0,0,0,0,0,0,0,0,0,0,0
"10257",1,1,0,0,0,1,1,0,1,1,0,1,0,1,1,0,0,1
"28232",0,1,0,1,1,0,1,0,0,0,0,1,0,1,0,0,1,0
"2109",1,1,1,1,1,1,1,1,1,1,1,1,1,1,1,1,1,1
"2108",1,1,0,0,0,1,1,0,1,1,1,1,1,1,0,0,0,0
"2110",0,1,0,1,1,0,1,0,1,0,1,1,1,0,1,0,0,1
"55500",0,1,0,1,1,0,1,0,0,0,0,1,1,1,1,0,0,1
"55224",1,0,1,0,0,1,0,0,0,0,0,1,0,0,0,0,1,1
"8790",0,0,0,0,0,0,0,0,0,0,1,0,0,0,0,0,0,0
"51086",0,0,0,0,0,0,0,0,0,0,0,0,0,0,0,0,0,0
"2181",0,1,1,0,0,1,1,0,1,0,1,1,1,0,1,1,0,0
"2180",0,1,1,0,1,0,0,0,0,1,1,1,1,0,0,1,0,0
"2182",1,1,0,0,1,0,0,0,0,1,1,1,1,0,1,1,0,1
"81616",1,1,1,0,0,1,0,0,0,0,1,1,0,0,0,0,1,0
"51703",1,1,1,1,1,1,1,1,1,1,1,1,1,1,1,1,1,1
"23305",0,1,1,0,0,1,1,0,0,1,1,1,0,1,1,0,1,0
"116285",0,1,1,0,1,0,1,1,0,1,0,0,0,1,0,0,0,1
"5167",0,0,0,0,0,0,0,0,0,0,0,0,0,0,0,0,0,0
"5169",0,0,0,0,0,0,0,0,0,0,0,0,1,1,0,1,0,0
"6785",1,0,1,0,0,1,0,0,1,1,1,1,0,0,0,1,1,0
"60481",1,1,1,1,1,1,1,1,1,1,1,1,1,1,1,1,1,1
"54898",0,0,0,0,0,0,0,0,0,0,0,0,0,0,0,0,0,0
"79071",1,0,0,1,1,0,0,0,0,1,1,0,1,0,1,0,1,0
"1579",0,0,0,0,0,0,0,0,0,0,0,0,0,0,0,0,0,0
"2194",1,0,0,1,1,0,1,1,1,0,0,0,1,0,1,1,0,1
"10999",1,0,1,0,0,1,0,1,0,1,1,0,1,0,1,1,0,1
"376497",0,0,0,1,0,1,1,0,1,0,0,0,1,0,0,0,1,1
"230",1,0,0,1,0,1,1,0,1,1,0,1,1,1,0,0,1,0
"226",1,1,1,1,1,1,1,1,1,1,1,1,1,1,1,1,1,1
"229",0,0,0,0,0,0,0,0,0,0,0,0,0,0,0,0,0,0
"5208",0,0,0,0,0,0,0,0,0,0,0,1,0,0,0,0,0,0
"5207",1,0,1,0,1,0,0,1,1,1,0,0,1,0,0,0,1,1
"2203",0,0,1,1,1,0,1,1,0,0,0,1,1,1,0,1,1,0
"5210",0,0,0,1,0,1,1,1,0,1,0,0,0,1,0,1,0,0
"5209",1,1,1,1,1,1,1,1,1,1,1,1,1,1,1,1,1,1
"8789",1,0,0,1,1,0,1,1,1,0,0,1,0,1,1,0,0,0
"2235",1,1,0,0,1,0,0,0,0,1,1,1,0,0,1,1,0,1
"10840",1,0,0,1,0,1,0,1,0,0,1,0,1,0,1,0,0,1
"79901",0,0,0,0,0,0,0,0,0,0,0,0,0,0,0,0,0,0
"197258",1,0,1,0,1,0,0,1,1,1,1,0,1,1,0,0,1,0
"125061",0,0,1,1,1,0,1,1,0,1,0,0,1,0,0,0,0,0
"1719",0,1,0,0,0,1,0,0,1,1,1,1,1,1,0,1,0,0
"2356",0,1,0,1,1,0,0,0,0,1,1,1,1,0,1,1,0,1
"155184",NA,NA,NA,NA,NA,NA,NA,NA,NA,NA,NA,NA,NA,NA,NA,NA,NA,NA
"29988",1,0,1,0,1,0,1,1,0,0,1,0,1,0,1,0,0,1
"66035",0,1,0,1,1,0,0,0,0,1,1,1,0,0,1,0,1,1
"6518",1,0,1,0,1,0,1,1,0,0,0,0,1,1,1,0,0,1
"6514",0,0,0,0,0,0,0,0,0,0,0,0,0,0,0,0,0,0
"160428",0,0,0,0,0,0,0,0,0,0,0,0,0,0,0,0,0,0
"25902",0,1,0,0,0,1,0,1,0,1,0,0,1,0,1,0,0,1
"4522",0,1,0,0,0,1,0,0,1,1,1,1,1,1,1,1,0,0
"2519",1,0,1,0,0,1,0,1,0,1,0,1,0,0,1,1,1,0
"2517",1,0,0,1,1,0,0,0,1,1,1,1,0,0,1,1,1,1
"2184",0,1,1,0,1,0,0,0,1,1,1,1,1,0,0,1,0,1
"2271",0,1,0,1,1,0,0,0,1,1,1,1,1,1,1,1,0,0
"2523",1,0,1,0,1,0,0,1,1,0,1,0,0,1,0,0,0,0
"2525",1,0,0,1,0,1,1,1,0,0,0,0,1,0,0,0,0,0
"10690",0,0,0,0,0,0,0,0,0,0,0,0,0,0,0,0,0,0
"2683",1,0,1,1,0,1,1,1,1,0,0,0,0,0,1,0,0,1
"9334",1,1,1,1,1,1,1,1,1,1,1,1,1,1,1,1,1,1
"8704",1,0,0,0,1,0,1,0,0,0,1,0,1,1,1,1,0,1
"8703",1,1,0,0,0,1,0,0,0,1,1,1,1,1,1,0,0,0
"2820",0,0,0,1,1,0,0,1,1,0,0,1,0,0,0,1,0,1
"5832",1,1,0,0,0,1,0,0,1,1,1,1,1,0,1,1,0,1
"9563",1,0,0,1,0,1,1,1,0,0,0,0,0,0,1,1,0,0
"2539",1,0,0,1,1,0,0,0,1,1,1,0,1,0,1,1,0,0
"2542",1,0,1,0,1,0,0,0,1,0,0,1,1,0,1,1,0,0
"2593",1,0,0,1,1,0,0,1,1,0,0,0,1,1,0,1,0,0
"9514",1,0,0,1,0,1,1,1,1,0,0,0,0,1,1,1,0,0
"5476",1,1,1,1,1,1,1,1,1,1,1,1,1,1,1,1,1,1
"2720",0,0,1,1,0,1,0,1,1,0,0,1,0,1,0,0,1,0
"2588",0,1,0,1,1,0,0,0,1,1,1,0,0,1,0,0,1,0
"2581",0,0,1,1,1,0,1,0,1,0,1,1,0,1,0,1,1,0
"2583",0,0,0,0,0,0,0,1,0,0,0,0,0,0,0,1,0,0
"55454",1,1,1,1,1,1,1,1,1,1,1,1,1,1,1,1,1,1
"55790",1,1,0,0,1,0,1,0,0,1,1,0,0,1,0,0,1,1
"79586",1,0,1,0,1,0,0,1,1,0,0,0,1,1,1,1,0,1
"337876",0,0,0,0,0,0,0,0,0,0,0,0,0,0,0,1,0,0
"22856",1,1,1,1,1,1,1,1,1,1,1,1,1,1,1,1,1,1
"63917",1,1,1,1,1,1,1,1,1,1,1,1,1,1,1,1,1,1
"11226",0,0,0,1,1,0,1,0,1,1,0,1,1,1,1,0,0,0
"55568",0,1,1,1,1,1,1,0,1,1,0,1,1,1,1,1,1,1
"2589",1,1,1,1,1,1,1,1,1,1,1,1,1,1,1,1,1,1
"51809",0,0,1,0,0,1,0,0,1,1,0,1,0,0,1,0,1,1
"8693",0,1,1,1,1,0,1,0,0,0,1,0,1,1,1,1,0,0
"2591",0,1,1,1,0,1,1,1,0,0,1,0,0,1,1,0,0,1
"117248",0,0,0,0,0,0,0,0,0,0,0,0,0,0,0,0,0,0
"26290",1,0,1,0,1,0,0,1,0,0,1,1,0,1,1,1,0,1
"114805",0,0,0,0,0,0,0,0,0,0,0,0,0,0,0,0,0,0
"79695",0,0,1,1,1,0,0,0,0,1,1,1,1,0,1,1,1,0
"50614",1,0,0,1,0,1,1,1,1,0,0,0,1,1,0,0,0,1
"79623",0,0,1,0,0,1,1,1,1,0,0,0,1,1,1,0,0,0
"2590",0,1,0,0,1,0,0,1,0,0,0,1,1,0,0,0,1,0
"11227",0,0,0,0,0,0,0,0,1,0,0,0,0,0,0,0,0,0
"81031",0,0,0,0,0,0,0,0,0,0,0,0,0,0,0,0,0,0
"126792",1,1,0,1,0,1,0,1,0,0,1,1,0,0,1,1,0,1
"11285",1,0,0,1,0,1,0,1,1,0,1,1,1,1,1,1,0,0
"8972",1,0,0,1,1,0,0,0,1,1,0,0,0,0,1,1,0,0
"175",1,0,1,1,1,1,0,0,1,1,1,1,1,0,1,0,1,1
"26301",1,1,0,0,0,1,1,1,0,0,1,0,1,1,0,1,0,0
"4329",0,1,0,1,1,0,1,0,0,1,1,1,0,0,1,1,0,1
"7915",0,1,0,1,1,0,1,0,0,1,1,1,1,1,1,0,0,0
"2731",0,1,1,0,1,0,0,1,1,0,1,0,1,0,0,1,0,1
"275",1,0,0,1,1,0,0,1,0,1,0,1,0,1,0,0,1,0
"2653",0,1,0,1,1,0,1,0,0,1,1,1,1,0,0,1,0,0
"2651",0,0,0,0,0,0,0,0,0,1,1,1,0,0,0,1,0,0
"55343",0,0,0,1,1,0,0,1,1,0,0,1,1,0,1,1,0,1
"8836",0,1,1,1,1,0,0,0,1,1,1,1,1,1,0,1,0,0
"79017",1,1,1,1,1,1,1,1,1,1,1,1,1,1,1,1,1,1
"8908",0,0,1,0,0,0,0,1,0,0,0,0,0,0,0,0,0,0
"2992",1,1,1,1,1,1,1,1,1,1,1,1,1,1,1,1,1,1
"2997",0,0,0,1,1,0,0,1,0,0,1,1,1,0,0,1,0,0
"2998",0,0,0,0,0,0,0,0,0,0,0,0,0,0,0,0,0,0
"2687",1,0,1,0,0,1,0,1,0,0,0,1,1,1,0,0,0,0
"6472",1,1,1,1,1,1,1,1,1,1,1,1,1,1,1,1,1,1
"6470",1,0,0,0,1,0,1,1,0,1,1,0,1,1,0,1,0,0
"2717",1,1,1,1,1,0,1,0,1,1,1,1,1,1,1,1,0,1
"2632",0,1,0,0,0,1,0,0,1,1,1,1,1,0,0,1,0,1
"2990",1,1,1,1,1,1,1,1,1,1,1,1,1,1,1,1,1,1
"8372",0,0,1,1,1,0,1,1,1,0,0,0,0,1,1,1,0,1
"26035",0,1,0,1,1,0,0,0,1,1,1,0,0,0,0,1,1,0
"54480",1,1,1,1,1,1,1,1,1,1,1,1,1,1,1,1,1,1
"2131",0,1,0,1,0,1,1,0,0,0,1,1,1,1,0,1,1,0
"2132",0,0,1,1,1,0,1,1,0,1,0,1,0,0,1,1,0,1
"27087",1,0,1,0,1,0,0,0,1,1,1,1,0,0,1,1,0,1
"26229",0,1,0,1,0,1,1,0,1,1,1,1,1,1,0,0,1,0
"135152",0,1,1,0,1,0,1,1,1,0,0,0,0,1,1,0,1,1
"4669",1,0,0,1,1,0,1,1,0,0,0,0,0,0,0,1,1,1
"64579",0,0,0,0,0,0,0,0,0,0,0,0,0,0,0,0,0,0
"9348",0,0,0,0,0,0,0,0,0,0,0,0,0,0,0,0,0,0
"8509",0,1,0,0,0,1,0,0,0,1,1,0,1,1,1,1,0,0
"3340",1,0,1,1,0,1,1,1,0,0,0,0,0,1,1,0,0,1
"2137",0,0,0,1,0,1,0,1,1,0,0,0,0,0,1,1,0,1
"2135",1,0,1,0,1,0,0,0,1,1,1,1,0,0,1,0,0,1
"2134",1,0,0,1,1,0,0,1,1,0,0,0,1,0,0,0,0,1
"144195",1,1,1,1,1,1,1,1,1,1,1,1,1,1,1,1,1,1
"154091",1,1,0,0,1,0,1,0,1,1,1,0,0,1,1,0,1,0
"11182",0,0,0,1,1,0,1,1,0,0,0,0,1,0,1,1,0,0
"56606",1,0,0,1,1,0,0,0,1,0,1,0,0,1,1,0,0,0
"6523",1,0,1,0,1,0,1,1,0,0,0,0,0,1,0,0,1,1
"178",0,1,1,1,1,1,1,1,1,1,1,1,1,1,1,1,1,1
"5837",0,1,0,1,1,0,1,1,0,1,0,1,0,1,1,0,1,1
"5834",1,1,1,1,1,1,1,1,1,1,1,1,1,1,1,1,1,1
"5836",0,0,0,0,0,0,0,0,0,0,0,0,0,0,0,1,0,0
"2729",0,1,1,0,1,0,1,0,1,1,1,0,1,0,1,0,0,1
"2730",0,1,1,0,0,1,0,0,0,1,1,1,1,0,1,0,0,1
"2746",1,1,1,1,1,1,1,1,1,1,1,1,1,1,1,1,1,1
"2747",0,1,0,1,0,1,1,0,1,0,1,1,1,1,0,0,0,1
"10841",0,0,0,1,1,0,1,1,1,0,0,0,1,1,0,0,0,1
"27165",0,0,0,1,0,0,1,0,0,1,1,1,1,0,1,0,0,0
"2744",0,1,1,1,0,1,1,1,0,0,0,0,1,0,1,1,1,1
"79751",1,0,0,1,1,0,0,1,1,0,0,0,1,1,1,1,0,0
"83733",0,0,0,1,1,0,1,1,0,0,0,1,0,1,1,1,0,1
"2639",1,1,0,0,0,1,0,0,1,1,1,0,1,1,1,1,0,0
"57084",0,0,0,0,0,0,0,0,0,0,0,0,0,0,0,0,0,0
"57030",1,0,1,0,1,0,0,1,0,0,0,1,0,1,1,0,0,1
"246213",0,0,0,0,0,0,0,0,0,0,0,0,0,0,0,0,0,0
"51179",1,1,1,0,1,0,1,1,0,0,0,0,0,1,0,1,0,1
"54363",0,0,0,0,0,0,0,0,0,0,0,0,0,0,0,0,0,0
"2628",0,0,0,0,0,0,0,0,0,0,0,0,0,0,0,0,0,0
"9380",1,1,1,1,1,1,1,1,1,1,1,1,1,1,1,1,1,1
"2712",0,0,0,0,0,0,0,0,0,0,0,0,0,0,0,0,0,0
"2713",0,0,1,0,1,0,1,1,1,0,0,0,1,1,0,1,0,0
"2710",0,0,1,0,1,0,1,1,1,0,0,0,1,1,0,1,0,0
"3029",1,1,1,1,1,1,0,1,1,1,1,1,1,1,1,1,1,1
"6536",0,0,0,0,0,0,0,0,0,0,0,0,0,0,0,0,0,0
"5226",1,0,1,0,1,0,0,1,0,0,1,1,0,1,0,1,0,1
"27232",0,1,0,0,1,0,0,0,0,0,1,0,0,0,1,0,0,1
"57678",0,0,0,1,0,1,1,0,1,1,1,0,0,0,1,1,0,1
"80055",0,1,1,1,0,1,1,1,0,0,1,0,1,1,0,0,0,0
"54965",0,1,0,1,1,0,1,0,0,1,1,1,1,0,1,1,0,1
"93183",0,1,1,1,0,1,0,0,1,1,1,0,1,1,1,1,0,0
"2936",0,1,1,1,1,1,1,0,1,1,1,1,1,1,1,1,0,1
"2876",1,1,1,1,1,1,1,1,1,1,1,1,1,1,1,1,0,1
"7001",1,1,1,1,1,1,1,1,1,1,1,1,1,1,1,1,1,1
"5052",1,1,1,1,1,1,1,1,1,1,1,1,1,1,1,1,1,1
"2879",1,1,1,1,1,1,1,1,1,1,1,1,1,1,1,1,1,1
"2877",1,1,1,0,0,1,1,0,1,1,0,1,0,0,0,1,1,0
"257202",NA,NA,NA,NA,NA,NA,NA,NA,NA,NA,NA,NA,NA,NA,NA,NA,NA,NA
"2878",1,0,1,0,1,0,1,1,0,0,0,0,0,1,1,0,0,1
"2882",0,1,1,1,0,1,0,0,0,0,1,1,1,0,1,1,0,0
"10935",1,1,1,1,1,1,1,0,0,1,1,0,1,1,1,1,1,1
"2937",1,1,1,1,1,1,1,1,1,1,1,1,1,1,1,1,1,1
"2678",1,0,0,1,1,0,0,0,1,1,0,1,0,0,0,1,1,0
"2679",1,0,0,1,1,0,0,0,1,1,0,1,0,0,1,1,1,0
"2983",0,0,0,0,0,0,0,0,0,0,0,0,0,0,0,0,0,0
"4881",1,0,0,1,0,1,1,1,1,0,0,0,0,1,1,0,0,1
"3000",1,0,0,1,0,1,0,1,0,0,0,0,1,1,1,0,0,0
"2974",1,0,1,0,1,0,0,1,1,0,0,0,1,0,1,0,0,1
"4882",1,0,1,1,1,0,0,1,1,1,0,0,1,1,0,0,1,0
"2986",0,0,0,0,0,0,0,0,0,0,0,0,0,0,0,0,0,0
"2982",0,0,0,0,0,0,0,0,0,0,0,0,0,0,0,0,0,0
"2984",0,0,0,0,0,0,0,0,0,0,0,0,0,0,0,0,0,0
"2977",0,0,0,0,0,0,0,0,0,0,0,0,0,0,0,0,0,0
"9615",0,0,0,0,0,0,0,0,0,0,0,0,0,0,0,0,0,0
"763",0,0,1,0,0,0,0,1,1,0,1,0,0,0,1,0,1,0
"11238",1,0,1,0,1,0,0,1,1,0,1,0,0,1,1,0,1,0
"23556",1,1,0,0,0,1,1,1,0,1,0,1,1,0,1,1,0,1
"55650",0,1,1,0,0,1,0,1,0,1,0,1,0,0,1,0,0,1
"53905",0,0,0,0,0,0,1,0,0,0,1,0,0,0,0,0,0,0
"50506",0,0,0,0,0,0,0,0,0,0,0,0,0,1,0,1,0,0
"343",0,0,0,1,1,0,0,1,0,1,1,1,1,0,1,1,0,0
"5281",0,1,1,1,0,1,1,0,1,1,0,1,0,1,1,1,0,1
"84720",1,0,1,1,0,1,1,0,1,1,1,0,0,0,1,1,0,1
"54872",0,1,0,1,0,1,1,1,0,0,0,0,0,1,0,0,1,1
"80235",1,1,1,0,1,0,0,1,0,1,0,1,0,0,0,1,0,1
"128869",1,0,0,1,0,1,0,0,1,0,1,1,1,0,1,1,0,1
"10026",0,0,0,1,0,1,1,0,1,1,1,1,1,0,1,1,0,0
"51604",1,1,1,1,1,1,1,1,1,1,1,1,1,1,1,1,1,1
"94005",1,1,1,1,1,1,1,1,1,1,1,1,1,1,1,1,1,1
"8733",1,1,1,1,1,1,1,1,1,1,1,1,1,1,1,1,1,1
"3028",1,1,1,1,1,1,1,1,1,1,1,1,1,1,1,1,1,1
"3033",0,1,0,1,1,0,1,0,0,1,1,1,1,0,1,1,0,0
"3037",0,0,0,0,0,0,0,0,0,0,0,0,0,0,0,0,0,0
"3038",1,0,1,1,1,0,1,0,0,1,0,0,0,0,1,0,1,1
"3036",1,1,0,0,1,0,0,1,0,0,0,0,0,1,0,0,0,1
"27235",0,0,1,1,1,0,0,0,1,1,1,0,1,1,0,1,0,0
"6522",0,1,0,1,1,0,0,1,1,0,0,0,1,1,0,1,0,0
"83697",0,0,0,0,0,0,0,0,0,0,0,0,0,0,0,0,0,0
"6521",1,1,1,0,0,1,1,1,0,0,0,0,0,0,0,1,0,1
"6508",0,1,0,1,0,1,1,1,0,0,1,0,1,1,0,0,1,0
"2645",1,1,0,1,1,0,1,1,0,0,0,0,1,1,0,1,1,0
"3098",1,1,1,1,1,1,1,1,1,1,1,1,1,1,1,1,1,1
"3099",1,0,1,0,0,1,1,1,0,0,0,0,1,1,1,1,0,0
"80201",0,0,0,0,0,0,0,0,0,0,0,0,0,0,0,0,0,0
"3101",0,0,1,1,1,0,1,1,0,0,0,0,1,0,1,1,0,0
"3081",0,0,0,0,0,0,0,0,0,0,0,0,0,0,0,0,0,0
"11112",0,1,0,1,1,0,0,0,1,0,1,0,0,0,0,1,0,1
"3067",1,1,0,0,1,0,0,1,1,0,1,0,1,1,0,1,0,0
"496",0,0,0,0,0,0,0,0,0,0,0,0,0,0,0,0,0,0
"495",0,0,1,1,1,0,1,1,1,0,1,0,0,0,1,1,0,0
"8942",0,0,0,1,1,0,0,0,1,1,0,0,0,0,1,1,0,1
"3157",1,0,1,0,0,1,0,1,0,0,1,0,1,0,1,1,0,1
"3158",0,0,0,0,0,0,0,0,0,0,0,0,0,0,0,0,0,0
"54511",0,0,0,0,0,0,0,0,0,0,0,0,0,0,0,0,0,0
"3155",1,1,1,1,1,1,0,1,1,1,1,1,1,1,1,1,1,1
"3162",1,0,1,0,1,0,0,1,0,0,1,0,0,0,0,1,0,1
"26062",0,0,0,0,0,0,0,0,0,0,0,0,0,0,0,0,0,0
"197257",0,0,0,0,0,0,0,0,0,0,0,0,0,0,0,0,0,0
"6448",1,1,1,1,1,0,1,1,1,1,1,1,1,1,1,1,1,1
"3290",0,0,1,0,0,1,1,0,0,1,0,0,1,1,0,1,0,0
"3291",0,0,1,0,0,0,0,1,0,0,0,0,1,1,1,0,0,0
"3292",1,0,0,1,1,0,0,1,0,0,0,0,1,0,1,1,0,0
"3294",0,0,0,0,0,0,0,0,0,0,0,0,0,0,0,0,0,0
"51478",0,0,0,1,1,0,1,0,1,1,0,0,0,1,0,0,0,0
"3283",0,0,0,0,0,0,0,0,0,0,0,0,0,0,0,0,0,0
"3284",0,0,0,0,0,0,0,0,0,0,0,0,0,0,0,0,0,0
"80270",1,0,1,0,0,1,0,1,0,0,0,0,1,1,1,1,0,0
"57026",0,1,0,1,1,0,1,0,0,0,1,1,1,0,1,1,0,1
"3419",1,0,1,0,1,0,1,0,0,0,1,1,1,1,1,1,0,1
"3421",1,1,1,1,1,1,1,1,1,1,1,1,1,1,1,1,1,1
"3420",1,1,1,1,1,1,1,1,1,1,1,1,1,1,1,1,1,1
"3417",1,1,0,1,1,0,0,0,1,1,1,1,1,1,0,1,1,0
"3418",0,1,0,1,1,0,1,1,0,1,0,0,0,1,0,1,1,0
"7173",1,0,0,1,1,0,0,1,0,0,0,0,0,0,0,0,1,1
"3425",0,0,0,1,1,0,0,1,0,0,0,0,1,1,1,0,1,1
"587",0,0,1,1,1,0,0,1,1,0,0,0,1,1,1,1,0,0
"8501",1,0,0,0,1,0,1,1,1,0,0,0,1,1,1,0,1,0
"55586",0,0,0,0,0,0,0,0,0,0,0,0,0,0,0,0,0,0
"114134",0,1,1,0,0,1,0,0,1,1,1,0,0,0,1,1,0,1
"6526",1,1,1,1,1,1,0,1,1,1,1,1,1,1,1,1,1,1
"3422",1,1,1,1,1,1,1,1,1,1,1,1,1,1,1,1,1,1
"91734",1,0,1,0,0,1,1,0,1,1,0,0,1,1,0,1,0,1
"160728",0,0,1,1,1,0,0,1,1,0,0,0,0,0,1,1,1,1
"8801",1,1,1,1,1,1,1,0,1,1,1,1,1,1,1,1,1,1
"8802",1,1,1,0,1,0,0,0,1,0,0,1,1,1,1,0,1,1
"8803",0,0,1,1,1,1,1,1,0,1,1,1,1,1,1,1,0,0
"9990",1,1,1,1,1,0,1,0,1,1,1,1,1,0,1,0,1,1
"6560",0,0,1,1,0,1,1,1,1,0,0,0,1,1,0,1,0,1
"57468",0,0,0,0,0,0,0,0,0,0,0,0,0,0,0,0,0,0
"3795",1,0,0,0,1,0,0,1,1,0,1,1,1,0,0,1,0,1
"84679",0,1,1,0,1,0,1,0,0,0,0,1,1,1,0,0,0,1
"23315",1,1,1,1,1,1,1,1,1,1,1,1,1,1,1,1,1,1
"8564",0,0,0,0,0,0,0,0,0,0,0,0,0,0,0,0,0,0
"3938",0,0,0,0,0,0,0,1,0,0,0,0,1,0,0,0,0,0
"53",0,0,1,1,1,0,0,0,1,0,1,1,1,1,0,0,0,0
"3931",0,0,0,1,1,0,1,1,1,0,0,0,1,1,0,0,1,0
"387775",NA,NA,NA,NA,NA,NA,NA,NA,NA,NA,NA,NA,NA,NA,NA,NA,NA,NA
"124637",1,1,0,0,1,0,0,1,0,1,0,0,1,1,1,0,1,0
"366",1,1,1,0,0,0,1,0,0,0,0,0,1,1,0,1,0,0
"11283",0,0,0,0,0,0,0,0,0,0,0,0,0,0,0,0,0,0
"4047",0,1,0,1,1,0,0,1,0,1,1,1,0,0,0,0,1,1
"1178",0,0,1,1,1,0,0,1,0,1,1,0,1,1,0,1,1,0
"5321",0,0,0,0,0,0,0,0,0,0,0,0,0,1,0,0,0,0
"29124",0,0,0,0,0,0,0,0,0,0,0,0,0,0,0,0,0,0
"51268",0,0,1,0,1,0,0,0,0,1,0,1,0,0,0,0,1,1
"4023",0,0,0,0,0,0,0,0,0,0,0,0,0,0,0,0,0,0
"1056",0,0,0,0,0,0,0,0,1,0,0,0,0,0,0,0,0,0
"3990",0,0,0,1,0,0,0,0,0,0,1,0,0,0,0,0,1,0
"80339",0,0,0,0,0,0,0,0,0,0,0,0,0,0,0,0,0,0
"11343",1,1,0,1,1,0,0,1,0,0,1,0,1,0,1,1,0,0
"50487",1,1,1,0,0,1,1,1,0,0,0,0,1,1,0,0,1,0
"9227",0,0,0,0,0,0,0,0,0,0,0,0,0,0,0,0,0,0
"6309",1,0,1,0,1,0,0,0,0,1,1,0,0,1,0,0,0,1
"4048",1,1,1,1,1,1,1,1,1,1,1,1,1,1,1,1,1,1
"4258",0,1,1,1,1,0,0,1,0,1,1,1,0,1,1,1,0,1
"4259",1,1,1,1,1,1,1,1,1,1,1,1,1,1,1,1,1,1
"4056",0,1,0,1,1,0,1,1,1,0,0,0,1,0,0,0,0,1
"2954",0,0,1,1,1,0,1,0,1,1,1,0,1,0,0,1,0,1
"2548",1,0,0,1,1,0,1,1,0,0,0,0,0,0,1,0,1,1
"56922",1,1,1,1,1,1,1,0,1,1,1,1,1,1,1,1,1,1
"64087",0,1,1,1,0,1,1,0,0,1,1,1,1,1,1,1,0,0
"23417",1,0,0,1,1,0,0,1,1,1,0,0,1,0,1,0,0,1
"4357",1,0,0,1,1,0,1,1,1,0,0,0,0,0,1,1,0,1
"4190",1,1,1,1,1,1,1,1,1,1,1,1,1,1,1,1,1,1
"4191",1,1,1,1,1,1,1,1,1,1,1,1,1,1,1,1,1,1
"4200",0,1,1,0,0,1,1,0,1,0,1,1,1,1,0,1,0,0
"4199",0,1,1,0,0,1,0,1,0,0,0,1,0,0,1,1,1,0
"10873",1,0,0,1,1,0,0,1,1,0,1,1,0,0,1,1,0,1
"3620",1,1,0,0,0,1,0,1,1,0,0,1,1,0,1,1,0,1
"1545",0,0,0,0,0,0,0,0,0,0,0,0,0,1,0,1,0,0
"1543",0,0,0,0,0,0,0,0,0,0,0,0,0,1,0,0,0,0
"1557",1,0,0,0,0,0,0,0,1,0,0,0,1,0,0,0,0,0
"1544",1,0,1,0,1,0,1,1,1,0,0,0,1,1,0,1,0,1
"27430",1,1,1,1,1,1,1,1,1,1,1,1,1,1,1,1,1,1
"4144",1,1,1,1,1,1,1,1,1,1,1,1,1,1,1,1,1,1
"4143",1,0,0,0,1,0,0,1,0,0,0,0,1,0,0,0,1,1
"4548",1,1,1,1,1,1,1,0,1,1,1,1,1,1,1,1,1,1
"4598",1,0,1,0,0,1,0,1,1,1,0,0,0,1,1,1,0,1
"8867",0,1,0,1,1,0,1,0,1,1,1,0,0,1,0,1,1,1
"3635",0,1,1,1,1,1,1,1,1,1,0,1,1,1,1,1,1,1
"3632",0,0,0,1,1,0,1,0,0,1,1,1,1,0,0,1,0,0
"3636",0,0,0,1,1,0,0,0,1,1,1,0,1,0,0,1,0,0
"27124",1,0,1,0,1,0,0,1,0,0,0,0,1,1,0,1,1,0
"3633",1,0,0,0,0,1,1,0,1,0,0,1,1,1,1,1,0,0
"56623",1,1,1,0,1,0,0,0,0,1,1,1,0,1,0,0,1,0
"3628",0,1,1,1,0,1,0,0,0,1,1,1,1,0,1,1,0,1
"3706",0,0,0,1,0,1,1,1,0,0,0,0,1,0,0,0,0,1
"3707",1,1,1,1,1,1,1,1,1,1,1,1,1,1,1,1,1,1
"80271",1,0,1,0,1,0,0,0,1,1,0,1,0,0,1,0,0,1
"51477",1,0,0,1,1,0,0,1,1,0,1,1,1,1,1,0,0,0
"8821",0,1,1,0,1,0,1,1,0,0,0,1,1,0,1,0,0,1
"3631",0,1,1,1,1,1,1,0,1,1,1,1,1,1,1,1,1,1
"2595",0,1,1,0,1,0,0,1,1,1,1,1,0,0,1,0,0,1
"84693",0,0,0,1,1,0,1,0,0,1,0,1,0,1,0,1,0,1
"4594",0,0,1,1,0,1,1,1,1,0,1,0,1,1,1,1,1,1
"80168",0,1,0,0,0,0,0,0,0,0,0,0,0,0,0,0,0,1
"116255",1,0,1,0,1,0,0,0,0,1,1,1,1,1,1,0,1,1
"4507",0,0,0,1,0,1,1,0,1,1,0,1,1,1,1,1,0,0
"10797",0,1,1,1,0,1,1,0,1,1,1,1,1,1,1,1,0,0
"56913",0,0,1,1,0,1,0,0,0,1,1,1,1,0,0,1,1,0
"91703",1,0,0,0,0,0,0,1,0,0,0,0,0,1,0,0,0,0
"443",0,0,0,0,0,0,0,0,0,0,0,0,0,0,0,0,0,0
"4668",0,0,1,0,1,0,1,0,1,0,0,0,1,1,1,1,0,0
"9498",0,1,1,0,1,0,1,0,0,1,0,0,1,0,1,1,0,1
"57282",NA,NA,NA,NA,NA,NA,NA,NA,NA,NA,NA,NA,NA,NA,NA,NA,NA,NA
"6528",1,0,1,0,1,0,0,1,1,1,0,0,0,1,1,0,0,1
"482",0,1,1,0,1,0,0,0,1,0,1,0,0,0,0,1,0,1
"476",1,1,1,1,1,1,1,1,1,1,1,1,1,1,1,1,1,1
"480",0,0,0,0,0,0,0,0,0,0,0,0,0,0,0,0,0,0
"483",0,1,1,1,1,1,1,1,1,0,1,1,1,1,1,1,0,1
"23439",0,0,0,0,0,0,0,0,0,0,0,0,0,0,0,0,0,0
"477",0,0,0,0,0,0,0,0,0,0,0,0,0,0,0,0,0,0
"481",0,1,0,0,1,0,1,0,1,1,0,1,0,1,0,0,1,0
"478",0,1,1,0,0,1,1,0,1,0,0,0,0,0,1,0,0,1
"6549",0,0,0,1,0,1,0,1,0,0,0,0,0,0,0,0,0,0
"6550",0,1,0,1,1,0,0,0,0,1,1,1,1,1,1,0,0,1
"6548",0,0,1,1,1,0,1,0,1,0,0,0,0,1,0,1,1,0
"84735",0,0,0,0,0,0,0,0,1,0,0,0,1,0,0,1,0,0
"55748",1,0,1,0,0,1,1,0,1,0,0,0,0,1,1,1,0,0
"6559",0,0,1,0,1,0,0,1,0,0,0,0,0,0,0,0,0,1
"57419",0,0,0,0,0,0,0,0,0,0,0,0,0,0,0,0,0,0
"123041",0,0,0,0,0,0,0,0,0,0,0,0,0,0,0,0,0,0
"9187",0,1,1,0,0,1,1,1,1,0,0,1,1,1,1,0,1,0
"25769",0,0,0,0,0,0,0,0,0,0,0,0,0,0,0,0,0,0
"124583",0,1,0,0,0,1,0,1,0,0,0,0,0,0,0,1,0,1
"79077",1,1,1,1,1,1,1,1,1,1,1,1,1,1,1,1,1,1
"9583",0,1,0,1,0,1,1,0,1,1,0,1,0,1,0,1,1,0
"1841",1,1,0,1,0,1,1,0,1,0,1,1,1,0,0,1,0,0
"4832",1,1,0,1,1,0,0,0,1,1,1,1,1,1,1,1,1,1
"4830",1,1,1,1,1,1,1,1,1,1,1,1,1,1,1,1,1,1
"29922",0,1,1,1,1,0,1,0,1,1,0,1,1,1,0,0,1,0
"10201",0,0,1,0,0,1,1,0,1,1,1,1,1,0,1,1,0,0
"4831",1,1,1,1,1,1,1,1,1,1,1,1,1,1,1,1,1,1
"4833",0,0,0,1,0,1,1,0,0,1,1,1,1,0,1,0,1,0
"57127",0,1,1,0,0,1,1,1,1,0,0,0,1,1,0,0,0,1
"6005",0,0,0,0,0,0,0,0,0,0,0,0,0,0,0,0,0,0
"6557",0,0,0,0,0,0,0,0,0,0,0,0,0,0,0,0,0,0
"6558",0,1,1,1,1,0,1,0,0,0,1,1,1,0,1,1,0,0
"349565",0,0,0,1,0,1,1,1,0,0,0,1,1,0,0,0,1,0
"64802",0,0,0,0,0,0,1,0,0,1,1,0,0,0,1,1,0,1
"23057",0,0,0,0,0,0,0,0,0,0,0,0,0,0,0,0,0,0
"10135",1,1,1,1,1,1,1,1,0,1,1,1,1,1,1,0,1,1
"4837",1,0,0,1,1,0,0,1,0,0,0,1,0,1,0,0,1,1
"5409",1,0,0,1,1,0,1,1,0,0,0,0,1,0,1,0,0,1
"4843",1,0,1,1,0,1,1,1,1,0,0,0,1,1,0,0,0,1
"4846",1,1,0,0,1,0,1,1,0,0,0,0,0,1,1,1,0,0
"4842",0,0,0,0,0,0,0,0,0,0,0,0,0,0,0,0,0,0
"4860",1,1,1,1,1,1,1,0,1,1,1,1,1,1,1,1,1,0
"6580",0,1,0,1,1,0,1,1,0,0,0,1,0,0,0,1,0,0
"55808",0,0,0,0,0,0,0,0,0,0,0,0,0,0,0,0,0,0
"30833",1,0,0,1,1,0,1,1,0,0,1,0,0,1,1,0,0,1
"5251",0,0,0,0,0,0,1,0,0,0,0,0,1,0,0,0,1,0
"56953",0,1,1,1,1,0,1,1,0,0,0,0,1,1,0,1,0,1
"4907",0,0,0,1,1,0,1,0,0,0,0,1,1,0,0,1,1,1
"6476",0,0,0,0,0,0,0,0,0,0,0,0,0,0,0,0,0,0
"5009",0,0,0,0,0,0,0,0,0,0,0,0,0,0,0,0,0,0
"5019",1,1,1,1,1,1,1,1,1,1,1,1,1,1,1,1,1,1
"64064",1,0,0,1,1,0,0,1,1,0,0,0,1,1,0,0,1,0
"1629",0,1,0,1,0,1,1,1,1,0,0,0,0,1,1,0,0,1
"594",0,0,1,1,1,0,1,1,0,0,0,0,0,1,0,1,0,1
"593",1,1,1,1,1,1,0,1,1,1,1,1,1,1,1,1,1,1
"26873",1,1,0,0,0,1,0,1,0,0,1,0,1,0,1,0,0,1
"4942",1,1,1,1,1,1,1,1,1,1,1,1,1,1,1,1,1,1
"7372",1,1,1,0,0,1,0,0,1,0,1,0,1,1,1,1,0,0
"10861",1,0,0,1,0,1,1,1,0,0,0,0,0,1,1,0,0,1
"1811",0,0,0,0,0,0,0,0,0,0,0,0,0,0,0,0,0,0
"1836",0,1,1,1,0,1,0,0,0,1,1,0,0,1,0,1,0,1
"1583",0,0,0,1,0,1,0,1,0,0,0,0,0,0,1,0,0,0
"1584",0,0,0,0,0,0,0,0,0,0,0,0,0,0,0,0,0,0
"1585",1,0,0,1,0,1,0,1,1,1,0,0,1,1,1,0,1,0
"1586",0,0,0,0,0,0,0,0,0,0,0,0,0,0,0,0,0,0
"1588",0,0,0,0,0,0,0,0,0,0,0,0,0,0,0,0,0,0
"1576",1,0,1,0,0,1,1,0,1,0,0,1,1,1,1,1,0,0
"1593",1,0,1,1,1,0,0,1,0,0,0,1,1,1,1,0,0,0
"1548",1,0,1,0,1,0,1,1,1,1,0,0,1,1,1,0,0,0
"1553",0,1,0,0,1,0,1,1,0,0,0,0,0,1,0,0,1,1
"1562",0,0,0,0,0,0,0,0,0,0,0,0,0,0,0,0,0,0
"1558",0,0,0,0,0,0,0,0,0,0,0,0,0,0,0,0,0,0
"1559",0,0,0,0,0,0,0,0,0,0,0,0,0,0,0,0,0,0
"1565",1,0,0,1,1,0,0,1,1,0,0,0,0,1,1,0,1,0
"1572",1,0,0,0,0,0,0,0,0,0,0,0,0,0,0,0,0,1
"51302",0,0,0,0,0,0,0,0,0,0,0,0,0,0,0,0,0,0
"64816",0,0,0,0,0,0,0,0,0,0,0,0,0,0,0,0,0,0
"1577",0,0,0,0,0,0,0,0,0,0,0,0,0,0,0,0,0,0
"1551",0,0,0,0,0,0,0,0,0,0,0,0,0,0,0,0,0,0
"10858",0,0,0,1,1,0,1,1,0,0,0,0,0,0,1,0,0,1
"66002",1,0,1,0,1,0,0,1,1,0,0,1,0,0,0,0,1,1
"8529",0,0,0,0,0,0,0,0,0,0,0,0,0,0,0,0,0,0
"4051",0,0,0,0,0,0,0,0,0,0,0,0,0,0,0,0,0,0
"9420",0,0,0,0,0,0,0,0,0,0,0,0,0,0,0,0,0,0
"1582",0,0,0,0,0,0,0,0,0,0,0,0,0,0,0,0,0,0
"5831",1,0,1,0,1,0,0,1,1,0,0,0,1,0,1,0,0,0
"5050",1,1,0,1,1,0,1,1,0,0,0,0,1,1,1,1,0,0
"5051",1,1,0,0,1,0,1,1,1,0,1,0,0,0,1,1,0,1
"5049",0,1,0,0,0,1,1,1,1,0,0,0,1,1,0,1,0,1
"5048",1,1,1,1,1,1,1,1,1,1,1,1,1,1,1,1,1,1
"7941",0,0,0,0,0,0,0,0,0,0,0,0,0,0,0,1,0,0
"347734",1,1,1,1,1,1,1,1,1,1,1,1,1,1,1,1,1,1
"57194",1,0,0,0,1,0,0,0,1,0,1,1,1,0,1,0,0,1
"5337",0,0,0,0,0,0,0,0,0,0,0,0,0,0,0,0,1,0
"5338",1,0,0,1,1,0,1,1,0,0,1,0,1,1,1,0,0,0
"130013",0,0,0,0,0,0,0,0,0,0,0,0,0,0,0,0,0,0
"5091",1,0,0,1,1,0,0,1,0,0,1,0,1,1,1,1,0,0
"5244",0,1,0,1,0,1,0,1,1,0,0,1,0,1,1,0,1,0
"5136",0,0,0,0,0,0,0,0,0,0,0,0,0,0,0,0,0,0
"5142",1,1,1,1,1,1,1,1,1,1,1,1,1,1,1,1,1,1
"5137",0,0,0,0,0,0,0,0,0,0,0,0,0,0,0,0,0,0
"5151",0,0,1,0,1,0,1,1,0,0,0,0,0,0,1,0,1,0
"50940",0,0,0,0,0,0,0,0,0,0,0,0,0,0,0,0,0,0
"5139",0,0,0,0,0,0,0,0,0,0,0,0,0,0,0,0,0,0
"5140",1,1,1,1,1,1,1,1,1,1,1,1,1,1,1,1,1,1
"27115",0,0,0,0,0,0,0,0,0,0,0,0,0,0,0,0,0,0
"5144",1,0,1,0,0,1,1,1,0,0,0,1,0,1,0,1,1,0
"5153",1,0,1,0,1,0,1,1,1,0,0,0,1,0,1,1,0,0
"5150",1,1,1,1,1,1,1,1,1,1,1,1,1,1,1,1,1,1
"5138",1,1,0,1,1,0,1,0,0,1,0,1,0,0,1,1,0,0
"8622",0,0,0,0,0,0,0,0,0,0,0,0,0,0,0,0,0,0
"5141",0,1,0,1,1,0,1,0,0,0,1,0,1,0,1,1,0,1
"5143",0,0,1,1,0,1,1,1,0,0,0,1,1,1,1,0,1,0
"10846",0,0,0,0,0,0,0,0,0,0,0,0,0,0,0,0,0,0
"5152",1,0,0,1,1,0,0,1,0,1,1,1,0,1,0,0,1,0
"5148",1,1,1,0,1,0,1,1,0,0,0,0,1,0,1,1,1,0
"8654",0,1,1,0,1,0,1,0,1,1,0,0,0,0,1,0,1,1
"5145",0,0,0,1,1,0,0,0,1,0,0,0,0,0,0,0,0,0
"5147",0,1,0,0,1,0,1,0,1,0,1,1,0,0,1,1,0,1
"5146",0,0,0,0,0,0,0,0,0,0,0,0,0,0,0,0,0,0
"5158",0,0,1,1,1,0,0,1,1,0,0,0,1,1,0,1,0,0
"5149",0,0,0,0,0,0,0,0,0,0,0,0,0,0,0,0,0,0
"1737",1,0,1,0,1,0,1,0,0,1,1,1,1,0,1,1,0,0
"5162",1,1,1,1,1,1,1,1,1,1,1,1,1,1,1,1,1,1
"5160",1,1,1,1,1,1,1,1,1,1,1,1,1,1,1,1,1,1
"5161",1,1,1,0,1,0,0,1,0,1,0,0,1,0,1,0,1,1
"55163",0,1,0,1,0,1,0,1,0,1,0,1,1,1,1,1,0,0
"10396",0,1,1,0,0,1,0,1,1,0,0,0,1,0,0,0,1,0
"5105",0,0,0,0,0,0,0,0,0,0,0,0,0,0,0,0,0,0
"5106",0,0,1,1,0,1,1,0,1,1,0,0,1,1,1,0,1,1
"8310",0,1,0,1,1,0,0,1,0,1,0,1,0,0,1,1,0,1
"5833",1,0,0,1,1,0,0,1,1,1,1,0,1,0,0,1,0,1
"10400",0,1,0,1,1,0,0,1,0,1,1,0,1,0,1,1,0,1
"26227",1,0,1,0,0,1,1,1,0,0,1,0,1,1,0,0,0,0
"5730",1,0,1,0,1,0,0,0,1,1,1,0,0,0,0,1,0,1
"27306",0,0,0,0,0,0,0,0,0,1,1,0,0,1,0,0,0,0
"9536",1,0,0,1,0,1,1,1,0,0,1,0,0,1,0,1,0,1
"80142",1,0,0,1,1,0,0,1,1,0,0,0,1,1,1,0,0,1
"5740",0,0,0,0,0,0,0,0,0,0,0,0,0,0,0,0,0,0
"114971",0,1,0,1,1,0,1,0,0,1,1,0,1,0,1,1,0,1
"9489",0,0,1,0,0,1,1,1,1,0,1,0,1,1,0,0,0,1
"5743",0,0,0,0,0,0,0,0,0,0,0,0,0,1,0,1,0,0
"5742",1,0,1,0,0,0,1,1,0,1,0,0,0,0,0,1,0,0
"6898",1,1,0,0,1,0,1,1,0,0,0,0,1,1,1,0,0,0
"5053",0,0,0,0,0,0,0,0,0,0,0,0,0,0,0,0,0,0
"5264",1,1,0,1,1,1,1,1,0,1,0,1,1,1,1,1,1,1
"5728",1,1,1,1,1,1,1,1,1,1,1,1,1,1,1,1,1,1
"8871",0,1,1,1,1,0,1,0,0,0,0,1,0,1,0,0,1,0
"8395",1,1,1,0,1,0,0,1,0,0,0,1,0,1,0,1,0,1
"8394",1,0,1,0,0,1,1,0,0,0,0,1,1,0,0,1,0,1
"23396",1,1,1,1,1,1,1,1,1,1,1,1,1,1,1,1,1,1
"5297",1,1,1,1,1,1,1,1,1,1,1,1,1,1,1,1,1,1
"55361",1,1,0,0,1,0,1,0,1,1,1,1,0,0,1,1,0,1
"5298",1,1,1,1,1,1,1,0,1,1,1,1,1,1,1,1,1,1
"5295",1,1,1,1,1,1,1,1,1,1,1,1,1,1,1,1,1,1
"23533",1,1,1,1,1,1,1,1,1,1,1,1,1,1,1,1,1,1
"5290",0,1,1,0,1,1,1,0,0,0,1,0,0,0,1,0,1,1
"5293",1,1,1,1,1,1,1,1,1,1,1,1,1,1,1,1,1,1
"5296",1,0,0,0,0,1,0,1,1,1,0,0,1,1,1,1,0,0
"8503",0,0,1,1,0,1,0,0,1,1,1,0,0,0,1,1,1,1
"5291",0,0,1,0,0,1,1,0,1,1,1,1,1,1,0,0,1,0
"5294",1,1,1,0,0,1,0,1,1,1,0,1,1,0,1,1,0,1
"10870",1,1,1,1,1,1,1,1,1,1,1,1,1,1,1,1,1,1
"4952",0,1,1,0,0,1,0,0,0,1,0,1,0,0,1,1,0,0
"23236",1,1,1,0,0,1,0,0,1,1,0,1,0,0,0,0,1,1
"5336",1,1,0,0,0,1,1,1,0,0,0,1,1,0,0,1,1,0
"5335",1,0,0,1,0,1,1,1,0,0,0,1,0,1,0,0,1,0
"5334",0,1,1,1,1,0,0,0,0,1,1,1,0,1,0,1,1,0
"5331",1,0,0,1,1,0,1,1,0,0,0,0,1,1,0,0,1,0
"257068",0,0,1,1,1,0,0,0,1,1,1,1,1,0,0,0,1,1
"84812",1,0,1,0,1,0,1,0,1,0,0,1,0,1,1,0,0,1
"5330",1,0,1,1,1,0,1,0,1,0,1,0,1,1,1,1,0,0
"23007",0,0,0,0,0,0,0,0,0,0,0,0,0,0,0,0,0,0
"51196",0,0,0,0,0,0,0,0,0,0,0,0,0,0,0,0,0,0
"5332",0,0,0,0,0,0,0,0,0,0,0,0,0,0,0,0,0,0
"113026",1,1,1,0,1,0,1,1,1,0,0,0,0,1,1,0,0,1
"5333",1,1,1,0,1,0,1,0,1,1,1,0,0,1,0,1,1,1
"89869",0,0,0,0,0,0,0,0,0,0,0,0,0,0,0,0,0,0
"5288",0,0,0,0,0,0,0,0,0,0,0,0,0,0,0,0,0,0
"5286",0,0,1,1,0,1,1,0,1,0,1,1,0,1,0,1,0,1
"5287",1,1,1,1,1,1,1,1,1,1,1,1,1,1,1,1,1,1
"200576",1,0,1,1,0,1,1,1,0,0,0,0,0,1,0,0,1,0
"5305",1,1,1,1,1,1,1,1,1,1,1,1,1,1,1,1,1,1
"79837",1,1,1,1,1,1,1,1,1,1,1,1,1,1,1,1,1,1
"5289",0,0,1,1,0,1,0,1,0,1,1,0,0,0,0,0,1,1
"5277",0,0,1,1,0,1,0,0,1,1,0,1,1,1,1,0,0,1
"51227",1,1,1,1,1,1,0,1,1,1,1,1,1,1,1,1,1,1
"8818",0,1,0,1,1,0,1,1,1,0,1,0,1,0,1,1,0,1
"9091",0,0,1,0,1,0,0,1,1,0,0,0,1,1,0,1,0,0
"5279",1,1,1,1,1,1,1,1,1,1,1,1,1,1,1,1,1,1
"5283",1,1,0,1,1,0,1,0,1,1,1,0,1,1,1,1,1,1
"123745",NA,NA,NA,NA,NA,NA,NA,NA,NA,NA,NA,NA,NA,NA,NA,NA,NA,NA
"8398",1,0,1,1,1,0,1,1,0,0,0,0,0,1,0,0,1,1
"64600",0,0,0,0,0,0,0,0,0,0,0,0,0,0,0,0,0,0
"81579",0,1,1,0,1,0,0,0,0,1,1,1,1,1,1,0,1,0
"100137049",1,1,0,1,1,0,0,1,0,0,1,1,0,1,0,0,1,0
"5322",0,0,0,0,0,0,0,0,0,0,0,0,0,0,0,0,0,0
"5320",1,0,0,0,1,0,1,1,1,0,0,0,1,1,1,0,0,1
"30814",1,0,1,0,1,0,1,1,0,0,0,0,1,1,0,0,0,1
"26279",0,0,1,0,1,0,0,1,0,0,0,0,1,0,0,0,0,0
"5319",0,0,0,0,0,0,0,0,0,0,0,0,0,0,0,0,0,0
"10654",1,1,1,1,1,1,1,1,1,1,0,1,1,1,1,1,0,1
"117283",0,0,0,0,0,0,0,0,0,0,0,0,0,0,0,0,0,0
"9807",0,1,0,1,0,1,0,0,1,1,1,1,1,1,0,1,0,0
"51447",1,1,1,1,1,1,1,1,1,1,1,1,1,1,1,1,1,1
"8876",0,0,0,0,0,0,0,0,0,0,0,0,0,0,0,0,0,0
"8875",1,0,1,1,0,1,1,0,1,1,1,1,0,0,0,0,1,1
"55350",0,0,0,0,0,0,0,0,0,0,0,0,0,0,0,0,0,0
"27068",0,1,0,1,1,0,1,0,0,1,1,1,1,1,1,1,0,0
"8613",0,0,0,0,0,0,0,0,0,0,0,0,0,0,0,0,0,0
"8611",1,1,0,0,1,0,1,1,0,1,0,1,0,0,0,0,0,1
"8612",0,0,0,1,0,0,0,1,0,0,1,0,0,0,0,1,1,0
"5498",1,0,0,1,1,0,0,1,0,1,1,0,0,0,0,0,1,1
"8288",0,0,1,0,0,0,1,0,1,0,0,0,0,0,1,0,0,1
"9588",1,1,1,1,1,1,1,1,1,1,1,1,1,1,1,1,1,1
"4353",0,0,0,0,0,0,0,0,0,0,0,0,0,0,0,0,0,0
"5625",1,1,1,0,0,1,1,1,0,0,0,0,1,0,0,0,0,0
"6578",1,0,1,0,0,1,0,1,0,0,1,1,1,1,1,0,1,0
"23761",1,1,1,1,1,1,1,1,1,1,1,1,1,1,1,1,1,1
"9791",1,1,1,1,1,1,1,1,1,1,1,1,1,1,1,1,1,1
"81490",1,0,0,1,1,0,1,1,0,0,1,0,1,1,1,1,0,1
"10005",1,0,1,0,1,0,1,0,1,1,1,0,0,0,1,1,0,1
"10965",1,1,0,1,1,0,1,0,0,1,1,1,0,1,0,1,0,1
"122970",1,0,1,0,0,1,0,1,1,1,1,0,0,0,1,1,0,1
"5805",1,1,1,1,1,1,1,1,1,1,1,1,1,1,1,1,1,1
"6303",1,1,1,1,1,1,1,1,1,1,1,1,1,1,1,1,1,1
"112483",1,1,1,1,1,1,1,1,1,1,1,1,1,1,1,1,1,1
"8566",0,1,0,0,0,1,1,1,0,0,0,0,0,1,0,1,0,0
"151531",0,0,0,0,0,0,0,0,0,0,0,0,0,0,0,0,0,0
"7378",1,1,1,1,1,1,1,1,1,1,1,1,1,1,1,1,1,1
"2944",0,1,1,0,0,1,0,0,0,1,1,1,0,1,0,0,1,0
"64080",0,1,0,1,1,0,1,0,0,0,1,1,1,1,1,0,0,0
"5959",0,1,1,0,1,0,1,0,1,1,0,0,0,1,1,0,1,0
"8608",1,0,1,0,1,0,1,0,1,0,0,1,0,0,1,0,1,1
"112724",0,0,1,1,1,0,1,1,0,0,0,1,0,1,1,0,0,1
"157506",1,1,1,0,1,0,0,0,1,0,1,1,1,0,1,0,0,1
"51109",1,1,1,1,1,1,1,1,1,1,1,1,1,1,1,1,1,1
"57665",1,1,1,1,1,1,1,0,1,1,1,1,1,1,1,1,1,1
"195814",0,0,0,0,0,0,0,0,0,0,0,0,0,0,0,0,0,0
"145226",1,0,1,0,0,1,1,0,0,1,0,1,0,0,1,0,1,0
"50700",1,0,1,1,1,0,0,0,1,0,1,0,0,0,1,1,0,1
"8228",1,0,0,0,0,1,0,0,0,1,1,1,1,0,1,0,1,1
"113278",1,0,1,0,0,1,1,1,0,1,0,0,0,1,1,0,1,1
"54981",0,1,1,0,0,1,0,0,1,1,1,1,0,1,0,0,1,0
"6482",1,1,1,1,1,1,1,1,1,1,1,1,1,1,1,1,1,1
"6484",1,0,0,1,1,0,0,1,0,1,0,0,0,0,0,1,0,1
"6483",1,0,0,1,0,1,1,1,0,0,0,0,0,0,0,1,1,1
"10090",1,0,1,0,1,0,1,0,0,1,0,1,1,0,1,0,1,1
"9653",0,0,1,1,1,0,0,0,0,1,1,1,1,0,1,1,0,1
"3423",1,1,1,1,1,1,1,1,1,1,1,1,1,1,1,1,1,1
"222537",0,0,0,0,0,0,0,0,0,0,0,0,0,0,0,0,0,0
"9957",0,0,0,0,0,0,0,0,0,0,0,0,0,1,0,0,0,0
"9951",1,0,1,0,0,1,0,1,0,0,0,0,0,0,0,0,0,0
"9956",0,0,1,0,0,1,0,1,0,1,1,1,0,1,1,1,0,1
"9955",0,0,0,0,0,0,0,0,0,0,0,0,0,0,0,0,0,0
"9953",1,1,0,0,1,0,0,0,1,1,1,0,0,1,1,1,0,0
"55501",0,1,0,1,0,1,0,1,1,0,0,0,0,0,1,1,1,1
"113189",1,0,0,1,0,1,1,0,1,0,1,0,1,0,1,1,0,0
"50515",1,1,1,1,1,1,1,0,1,1,1,1,1,1,1,1,1,1
"166012",0,0,0,1,0,0,0,0,0,0,0,0,0,0,0,0,0,0
"411",0,0,1,1,0,0,0,1,0,1,1,0,1,0,0,1,0,0
"23563",1,0,0,1,0,1,0,0,1,0,0,1,1,0,0,0,1,1
"4166",0,0,0,0,0,0,0,0,0,0,0,0,0,0,0,0,0,0
"10164",1,0,1,0,0,1,0,1,0,0,0,0,1,1,1,0,0,1
"9435",0,0,0,0,0,0,0,0,0,0,1,0,0,0,0,1,0,0
"8534",0,0,0,1,1,0,1,1,0,0,0,0,0,1,1,0,0,1
"9469",1,0,1,0,0,1,0,1,1,0,0,0,1,0,1,0,1,0
"56548",0,0,1,1,1,0,1,0,0,1,1,1,0,0,0,0,1,1
"266722",0,0,0,0,0,0,0,0,0,0,0,0,0,0,0,0,0,0
"9394",1,0,0,1,0,1,1,0,1,0,0,1,1,0,0,1,0,1
"90161",0,0,0,0,0,0,0,0,0,0,0,0,0,0,0,0,0,0
"2799",0,1,0,1,0,1,0,0,1,0,1,0,0,1,1,1,0,1
"10157",0,0,0,1,0,0,0,0,0,1,0,1,1,0,0,0,1,0
"118881",1,0,1,0,0,1,0,1,0,0,1,1,0,1,1,0,0,0
"3176",0,0,0,0,0,0,0,0,0,0,0,0,0,0,0,0,0,0
"1757",1,0,1,0,0,1,1,1,0,1,0,0,0,1,0,0,1,1
"81537",0,0,1,0,0,1,0,0,1,1,1,1,0,1,1,1,0,1
"6652",0,1,1,0,1,0,1,0,1,0,0,1,1,0,1,0,0,0
"6342",1,1,1,1,1,1,1,1,1,1,1,1,1,1,1,1,1,1
"9056",1,0,1,0,1,0,0,0,0,1,1,1,1,0,0,1,0,0
"55304",0,0,0,0,0,0,0,0,0,0,0,0,0,0,0,0,0,0
"9517",0,1,1,0,0,1,1,0,1,1,1,1,1,1,1,0,0,0
"10558",1,0,1,1,1,1,0,1,1,1,1,1,1,1,1,1,0,1
"2098",1,1,1,1,1,1,1,1,1,1,1,1,1,1,1,1,1,1
"8879",1,1,1,1,1,1,1,0,1,1,1,1,1,0,1,1,1,1
"8869",1,1,1,1,1,1,1,1,1,1,1,1,1,1,1,1,1,1
"56848",0,0,0,1,1,0,0,0,0,1,1,1,1,0,0,1,0,1
"8877",0,0,1,1,1,0,0,0,0,1,1,1,1,0,1,1,0,1
"130752",0,0,0,0,0,0,0,0,0,0,0,0,0,0,0,0,0,0
"339221",1,0,1,0,1,0,1,1,1,0,0,0,1,0,1,0,1,1
"55627",1,1,1,1,1,1,1,1,1,1,1,1,1,1,1,1,1,1
"55512",1,0,0,1,1,0,1,1,0,0,1,1,0,1,0,0,1,1
"6609",0,1,0,1,1,0,0,1,0,1,0,0,0,0,0,1,0,1
"6610",1,0,1,0,1,0,1,1,1,0,0,0,0,1,0,1,0,1
"259230",0,1,0,1,0,1,0,0,0,1,1,1,0,0,0,1,1,1
"116369",0,0,0,0,0,0,0,0,0,0,0,0,0,0,0,0,0,0
"115111",0,0,0,0,0,0,0,0,0,0,0,0,0,0,0,0,0,0
"115019",0,0,0,0,0,0,0,0,0,0,0,0,0,0,0,0,0,0
"284129",1,1,1,1,1,1,1,1,1,1,1,1,1,1,1,1,1,1
"26266",1,0,1,1,0,1,0,1,0,0,0,1,1,1,1,0,0,0
"6646",0,1,1,1,0,1,1,0,0,1,0,1,1,1,1,1,1,0
"6649",1,0,1,0,1,0,1,0,0,0,1,1,1,1,0,1,0,0
"6648",0,1,1,1,1,0,1,1,0,1,1,0,1,1,0,1,0,0
"6647",1,1,1,1,1,1,1,1,1,1,1,1,1,1,1,1,1,1
"6697",0,0,1,1,0,1,0,1,0,1,0,0,1,0,1,1,0,1
"6723",1,1,0,1,1,1,1,1,1,1,0,1,1,1,1,1,0,1
"6611",1,1,1,1,1,1,1,1,1,1,1,1,1,1,1,1,1,1
"6713",1,1,0,0,1,0,0,1,0,1,1,1,0,0,1,1,0,1
"2222",1,1,1,1,1,1,1,1,1,1,1,1,1,1,1,1,1,1
"6715",0,1,1,0,1,0,1,1,0,1,1,1,1,0,0,1,0,1
"6716",0,0,0,0,0,0,0,0,0,0,0,0,0,0,0,0,0,0
"15",0,0,0,0,0,0,0,0,0,0,0,0,0,0,0,0,0,0
"6532",0,0,0,0,0,0,0,0,0,0,0,0,0,0,0,0,0,0
"6487",0,0,1,0,0,1,1,0,0,1,0,0,0,0,1,0,0,1
"10402",0,0,0,0,0,0,0,0,0,0,0,0,0,0,0,0,0,0
"10610",1,0,1,0,0,1,1,0,0,0,0,1,0,1,0,0,1,0
"81849",0,0,0,0,0,0,0,0,0,0,0,0,0,0,0,0,0,0
"256435",0,0,0,0,0,0,0,0,0,0,0,0,0,0,0,0,0,0
"30815",0,0,0,1,1,0,0,1,0,1,0,1,0,1,0,1,1,0
"6489",0,1,0,0,1,0,0,1,0,1,1,1,1,1,0,0,1,0
"29906",1,0,1,1,0,1,0,1,0,0,1,1,0,1,0,0,0,1
"412",1,1,1,0,0,1,0,0,0,1,1,1,1,0,1,1,0,0
"6391",0,1,0,1,0,1,0,0,1,1,1,0,1,1,0,1,0,1
"6390",1,1,1,1,1,1,1,0,1,1,1,1,1,1,1,1,1,1
"6392",1,1,1,1,1,1,1,1,1,1,1,1,1,1,1,1,1,1
"6389",1,1,1,1,1,1,1,1,1,1,1,1,1,1,1,1,1,1
"6821",1,1,1,0,0,1,1,0,0,0,0,1,0,1,0,0,1,0
"6533",0,1,0,1,1,0,1,0,0,0,1,1,0,1,0,1,0,1
"5092",1,0,0,1,1,0,1,0,1,1,1,0,1,0,1,1,0,1
"23530",0,1,1,0,0,1,1,0,0,1,1,1,0,0,0,1,0,1
"79178",1,1,1,0,0,1,0,0,1,1,1,0,0,0,1,1,0,1
"6567",0,0,0,0,0,0,0,1,0,0,0,0,0,0,0,0,0,0
"1890",0,0,0,1,0,1,1,1,1,0,1,0,0,1,0,1,0,0
"55217",0,1,1,0,0,1,1,1,0,0,0,1,0,0,1,1,0,1
"7296",1,1,1,1,1,1,1,0,1,1,1,1,1,1,1,1,1,1
"11181",0,0,0,0,0,0,0,0,0,0,0,0,0,0,0,0,0,0
"80162",0,1,1,1,1,1,1,0,1,1,0,1,1,1,0,0,1,0
"7166",0,0,0,0,0,0,0,0,0,0,0,0,0,0,0,0,0,0
"121278",0,0,0,0,0,0,0,0,0,0,0,0,0,0,0,0,0,0
"169355",0,0,0,0,0,0,0,0,0,0,0,0,0,0,0,1,0,0
"6999",0,0,0,0,0,0,0,0,0,0,0,0,0,0,0,0,0,0
"6561",0,0,0,0,0,0,0,0,0,0,0,0,0,0,0,0,0,0
"6916",1,0,0,1,0,1,0,1,0,0,0,0,0,1,0,1,1,0
"7054",0,0,0,0,1,0,0,1,0,0,0,0,0,0,0,0,0,0
"7306",0,0,0,0,0,0,0,0,0,0,0,0,0,0,0,0,0,0
"10020",1,1,1,1,1,1,1,1,1,1,1,1,1,1,1,1,1,0
"29880",1,1,1,1,1,1,1,1,1,1,1,1,1,1,1,1,1,1
"7355",0,0,0,1,0,1,1,0,1,1,1,1,0,0,1,1,0,1
"7358",1,0,1,0,0,1,0,0,0,0,1,1,1,1,0,1,1,0
"23169",0,0,1,1,0,1,1,0,1,0,0,1,1,0,0,1,0,1
"80146",1,1,1,1,1,1,1,1,1,1,1,1,1,1,1,1,1,1
"5168",0,0,0,0,0,0,0,0,0,0,0,0,0,0,0,1,0,0
"84912",0,1,1,0,1,0,1,1,0,1,0,0,1,0,1,1,0,0
"3906",0,0,0,0,0,0,0,0,0,0,0,0,0,0,0,0,0,0
"7357",1,1,1,1,0,1,1,0,1,1,1,1,1,1,1,1,1,0
"11046",0,0,0,1,0,1,1,0,0,0,0,1,0,0,0,0,1,0
"54576",0,0,0,0,0,0,0,1,0,0,0,0,0,0,0,0,0,0
"54575",0,0,1,1,1,0,1,1,0,0,0,0,0,1,1,0,0,1
"54657",0,0,1,1,1,0,1,1,0,0,0,0,0,1,1,0,0,1
"54659",0,0,1,1,1,0,1,1,0,0,0,0,0,1,1,0,0,1
"54658",0,0,1,1,1,0,1,1,0,0,0,0,0,1,1,0,0,1
"54577",0,0,0,0,0,0,0,1,0,0,0,0,0,0,0,0,0,0
"54600",0,0,0,0,0,0,0,1,0,0,0,0,0,0,0,0,0,0
"54579",0,0,1,1,1,0,1,1,0,0,0,0,0,1,1,0,0,1
"54578",0,0,0,0,0,0,0,1,0,0,0,0,0,0,0,0,0,0
"7364",NA,NA,NA,NA,NA,NA,NA,NA,NA,NA,NA,NA,NA,NA,NA,NA,NA,NA
"54490",1,0,0,1,1,0,1,1,1,0,0,0,1,0,1,1,0,1
"7367",0,0,0,0,0,0,0,0,0,0,0,0,0,0,0,0,0,0
"7365",NA,NA,NA,NA,NA,NA,NA,NA,NA,NA,NA,NA,NA,NA,NA,NA,NA,NA
"10720",1,0,0,1,1,0,1,1,1,0,0,0,1,0,1,1,0,1
"7363",0,0,0,0,0,0,0,0,0,0,0,0,0,0,0,0,0,0
"54963",1,1,0,1,1,0,1,1,0,0,0,0,0,1,0,0,1,1
"7498",0,0,1,0,0,0,0,1,0,0,0,0,0,0,0,0,0,0
"9942",0,0,0,0,0,0,0,0,0,0,0,0,0,0,0,0,0,0
"64132",0,1,0,1,0,1,0,0,1,1,1,0,0,1,1,0,0,1
"64131",0,1,0,0,0,1,1,0,1,1,0,0,0,1,0,0,1,1
"51181",1,1,0,1,1,1,1,1,1,1,1,0,1,1,1,1,0,1
"64077",1,1,1,0,1,0,0,1,1,0,0,0,0,0,1,0,1,1
"5464",1,1,1,1,1,1,1,1,1,1,1,1,1,1,1,1,1,1
"10724",1,1,1,1,1,1,1,1,1,1,1,1,1,1,1,1,1,1
"94033",NA,NA,NA,NA,NA,NA,NA,NA,NA,NA,NA,NA,NA,NA,NA,NA,NA,NA
"2495",1,1,1,1,1,1,1,1,1,1,1,1,1,1,1,1,1,1
"1356",0,0,0,0,0,0,0,0,0,0,0,0,0,0,0,0,0,0
"2512",1,1,1,1,1,1,1,1,1,1,1,1,1,1,1,1,1,1
"1727",1,1,1,1,1,1,1,1,1,1,1,1,1,1,1,1,1,1
"51706",0,1,1,1,0,1,0,0,1,1,1,0,1,1,0,0,1,0
"51700",0,0,0,0,0,0,0,0,0,0,0,0,0,0,0,0,0,0
"10587",0,0,0,1,0,1,0,1,0,1,0,0,0,0,0,0,1,1
"80347",1,1,1,1,1,1,1,0,1,1,1,1,1,1,1,1,1,1
"84618",1,0,1,0,0,1,1,1,0,1,0,1,0,0,1,0,0,1
"22978",0,1,1,1,1,1,0,1,1,1,1,1,1,1,1,0,1,1
"51251",1,1,1,1,1,1,1,1,1,1,1,1,1,1,1,1,1,1
"93034",0,0,0,0,0,0,0,0,0,0,0,0,0,0,0,0,0,0
"100526794",1,1,1,1,1,1,1,0,1,1,1,1,1,1,1,1,1,1
"353",1,1,1,1,1,1,1,1,1,1,1,1,1,1,1,1,1,1
"3251",1,1,1,1,1,1,1,0,1,1,1,1,1,1,1,1,1,1
"56954",1,1,1,1,1,1,1,1,1,1,1,1,1,1,1,1,1,1
"5313",0,0,1,1,1,0,0,1,0,1,0,0,1,0,0,0,1,1
"728441",1,0,0,1,1,0,0,0,1,1,0,1,0,0,1,1,1,0
"124975",1,1,0,1,0,1,1,0,0,1,0,1,1,0,1,0,0,1
"91227",1,0,0,1,1,0,0,0,1,1,0,1,0,0,1,1,1,0
"102724197",1,0,0,1,1,0,0,0,1,1,0,1,0,0,1,1,1,0
"92086",1,0,0,1,0,1,0,1,1,1,0,0,0,0,1,1,1,0
"2686",0,0,1,0,1,0,0,0,1,1,0,1,1,0,1,0,1,0
"5211",0,1,0,1,1,0,1,0,1,0,1,1,1,1,0,0,1,1
"1491",0,0,1,0,1,0,1,0,0,1,1,1,1,0,1,0,0,1
"2819",1,1,0,0,1,0,1,1,1,0,0,0,1,0,1,0,0,0
"29925",0,1,0,1,0,1,1,0,0,1,1,1,1,1,0,1,0,0
"29926",1,1,0,1,1,0,0,1,1,0,0,0,1,1,0,1,0,0
"102724560",1,0,0,1,0,1,0,1,0,0,0,0,1,1,1,0,0,0
"875",1,0,0,1,0,1,0,1,0,0,0,0,1,1,1,0,0,0
"249",0,0,0,0,0,0,0,0,0,0,0,0,0,0,0,0,0,0
"22934",1,1,1,1,1,1,1,1,1,1,1,1,1,1,1,1,1,1
"2766",1,0,1,1,0,1,1,0,0,0,0,1,1,1,0,0,0,0
"51292",1,1,1,1,1,1,1,1,1,1,1,1,1,1,1,1,1,1
"57571",1,1,1,0,1,0,0,0,1,1,1,0,1,0,1,0,1,1
"8833",0,1,1,0,0,1,1,1,0,1,0,0,1,1,0,1,0,1
"5538",1,1,1,1,1,1,1,1,1,1,1,1,1,1,1,1,1,1
"641371",1,1,0,1,1,0,1,0,0,1,1,1,0,1,0,1,0,1
"11332",0,1,0,1,0,1,1,1,1,0,0,0,1,1,1,1,0,0
"55825",1,0,1,0,0,1,1,0,1,0,0,0,1,1,0,1,0,0
"51102",1,0,0,1,0,1,0,0,1,1,1,1,1,0,1,1,0,1
"37",1,1,1,1,1,1,1,1,1,1,1,1,1,1,1,1,1,1
"33",0,0,0,0,0,0,0,0,0,0,0,0,0,0,0,0,0,0
"132158",1,0,0,1,0,1,1,1,0,0,0,0,0,1,0,1,1,1
"641649",0,0,0,1,1,0,0,1,1,0,0,0,0,0,0,0,1,1
"23475",0,1,0,1,1,0,1,0,1,1,1,1,1,1,0,1,1,0
"50484",0,0,1,1,1,0,0,0,1,1,1,0,1,0,1,1,0,1
"6240",1,1,1,1,1,1,1,1,1,1,1,1,1,1,1,1,1,1
"6241",1,0,1,0,0,1,1,1,0,0,1,0,1,1,0,1,0,0
"3156",1,0,1,1,0,1,1,0,1,1,1,1,0,0,1,1,0,1
"79966",1,1,0,1,0,1,0,1,1,0,1,1,1,0,1,0,0,1
"10588",0,0,1,1,0,1,1,0,1,1,1,1,1,0,0,1,1,0
"84890",1,1,1,1,1,1,1,1,1,1,1,1,1,1,1,1,1,1
"80025",0,1,0,1,1,0,0,0,1,1,1,1,1,1,0,0,1,1
"53354",0,0,0,0,0,0,0,0,1,0,0,0,0,0,0,0,0,0
"79646",0,1,0,1,0,1,0,0,0,1,1,1,0,0,1,1,0,1
"83594",0,0,0,0,0,0,0,0,0,0,0,0,0,0,0,0,0,0
"7263",1,0,1,1,1,0,0,1,0,0,0,1,1,0,0,1,0,0
"26275",0,1,0,1,0,1,0,0,1,1,0,1,1,1,0,1,0,0
"29920",1,1,1,1,1,1,0,0,1,1,1,1,1,1,1,1,1,1
"7389",0,1,0,1,1,0,0,0,1,1,1,1,1,1,1,1,1,1
"1595",0,1,1,0,1,1,0,1,0,1,1,0,1,0,1,1,0,1
"130367",1,0,1,1,1,0,1,0,0,0,0,1,1,1,0,0,1,0
"10478",1,1,1,0,1,0,0,1,1,0,1,0,1,0,1,1,0,0
"23443",0,1,0,1,0,1,0,0,1,1,1,1,0,1,0,0,1,0
"64240",0,0,0,0,0,0,0,0,0,0,0,0,0,0,0,0,0,0
"64241",0,0,0,0,0,0,0,0,0,0,0,0,0,0,0,0,0,0
"284111",0,0,0,0,0,0,0,0,0,0,0,0,0,0,0,0,0,0
"8435",1,1,0,0,1,0,1,1,1,0,0,0,1,1,1,0,0,0
"3988",0,1,1,0,0,1,0,1,0,1,0,0,0,1,0,0,1,0
"377677",0,1,1,0,0,0,0,0,0,1,1,1,0,0,0,1,0,1
"767",0,0,0,0,0,0,0,0,0,0,0,0,0,0,0,0,0,0
"765",0,0,0,1,0,0,0,1,0,0,0,0,0,1,0,0,0,0
"759",0,0,0,0,0,0,0,0,0,0,0,0,0,0,0,0,0,0
"760",1,1,0,0,0,1,1,1,0,0,0,1,0,1,0,1,1,0
"23632",1,0,1,0,0,1,0,0,0,1,1,1,0,0,1,0,1,0
"766",1,0,1,0,1,0,1,1,1,0,0,0,1,1,0,0,0,1
"771",1,1,1,0,1,0,0,1,1,0,0,0,1,1,0,1,1,0
"768",1,1,1,0,0,1,1,1,1,0,0,0,1,1,1,0,0,1
"762",0,1,0,1,0,1,1,0,1,1,1,1,1,1,1,0,0,1
"10057",0,1,0,1,0,1,1,1,0,1,0,0,0,1,1,0,1,0
"6556",0,0,1,0,1,0,1,1,0,0,0,0,1,1,0,0,1,1
"6568",0,0,0,0,0,0,0,0,0,0,0,0,0,0,0,0,0,0
"7779",1,1,1,0,1,0,0,1,0,1,1,0,0,0,1,1,0,1
"54020",1,0,0,1,1,0,1,1,0,0,0,1,0,0,0,1,1,0
"215",1,0,1,0,0,1,1,1,0,0,1,0,0,0,0,1,1,0
"5825",1,1,1,1,1,0,1,1,0,1,1,1,1,1,1,1,1,1
"641372",0,0,0,0,0,0,0,0,0,0,0,0,0,0,0,0,0,0
"9045",1,1,1,1,1,1,1,1,1,1,1,1,1,1,1,1,1,1
"4017",0,0,1,0,0,1,1,0,1,1,0,1,0,1,1,0,0,1
"84105",0,0,1,0,0,1,0,0,1,1,0,1,1,1,0,0,1,0
"25830",0,0,1,1,0,1,1,1,0,0,0,0,1,1,0,1,0,1
"84569",0,0,0,0,0,0,0,0,0,0,0,0,0,0,0,0,0,0
"4025",1,0,0,0,0,0,0,1,0,0,0,0,0,0,0,0,0,0
"54995",1,0,1,0,1,0,0,0,0,1,1,1,1,0,1,0,0,1
"93492",NA,NA,NA,NA,NA,NA,NA,NA,NA,NA,NA,NA,NA,NA,NA,NA,NA,NA
"1267",1,0,1,0,1,0,0,0,1,0,1,0,1,1,1,0,0,0
"10249",0,0,0,0,0,0,0,0,0,0,0,0,0,0,0,0,0,0
"1573",0,0,1,0,0,1,0,1,1,0,1,0,0,1,0,1,1,0
"1580",0,0,0,0,0,0,0,0,0,0,0,0,0,0,0,0,0,0
"199974",0,0,0,0,0,0,0,0,0,0,0,0,0,0,0,0,0,0
"260293",0,0,0,0,0,0,0,0,0,0,0,0,0,0,0,0,0,0
"1555",0,0,0,1,0,0,1,1,0,0,0,1,1,1,0,0,0,0
"1549",1,0,1,0,0,1,0,1,1,1,0,0,1,1,1,0,0,1
"57834",0,0,0,0,0,0,0,0,0,0,0,0,0,0,0,0,0,0
"29785",0,0,0,1,0,1,0,1,0,0,1,1,1,0,1,0,0,1
"1215",0,0,0,0,0,0,0,0,0,0,0,0,0,0,0,0,0,0
"1357",0,0,0,0,0,0,0,0,0,0,0,0,0,0,0,0,0,0
"93979",1,0,1,0,1,0,1,1,0,0,0,0,1,0,0,0,0,0
"57094",0,0,0,0,0,0,0,0,0,0,0,0,0,0,0,0,0,0
"1358",1,1,1,0,1,0,1,1,1,1,0,0,1,0,0,0,1,1
"7177",1,0,0,1,0,1,1,1,1,0,0,0,1,1,0,0,1,0
"64499",1,0,0,1,0,1,1,1,1,0,0,0,1,1,0,0,1,0
"23430",1,1,0,0,0,1,1,1,0,0,0,0,0,0,1,0,1,1
"1636",0,0,1,1,1,0,1,1,0,0,0,1,0,0,0,0,1,1
"9365",0,0,0,0,0,0,0,0,0,0,0,0,0,0,0,0,0,0
"9331",0,0,0,0,0,0,0,0,0,0,0,0,0,0,0,0,0,0
"7368",0,0,0,0,0,0,0,0,0,0,0,0,0,0,0,0,0,0
"5315",0,1,1,0,1,0,1,0,0,1,1,1,1,1,1,0,1,0
"1666",1,1,1,1,1,1,1,1,1,1,1,1,1,1,1,1,1,1
"874",1,1,0,0,1,0,1,0,1,0,1,0,0,1,1,0,1,1
"10901",1,0,0,0,0,1,0,1,1,1,1,0,1,0,1,1,0,0
"126410",1,0,0,1,1,0,0,1,0,1,0,0,0,1,0,0,1,0
"2053",1,0,0,1,1,0,0,1,0,1,0,0,0,1,0,0,1,0
"8897",0,1,0,1,1,0,1,1,0,1,0,0,0,0,1,1,1,1
"8898",1,1,0,0,0,1,1,0,0,1,0,0,1,0,1,1,0,1
"9152",0,0,1,0,1,0,0,0,1,0,0,0,0,0,1,0,0,0
"9497",0,0,1,0,0,1,0,1,1,1,1,0,1,1,1,0,0,1
"115584",1,0,1,1,0,1,1,1,0,0,1,1,0,1,0,0,1,1
"6575",1,1,0,1,1,0,1,1,1,0,0,1,0,1,1,0,0,1
"6574",1,1,1,1,1,1,1,1,1,1,1,1,1,1,1,1,1,1
"142680",1,0,0,0,1,0,1,1,1,0,0,0,0,0,1,1,0,1
"6534",1,1,0,1,0,1,1,1,0,0,0,0,0,0,0,0,0,1
"3293",1,1,1,0,1,0,1,1,1,0,0,0,0,1,0,0,1,0
"1622",1,1,1,1,1,1,1,1,1,1,1,1,1,1,1,1,1,1
"225",0,1,1,0,1,0,1,0,0,1,0,1,0,0,0,1,1,1
"28965",0,0,0,0,0,0,0,0,0,0,0,0,0,0,0,0,0,0
"23205",0,0,0,0,0,0,1,0,0,1,0,0,0,1,0,0,0,0
"26061",1,1,1,1,1,1,1,1,1,1,1,1,1,1,1,1,1,1
"54716",0,0,0,0,0,0,0,0,0,0,0,0,0,0,0,0,0,0
"6564",0,0,0,0,0,0,0,0,0,0,0,0,0,0,0,0,0,0
"113235",1,1,1,0,1,0,1,1,0,0,0,0,1,1,1,0,0,0
"1200",1,1,1,1,1,1,1,1,1,1,1,1,1,1,1,1,1,1
"2168",0,0,0,0,0,0,0,0,0,0,0,0,0,0,0,0,0,0
"51056",1,1,1,1,1,1,1,1,1,1,1,1,1,1,1,1,1,1
"9390",0,0,0,0,0,1,0,1,1,0,0,0,0,0,0,0,0,0
"5184",1,0,0,1,0,1,0,1,1,1,0,0,0,0,1,0,1,1
"4891",0,1,1,1,1,0,0,0,1,0,1,1,1,1,0,0,0,0
"30061",0,1,0,1,1,0,1,0,0,1,0,1,0,1,0,0,1,0
"248",0,0,0,1,1,0,1,1,0,0,0,0,1,0,0,0,0,1
"4524",1,0,0,1,0,1,1,0,1,1,0,0,0,1,0,0,1,1
"25796",0,1,0,0,0,1,0,0,1,1,1,0,1,1,1,0,1,0
"28982",0,1,0,1,0,1,1,0,1,1,1,1,1,1,1,0,0,0
"6120",0,1,0,1,0,1,1,0,0,0,0,0,1,0,0,1,0,1
"10864",1,0,0,1,0,1,1,1,1,0,0,0,1,1,1,0,0,0
"9376",1,0,1,0,1,0,0,1,0,0,0,0,1,1,1,0,0,0
"9356",0,0,0,1,0,1,1,1,0,0,0,0,1,1,0,0,0,1
"348932",1,1,0,1,1,0,0,1,0,0,0,1,0,1,0,0,0,1
"120103",0,0,0,1,1,0,0,0,1,1,1,1,0,0,0,1,0,1
"1080",0,0,0,0,0,0,0,0,0,0,0,0,0,0,0,0,0,0
"85320",0,0,0,0,0,0,0,0,0,0,0,0,0,0,0,0,0,0
"222962",0,0,1,1,0,1,0,1,1,0,1,1,0,1,1,0,1,0
"10351",0,0,0,0,0,0,0,0,0,0,0,0,0,0,0,0,0,0
"9429",1,0,0,1,0,1,1,0,0,1,1,0,0,1,0,1,1,1
"55867",0,0,0,0,0,0,0,0,0,0,0,0,0,0,0,0,0,0
"364",1,0,0,1,0,1,1,1,0,0,0,0,0,1,1,0,0,0
"89872",0,0,0,0,0,0,0,0,0,0,0,0,0,0,0,0,0,0
"360",1,1,1,1,0,1,1,0,0,0,1,1,0,1,0,1,1,0
"21",0,0,0,1,1,0,1,1,1,0,0,0,1,0,1,1,1,1
"24",1,0,1,0,0,1,1,1,1,0,0,0,1,1,0,0,0,1
"125206",1,0,1,0,0,1,1,1,0,0,0,0,0,0,1,0,1,1
"200010",0,0,0,0,0,0,0,0,0,0,0,0,0,0,0,0,0,0
"6524",1,0,0,0,0,1,1,1,0,0,0,1,0,1,1,1,0,1
"159963",0,0,0,0,0,0,0,0,0,0,0,0,0,0,0,0,0,0
"55065",1,0,0,1,0,1,0,1,1,0,1,0,1,1,0,0,1,1
"79581",1,0,1,0,0,1,0,1,1,0,0,0,1,1,0,1,0,1
"3767",0,0,0,0,0,0,0,0,0,0,0,0,0,0,0,0,0,0
"6833",0,0,0,1,0,1,0,1,0,0,1,0,1,0,0,0,1,1
"10060",0,0,0,0,0,0,0,0,0,0,0,0,0,0,0,0,0,0
"3764",0,0,0,0,0,0,0,0,0,0,0,0,0,0,0,0,0,0
"5947",1,0,0,0,0,1,1,1,0,0,0,0,1,1,0,0,0,1
"64220",0,0,0,0,0,0,0,0,0,0,0,0,0,0,0,0,0,0
"5950",0,0,0,1,0,0,0,0,0,0,0,0,0,0,0,0,0,0
"5948",1,0,1,1,0,1,1,1,0,0,0,0,1,0,0,1,1,1
"949",1,1,1,0,0,1,1,1,0,0,0,1,1,0,1,1,0,0
"29881",0,0,0,1,1,0,1,1,1,0,0,0,0,0,0,1,1,0
"2350",1,0,1,0,0,1,1,1,1,1,0,0,0,1,1,0,1,0
"3248",1,1,0,0,0,1,0,0,1,1,1,0,0,1,1,1,0,1
"166929",0,0,0,0,0,0,0,0,0,0,0,0,0,0,0,0,0,0
"56261",1,1,1,1,1,1,1,1,1,1,1,1,1,1,1,1,1,1
"3658",0,1,0,1,1,0,0,0,1,1,1,0,1,1,1,0,1,0
"203",0,1,1,1,1,0,0,0,1,1,1,1,0,1,0,0,1,0
"122481",0,0,0,0,0,0,0,0,0,0,0,0,0,0,0,0,0,0
"159",1,1,1,1,1,1,1,1,1,1,1,1,1,1,1,1,1,1
"122622",0,1,0,1,1,0,0,0,1,1,0,1,1,0,0,0,1,0
"11212",1,1,0,0,0,1,0,1,0,1,1,1,0,0,0,1,0,1
"383",0,0,1,0,0,0,0,1,0,0,0,0,0,0,0,0,0,0
"1371",0,1,1,0,1,0,0,0,0,1,1,1,1,1,0,0,1,0
"1503",1,1,0,0,0,1,0,1,1,0,0,0,1,0,1,1,0,1
"56474",0,0,1,1,1,0,0,0,0,1,1,1,1,1,0,1,0,0
"2987",1,1,1,1,1,1,1,1,1,1,1,1,1,1,1,1,1,1
"5860",1,1,0,1,0,1,0,1,0,1,1,1,1,0,1,1,0,1
"9453",1,0,1,1,1,1,0,0,1,1,1,1,1,1,1,1,1,1
"2027",0,1,0,1,0,1,1,0,1,0,0,1,1,1,1,0,0,0
"2026",1,1,1,1,1,1,1,1,1,1,1,1,1,1,1,1,1,1
"2023",1,1,1,1,1,1,1,1,1,1,1,1,1,1,1,1,1,1
"9843",0,0,0,0,0,0,0,0,0,0,0,0,0,0,0,0,0,0
"80308",1,1,0,1,1,0,0,1,0,0,0,0,1,0,1,0,0,1
"7360",1,1,1,1,1,1,1,1,1,1,1,1,1,1,1,1,1,1
"26330",0,0,0,0,0,0,0,0,0,0,0,0,0,0,0,0,0,0
"2597",1,1,1,1,1,1,1,1,1,1,1,1,1,1,1,1,1,1
"9945",0,1,1,0,1,0,0,1,0,1,0,1,0,0,0,0,1,0
"2673",0,1,1,0,1,0,1,0,0,1,1,1,1,1,0,1,0,0
"2752",0,1,0,0,1,0,0,1,1,1,1,0,0,0,0,1,0,1
"51557",0,0,0,0,0,0,0,0,0,0,0,0,0,0,0,0,0,0
"1800",1,0,0,1,0,1,1,1,1,0,0,0,1,1,0,0,0,1
"2762",1,0,1,1,0,1,1,0,1,0,1,1,1,1,1,1,0,1
"2643",1,1,1,1,1,1,1,1,1,1,1,1,1,1,1,1,1,1
"761",0,0,0,0,0,0,0,0,0,0,0,0,0,0,0,0,0,0
"359",1,0,1,1,0,1,1,1,1,0,0,0,1,1,1,0,0,1
"4284",1,1,1,0,1,0,1,1,1,1,0,0,0,0,0,1,1,0
"361",0,0,0,0,0,0,0,0,0,0,0,0,0,0,0,0,0,0
"358",1,0,1,0,1,0,0,1,0,0,1,1,0,0,1,0,1,0
"362",1,0,1,1,0,1,1,0,1,0,1,0,1,0,1,1,0,0
"3145",1,1,1,0,0,1,0,0,1,1,1,1,1,1,0,1,0,0
"586",0,0,0,1,0,1,0,1,0,1,1,0,1,0,1,0,0,1
"3614",0,1,0,1,1,0,0,1,1,1,0,0,1,1,1,1,0,0
"3615",1,1,1,1,1,1,1,1,1,1,1,1,1,1,1,1,1,1
"682",1,1,0,1,1,1,1,1,1,0,0,0,1,1,1,1,0,1
"4351",1,0,0,1,0,1,1,1,0,0,0,0,1,0,1,1,0,1
"441024",0,1,0,0,0,0,0,0,0,1,1,0,0,0,1,0,0,1
"100287639",NA,NA,NA,NA,NA,NA,NA,NA,NA,NA,NA,NA,NA,NA,NA,NA,NA,NA
"65220",1,0,0,1,0,1,1,1,0,0,0,0,0,0,1,1,0,1
"389015",NA,NA,NA,NA,NA,NA,NA,NA,NA,NA,NA,NA,NA,NA,NA,NA,NA,NA
"6553",1,0,1,0,1,0,0,1,1,1,1,0,1,0,1,1,0,1
"2821",1,1,1,1,1,1,1,1,1,1,1,1,1,1,1,1,1,1
"5230",1,1,1,1,1,1,1,1,1,1,1,1,1,1,1,1,1,1
"5232",0,0,1,1,0,0,1,1,0,1,0,0,1,1,0,0,0,1
"375056",1,1,1,1,1,1,1,1,1,1,1,1,1,1,1,1,1,1
"5236",1,1,1,1,1,1,1,1,1,1,1,1,1,1,1,1,1,1
"55276",1,1,1,0,0,1,0,1,0,0,1,1,1,1,0,1,0,0
"5373",0,1,0,0,1,1,0,1,1,0,0,0,1,1,1,1,0,0
"5372",1,1,0,1,1,1,0,1,0,1,1,1,1,1,1,1,1,1
"210",1,0,0,1,1,0,0,0,0,1,1,1,1,1,1,1,0,0
"60490",1,0,0,1,0,1,1,0,1,1,0,1,1,0,1,1,0,0
"79717",1,1,1,1,1,1,1,1,1,1,1,1,1,1,1,1,1,1
"58510",1,0,0,0,0,1,1,1,0,0,0,1,1,0,0,0,0,1
"153201",NA,NA,NA,NA,NA,NA,NA,NA,NA,NA,NA,NA,NA,NA,NA,NA,NA,NA
"5634",0,1,1,1,0,1,0,1,0,1,1,1,1,1,1,1,0,0
"5631",1,1,1,1,1,1,1,1,1,1,1,1,1,1,1,1,1,1
"221823",0,0,0,0,0,0,0,0,0,0,0,0,0,0,0,0,0,0
"29968",0,1,0,1,0,1,0,0,0,1,1,0,1,1,1,0,0,1
"5723",0,0,0,1,0,1,1,0,0,0,0,1,0,0,1,1,1,1
"55312",1,1,1,0,0,1,0,0,1,1,1,1,1,1,0,1,0,0
"6888",1,1,1,1,1,1,1,1,1,1,1,1,1,1,1,1,1,1
"79896",1,0,1,0,0,1,0,1,0,1,1,0,1,0,1,1,0,1
"84076",0,0,0,0,0,0,0,0,0,0,0,0,0,0,0,0,0,0
"7086",1,1,0,1,0,1,1,1,0,0,0,0,1,1,1,1,0,1
"8277",0,1,1,0,1,0,1,0,1,1,0,1,0,0,1,1,1,1
"27010",0,0,1,1,1,0,1,0,0,1,1,0,0,0,1,1,0,1
"7167",1,1,1,1,1,1,1,1,1,1,1,1,1,1,1,1,1,1
"286016",NA,NA,NA,NA,NA,NA,NA,NA,NA,NA,NA,NA,NA,NA,NA,NA,NA,NA
"2582",1,0,0,1,1,0,1,1,1,1,0,0,1,1,1,1,0,0
"6675",1,1,1,1,1,1,1,1,1,1,1,1,1,1,1,1,1,1
"91373",0,1,0,1,1,0,1,1,0,1,1,1,1,1,0,1,0,0
"7390",0,1,0,0,1,0,0,0,0,0,1,1,1,0,0,1,0,1
"8170",0,0,0,0,0,0,0,0,0,0,0,0,0,0,0,0,0,0
"6563",1,1,0,1,0,1,1,1,0,0,1,0,1,0,0,1,1,0
"374569",0,1,0,1,1,0,1,1,0,0,1,0,0,1,1,0,0,1
"100507855",0,1,0,1,0,1,0,0,1,1,0,0,1,1,1,1,0,0
"55191",0,1,0,1,1,0,0,0,1,0,0,1,1,1,0,0,1,0
"132",1,0,1,0,0,1,1,1,0,0,1,0,1,0,1,0,0,0
"97",1,1,0,1,1,1,1,0,1,1,1,1,1,1,1,1,1,0
"98",0,1,0,1,0,1,1,1,0,0,0,0,0,0,0,1,0,1
"112611",1,0,1,0,1,0,0,0,1,1,1,1,0,1,0,1,1,0
"51005",1,1,0,1,1,0,0,1,0,0,0,0,1,1,0,1,0,0
"471",1,1,1,1,1,1,1,1,1,1,1,1,1,1,1,1,1,1
"435",1,0,0,0,1,0,1,0,0,1,1,1,0,1,1,1,0,0
"171425",0,1,1,1,1,0,0,0,0,1,1,1,0,1,1,0,1,0
"10007",1,1,1,1,1,1,1,0,1,1,1,1,1,1,1,0,1,1
"132789",1,1,1,1,1,1,1,1,1,1,1,1,1,1,1,1,1,1
"2584",0,0,1,1,0,1,0,0,1,0,1,0,1,0,0,0,0,1
"2585",0,1,0,1,0,1,0,1,0,0,0,1,1,1,0,0,1,0
"2592",1,0,0,1,0,1,1,1,0,0,0,0,0,1,0,0,1,0
"5471",1,0,1,0,0,1,1,1,0,1,0,1,1,1,1,1,0,0
"84264",1,0,0,1,1,0,1,1,1,0,0,0,1,1,0,1,0,1
"3034",0,1,1,0,1,0,0,0,0,0,1,1,1,1,1,0,1,0
"144193",0,0,1,1,1,0,1,0,1,0,1,0,0,0,1,1,1,1
"2739",1,1,1,1,1,1,1,1,1,1,1,1,1,1,1,1,1,1
"3613",0,1,0,0,1,0,0,1,0,1,0,0,1,0,1,1,0,0
"3612",1,1,1,1,1,1,1,1,1,1,1,1,1,1,1,1,1,1
"8776",0,1,1,0,0,1,0,1,0,1,0,1,1,1,0,1,0,0
"2978",0,0,0,0,0,0,0,0,0,0,0,0,0,0,0,0,0,0
"4953",1,1,1,1,1,1,1,1,1,1,1,1,1,1,1,1,1,1
"5214",1,1,1,1,1,1,1,1,1,1,1,1,1,1,1,1,1,1
"5213",1,0,0,1,1,0,0,0,1,1,1,0,1,1,0,1,0,0
"6569",1,0,1,1,1,0,0,1,1,0,0,0,0,1,0,1,0,1
"10050",1,1,1,0,0,1,1,1,1,0,0,0,0,1,0,1,0,1
"10568",0,0,0,0,0,0,0,0,0,0,0,0,0,0,0,0,0,0
"10786",0,0,0,0,0,0,0,0,0,0,0,0,0,0,0,0,0,0
"10246",0,0,0,0,0,0,0,0,0,0,0,0,0,0,0,0,0,0
"5198",1,1,1,1,1,1,1,0,1,1,1,1,1,1,1,1,0,0
"113675",1,0,0,1,0,1,1,0,1,0,1,0,1,1,0,0,0,1
"7298",0,1,1,0,0,1,1,0,0,1,0,0,1,1,1,1,0,0
"131669",0,0,0,0,0,0,0,0,0,0,0,0,0,0,0,0,0,0
"5973",1,1,1,0,1,0,0,1,1,0,0,0,1,1,0,1,0,0
"1635",1,1,1,1,1,1,1,1,1,1,1,1,1,1,1,1,1,1
"286297",0,0,0,0,0,0,0,0,0,0,0,0,0,0,0,0,0,0
"10560",0,0,1,1,1,0,0,1,0,1,1,1,1,0,0,1,0,0
"191",1,0,1,1,1,1,0,0,1,1,1,1,1,1,1,1,0,1
"10768",1,1,1,1,1,1,1,0,1,1,1,1,1,1,1,1,1,1
"25874",1,1,1,1,1,1,1,1,1,1,1,1,1,1,1,1,1,1
"51660",1,1,1,1,1,1,1,1,1,1,1,1,1,1,1,1,1,1
"57198",1,1,1,1,1,1,1,1,1,1,1,1,1,1,1,1,1,1
"5205",0,0,1,1,0,1,1,1,0,0,0,1,1,1,1,0,0,0
"23250",0,1,0,1,1,0,1,1,1,0,0,0,1,1,0,1,0,1
"286410",0,1,0,0,0,1,1,0,1,0,0,1,0,0,0,1,1,1
"5243",0,1,1,1,1,1,0,1,1,0,0,1,0,1,1,1,1,0
"55856",1,1,1,1,1,1,1,0,1,1,1,1,1,1,1,1,1,1
"7350",0,0,0,0,0,0,0,0,0,0,0,0,0,0,0,0,0,0
"26027",1,0,0,1,0,1,0,1,0,0,0,0,0,1,1,0,0,1
"10058",0,0,1,0,1,0,1,0,0,1,0,0,1,1,1,0,0,1
"51458",1,0,0,1,0,1,0,1,0,0,0,0,1,1,1,0,0,0
"948",0,0,0,0,0,0,0,0,0,0,0,0,0,0,0,0,0,0
"10928",0,1,0,1,1,0,0,0,0,1,1,1,0,0,1,1,0,1
"1728",0,0,0,1,1,0,0,1,0,0,1,1,0,1,0,1,1,1
"2946",0,1,1,0,0,1,0,0,0,1,1,1,0,1,0,0,1,0
"125981",0,0,0,1,0,1,0,1,0,0,1,1,0,1,0,0,1,1
"55331",0,1,1,0,0,1,0,0,1,1,1,1,1,0,1,0,0,1
"340485",NA,NA,NA,NA,NA,NA,NA,NA,NA,NA,NA,NA,NA,NA,NA,NA,NA,NA
"2760",0,0,1,0,1,0,1,1,0,1,0,0,0,1,1,1,0,0
"5660",1,1,1,1,1,1,1,1,1,1,1,1,1,1,1,1,1,1
"57704",1,0,1,0,1,0,0,1,1,0,1,0,0,1,0,0,1,1
"4759",1,0,0,1,0,1,1,1,0,0,0,0,0,0,1,0,1,0
"10825",0,1,0,1,1,0,1,1,0,1,1,1,0,0,1,0,0,1
"7903",0,1,0,0,1,0,1,0,0,1,1,1,1,0,1,0,0,1
"5407",1,1,0,0,0,1,1,0,0,0,1,0,0,0,1,0,0,1
"119548",0,0,0,0,0,0,0,0,0,0,0,0,0,0,0,0,0,0
"5408",0,0,0,0,0,0,0,0,0,0,0,0,0,0,0,0,0,0
"221955",0,0,0,1,1,0,0,1,0,1,1,0,0,0,0,0,1,1
"9388",0,0,0,0,0,0,0,0,0,0,0,0,0,0,0,0,0,0
"13",0,0,0,0,0,0,0,0,0,0,0,0,0,0,0,0,0,0
"57104",1,1,1,1,1,1,1,1,1,1,1,0,1,1,1,1,1,1
"3991",0,1,0,1,1,0,1,1,1,1,0,0,0,1,1,1,0,1
"747",1,0,1,1,1,0,1,1,0,0,0,0,1,0,1,0,0,1
"8513",0,0,0,0,0,0,0,0,0,0,0,0,0,0,0,0,0,0
"5406",0,0,0,0,0,0,0,0,0,0,0,0,0,0,0,0,0,0
"2170",0,0,0,1,0,1,0,1,1,0,0,0,1,0,1,0,1,0
"2171",1,1,1,1,1,1,1,1,1,1,1,1,1,1,1,1,1,1
"2167",0,0,0,0,0,0,0,0,0,0,0,0,0,0,0,0,0,0
"2172",0,0,0,0,0,0,0,0,0,0,0,0,0,0,0,0,0,0
"646480",NA,NA,NA,NA,NA,NA,NA,NA,NA,NA,NA,NA,NA,NA,NA,NA,NA,NA
"2173",0,0,0,0,0,0,0,0,0,0,0,0,0,0,0,0,0,0
"646486",NA,NA,NA,NA,NA,NA,NA,NA,NA,NA,NA,NA,NA,NA,NA,NA,NA,NA
"2169",1,0,1,1,0,1,1,1,1,0,0,1,0,1,1,0,1,0
"6296",1,0,1,0,1,0,0,0,0,0,1,1,1,0,1,0,0,1
"341392",NA,NA,NA,NA,NA,NA,NA,NA,NA,NA,NA,NA,NA,NA,NA,NA,NA,NA
"54988",0,0,0,0,0,0,0,0,0,0,0,0,0,0,0,0,0,0
"123876",0,0,0,0,0,0,0,0,0,0,0,0,0,0,0,0,0,0
"348158",0,0,0,0,0,0,0,0,0,0,0,0,0,0,0,0,0,0
"344967",NA,NA,NA,NA,NA,NA,NA,NA,NA,NA,NA,NA,NA,NA,NA,NA,NA,NA
"154141",1,0,1,1,0,1,0,1,0,1,1,1,0,1,0,0,1,0
"51099",0,1,1,0,1,0,0,0,0,1,1,1,1,0,1,1,0,1
"253558",1,1,1,1,1,1,1,0,1,1,1,1,1,1,1,1,1,1
"84513",0,1,0,1,0,1,1,0,0,1,0,1,0,1,0,1,0,0
"64748",1,0,1,0,0,1,1,0,0,0,0,0,0,1,1,1,0,0
"9890",0,0,0,0,0,0,0,0,0,0,0,0,0,0,0,0,0,0
"9663",1,1,1,1,1,1,1,1,1,1,1,1,1,1,1,1,1,1
"196051",0,0,0,0,0,0,0,0,0,0,0,0,0,0,0,0,0,0
"79948",1,0,0,1,1,0,1,1,0,0,1,0,1,1,0,1,0,1
"23175",1,1,1,1,1,1,1,1,1,1,1,1,1,1,1,1,1,1
"64900",1,0,1,1,1,0,1,1,0,0,0,0,0,0,1,1,1,0
"85465",0,0,1,0,1,0,0,1,1,1,1,0,1,1,1,1,0,1
"122618",1,0,0,1,0,1,0,1,1,0,0,0,0,0,1,0,0,1
"201164",0,1,0,1,1,0,1,0,0,1,0,0,1,1,1,0,0,0
"23646",0,1,0,1,1,0,1,1,0,0,0,1,0,0,0,0,1,1
"590",0,0,0,0,0,0,0,0,0,0,0,0,0,0,0,0,0,0
"91012",0,0,1,1,0,1,1,0,1,0,0,1,0,1,1,0,1,0
"204219",0,0,0,0,0,0,0,0,0,0,0,0,0,0,0,0,0,0
"10715",1,0,0,1,0,1,1,1,1,0,0,0,0,0,0,0,1,1
"253782",0,1,1,1,0,1,0,0,0,1,1,1,0,1,1,1,0,1
"29956",1,1,1,1,1,1,1,1,1,1,1,1,1,1,1,1,1,1
"79603",1,1,0,1,0,1,1,0,1,0,0,0,0,0,1,1,0,1
"56624",1,0,1,0,0,1,0,0,1,1,1,0,0,1,0,1,1,0
"55757",0,0,0,0,0,0,0,0,0,0,0,0,0,0,0,0,0,0
"145173",0,1,1,0,0,1,0,0,0,1,1,1,0,0,1,1,1,1
"644974",NA,NA,NA,NA,NA,NA,NA,NA,NA,NA,NA,NA,NA,NA,NA,NA,NA,NA
"56886",0,1,1,1,0,1,1,1,0,0,1,0,1,1,1,1,0,1
"152586",0,0,0,0,0,0,0,0,0,0,0,0,0,0,0,0,0,0
"55830",1,1,1,1,1,1,0,0,1,1,1,1,1,1,1,1,1,1
"170384",0,1,1,0,1,0,0,0,1,1,1,0,1,0,1,1,0,1
"283358",1,0,0,0,0,1,0,1,0,0,1,1,0,0,1,0,1,0
"148789",0,1,0,1,0,1,0,0,1,1,1,0,1,1,1,0,0,1
"2526",0,1,1,0,0,1,1,0,0,1,1,1,0,0,1,1,0,1
"84750",1,1,1,0,1,0,1,0,1,0,0,1,1,0,0,1,1,1
"644378",NA,NA,NA,NA,NA,NA,NA,NA,NA,NA,NA,NA,NA,NA,NA,NA,NA,NA
"55624",0,0,1,0,1,0,1,0,0,1,1,0,0,0,1,1,0,1
"83468",0,0,0,0,0,0,0,0,0,0,1,0,0,0,0,0,0,0
"168391",0,0,0,0,0,0,0,0,0,0,0,0,0,0,0,0,0,0
"338707",0,0,0,0,0,0,0,1,0,0,0,0,0,0,0,0,0,0
"146664",0,0,1,1,0,1,0,1,0,0,0,0,0,1,1,0,0,1
"360203",NA,NA,NA,NA,NA,NA,NA,NA,NA,NA,NA,NA,NA,NA,NA,NA,NA,NA
"56983",1,1,1,1,1,1,1,1,1,1,1,1,1,1,1,1,1,1
"3703",1,1,1,1,1,1,1,1,1,1,1,1,1,1,1,1,1,1
"124872",0,0,0,0,0,0,0,0,0,0,0,0,0,0,0,0,0,0
"8473",1,1,1,1,1,1,1,1,1,1,1,1,1,1,1,1,1,1
"8708",0,0,0,0,0,0,0,0,0,0,0,0,0,0,0,0,0,0
"2529",0,0,0,1,0,1,1,1,1,0,0,0,0,1,1,1,0,0
"8702",1,1,0,0,0,1,1,1,1,0,1,0,0,0,1,1,1,1
"8707",1,0,0,0,0,1,1,0,1,0,0,1,0,1,1,0,1,0
"200810",NA,NA,NA,NA,NA,NA,NA,NA,NA,NA,NA,NA,NA,NA,NA,NA,NA,NA
"84752",1,0,0,1,1,0,1,1,0,1,0,1,1,1,0,0,1,1
"201595",1,1,1,1,1,1,1,1,1,1,1,1,1,1,1,1,1,1
"140687",0,0,0,0,0,0,1,1,0,0,0,0,0,0,0,0,0,0
"51228",1,1,1,1,1,1,1,1,1,1,1,1,1,1,1,1,1,1
"284004",1,0,0,1,0,1,1,1,1,0,0,1,0,1,0,0,1,0
"79411",1,0,1,0,0,1,0,0,1,1,1,0,0,0,0,1,0,0
"27090",0,1,0,1,1,0,1,1,0,0,0,1,1,1,0,1,0,0
"129807",1,0,0,1,1,0,0,1,0,0,0,1,0,1,1,0,0,1
"2524",1,0,0,1,1,0,0,1,0,0,1,0,0,1,0,1,0,1
"2528",1,0,1,0,0,1,1,1,0,1,0,0,1,1,0,0,0,1
"2527",1,0,0,1,0,1,1,1,0,0,0,0,1,1,0,0,0,1
"113612",0,1,1,0,0,1,0,1,1,0,1,0,1,1,0,0,1,0
"493869",0,0,0,0,0,0,0,0,0,0,0,0,0,0,0,0,0,0
"64180",0,0,0,1,0,1,1,1,0,0,0,0,0,0,0,1,0,1
"64174",0,1,0,1,0,1,1,0,0,1,0,1,0,1,0,1,1,0
"10728",1,1,1,1,1,1,1,1,1,1,1,1,1,1,1,1,1,1
"11102",0,1,0,1,0,1,0,0,1,1,1,0,0,0,1,1,0,1
"91179",0,1,0,1,0,1,1,0,0,1,1,0,0,0,0,1,0,1
"10826",1,0,1,0,0,1,1,0,1,0,0,0,0,0,0,0,1,1
"266740",0,0,0,0,0,0,0,0,0,0,0,0,0,0,0,0,0,0
"3930",1,1,1,1,1,1,1,1,1,1,1,1,1,1,1,1,1,1
"4645",0,0,0,0,0,0,0,0,0,0,0,0,0,1,0,0,0,0
"3069",0,0,1,1,0,1,0,1,1,0,0,1,1,1,1,0,1,0
"4864",0,1,1,1,0,1,1,1,0,0,0,0,1,0,0,1,1,1
"285440",0,1,0,0,1,0,1,0,1,1,0,0,0,1,0,0,1,1
"79644",1,1,1,0,1,0,1,0,1,0,1,0,0,1,1,1,0,0
"1646",0,1,1,0,0,0,0,0,0,1,1,0,1,0,0,1,0,0
"51170",1,1,1,1,1,1,1,1,1,1,1,1,1,1,1,1,1,1
"51144",0,1,1,0,0,1,0,0,0,1,1,1,0,0,1,0,1,1
"8630",0,0,0,0,0,0,0,0,0,0,0,0,0,0,0,0,0,0
"158160",1,1,1,1,1,1,1,1,1,1,1,1,1,1,1,1,1,1
"83401",0,0,0,0,0,0,0,0,0,0,0,0,0,0,0,0,0,0
"64834",1,1,1,1,1,1,1,1,1,1,1,1,1,1,1,1,1,1
"79993",0,0,0,0,0,0,0,0,0,0,0,0,0,0,0,0,0,0
"401494",0,1,0,1,0,1,1,0,1,1,0,1,0,0,0,0,1,1
"192286",1,1,1,1,1,1,1,1,1,1,1,1,1,1,1,1,1,1
"201562",1,1,1,1,1,1,1,0,1,1,1,1,1,1,1,1,1,1
"9200",0,0,0,1,0,1,0,1,0,0,1,0,1,0,1,0,0,1
"51495",1,1,1,1,1,1,1,1,1,1,1,1,1,1,1,1,1,1
"253017",0,0,0,0,0,0,0,0,0,0,0,0,0,0,0,0,0,0
"9524",0,1,1,0,0,1,1,0,1,1,0,1,0,1,0,0,0,1
"283985",NA,NA,NA,NA,NA,NA,NA,NA,NA,NA,NA,NA,NA,NA,NA,NA,NA,NA
"3995",0,1,0,1,1,0,0,1,0,1,1,0,1,0,1,0,1,1
"1155",1,1,1,1,1,1,1,1,1,1,1,1,1,1,1,1,1,1
"114571",1,0,1,0,0,0,0,1,1,0,1,0,1,1,0,0,1,1
"123096",1,0,0,1,1,0,0,1,0,0,0,1,0,1,0,1,0,1
"57016",0,0,0,0,0,0,0,0,0,0,0,0,0,0,0,0,0,0
"55277",0,0,0,0,0,0,0,0,0,0,0,1,0,0,0,0,0,0
"79707",1,1,1,1,1,1,1,1,1,1,1,1,1,1,1,1,1,1
"64122",0,0,0,0,0,0,0,1,0,0,0,0,0,0,0,0,0,0
"9917",0,1,0,1,1,0,0,0,1,1,1,1,1,0,1,1,0,1
"79672",1,1,1,1,1,1,0,0,1,1,1,1,1,1,1,1,1,1
"92370",0,1,1,1,0,1,0,1,0,0,1,1,1,1,0,0,0,0
"390928",NA,NA,NA,NA,NA,NA,NA,NA,NA,NA,NA,NA,NA,NA,NA,NA,NA,NA
"93650",1,0,0,1,0,1,1,1,1,0,0,0,1,1,0,0,1,1
"139596",1,1,1,1,1,1,0,0,1,1,1,1,1,1,1,1,1,1
"55066",0,1,0,1,1,1,1,0,1,1,1,1,1,1,1,1,1,0
"283208",0,0,0,0,0,0,0,0,0,0,0,0,0,0,0,0,1,0
"5033",1,1,1,1,1,1,1,1,1,1,1,1,1,1,1,1,1,1
"8974",0,0,0,0,0,0,0,0,0,0,0,0,0,0,0,0,0,0
"58478",1,1,1,1,1,1,1,1,1,1,1,1,1,1,1,1,1,1
"55256",0,0,0,1,1,0,1,0,0,1,1,1,1,0,1,1,0,0
"259307",1,0,1,1,0,1,1,1,1,1,0,0,0,1,0,1,1,0
"81894",1,1,1,1,1,1,1,1,1,1,1,1,1,1,1,1,1,1
"51312",0,0,1,1,1,0,1,0,0,0,1,0,1,1,1,0,0,0
"138639",0,1,0,1,0,1,0,0,0,1,0,1,1,1,0,0,0,1
"23203",1,1,1,1,1,1,1,1,1,1,1,1,1,1,1,1,1,1
"9896",1,0,1,0,1,0,0,0,0,1,1,1,0,0,0,1,1,1
"374462",NA,NA,NA,NA,NA,NA,NA,NA,NA,NA,NA,NA,NA,NA,NA,NA,NA,NA
"163404",0,0,0,0,0,0,0,0,0,0,0,0,0,0,0,0,0,0
"22908",1,1,1,1,1,1,1,1,1,1,1,1,1,1,1,1,1,1
"22876",0,1,0,1,1,0,0,0,0,1,1,1,0,1,0,0,0,1
"84814",0,0,1,1,0,1,0,1,1,0,0,0,0,0,0,0,1,1
"51559",1,1,1,0,0,1,0,0,1,0,0,1,1,1,1,0,0,0
"29085",1,1,0,1,0,1,1,1,1,1,0,0,0,1,1,0,0,0
"64419",1,1,1,1,1,1,1,1,1,1,1,1,1,1,1,1,1,1
"145553",1,1,1,1,1,1,0,1,1,1,1,1,1,1,1,1,1,1
"51496",1,1,1,0,1,1,1,1,1,1,1,1,1,1,1,1,1,1
"8446",1,1,1,1,1,1,1,1,1,1,1,1,1,1,1,1,1,1
"9107",0,0,1,1,0,1,0,0,1,1,1,1,0,1,0,1,0,1
"23371",1,0,1,0,1,0,1,1,1,1,0,0,0,0,0,0,0,1
"9108",0,0,0,0,0,0,0,0,0,0,1,0,0,0,0,0,0,0
"55613",0,0,0,0,0,0,1,0,0,0,0,0,0,0,0,0,0,0
"403313",0,1,1,0,0,1,0,0,1,1,1,0,0,1,0,1,0,1
"9562",0,1,0,0,0,1,1,0,0,0,1,1,1,0,0,1,0,1
"3705",1,0,0,1,0,1,1,1,0,0,0,0,0,0,0,0,0,1
"138429",0,0,1,0,1,0,0,1,0,1,1,0,0,1,1,0,1,1
"10170",1,1,1,0,1,0,0,1,1,0,0,0,1,0,0,1,0,1
"9249",1,1,1,1,1,1,1,1,1,1,1,1,1,1,1,1,1,1
"220074",1,0,1,0,0,1,1,1,0,1,1,1,0,0,0,1,1,1
"1733",0,0,0,0,0,0,0,0,0,0,0,0,0,0,0,0,0,0
"1735",1,0,0,1,0,1,1,1,1,0,0,0,1,1,0,0,0,1
"1734",0,0,0,1,0,0,1,0,0,0,0,0,0,0,0,0,0,0
"6819",0,0,0,0,0,0,0,0,0,0,0,0,0,0,0,0,0,0
"27284",0,0,1,0,1,0,0,1,0,1,0,1,1,0,0,1,1,0
"84274",1,0,0,1,0,1,0,0,0,1,1,1,1,0,1,1,0,1
"4297",0,1,1,1,0,1,1,1,1,0,0,0,0,0,0,0,1,1
"55904",1,1,1,1,1,1,1,1,1,1,1,1,1,1,1,1,1,1
"55870",1,1,1,1,1,1,1,1,1,1,1,1,1,1,1,1,1,1
"79723",1,1,1,0,0,1,0,0,1,0,1,0,1,0,1,1,0,1
"79813",0,1,0,0,0,1,1,0,1,0,0,1,0,0,1,0,1,0
"387893",0,1,0,1,1,0,1,0,0,0,0,0,0,1,0,1,0,0
"8085",0,1,0,1,1,1,1,1,1,1,1,1,1,1,1,1,1,1
"58508",1,1,1,1,0,1,1,1,1,1,0,1,1,1,1,1,1,1
"9869",0,1,0,1,1,0,1,0,0,1,1,1,0,0,1,0,1,0
"9757",1,1,0,0,1,0,1,1,1,0,0,0,1,0,0,0,0,1
"80854",0,0,1,1,0,1,1,1,0,0,0,1,1,1,1,1,1,0
"9739",0,1,0,1,0,1,1,0,1,0,1,0,0,0,1,0,1,1
"64754",0,1,0,1,1,0,0,0,1,1,1,1,0,1,1,1,0,0
"84444",0,1,0,1,1,0,1,1,0,0,0,1,1,0,1,0,0,1
"10919",1,1,0,1,1,0,1,1,0,0,0,0,1,1,1,0,0,0
"64324",0,1,0,1,0,1,1,1,0,0,0,0,1,1,1,0,0,1
"23067",1,1,1,1,1,1,1,1,1,1,1,1,1,1,1,1,1,1
"6839",1,1,0,1,1,0,0,1,1,0,0,0,1,1,1,1,0,1
"83852",0,1,0,1,0,1,0,0,1,0,1,1,1,0,0,0,1,0
"54904",1,1,1,1,1,1,1,0,1,1,1,1,1,1,1,1,1,1
"84787",1,0,0,1,1,0,1,1,0,0,0,0,0,1,1,0,0,1
"29072",1,1,1,1,1,1,1,1,1,1,1,1,1,1,1,1,1,1
"7468",0,0,1,1,1,0,1,0,0,0,1,1,1,1,1,1,0,0
"51111",0,1,0,1,0,1,0,0,0,1,1,1,0,0,1,0,1,1
"6419",1,1,0,0,1,0,1,0,1,1,1,0,1,1,1,0,0,1
"90701",1,1,1,1,1,1,1,1,1,1,1,1,1,1,1,1,1,1
"9789",1,1,1,1,1,1,1,1,1,1,1,1,1,1,1,1,1,1
"23478",1,1,1,1,1,1,1,1,1,1,1,1,1,1,1,1,1,1
"28972",1,1,1,1,1,1,1,1,1,1,1,1,1,1,1,1,1,1
"60559",1,1,1,1,1,1,1,1,1,1,1,1,1,1,1,1,1,1
"57171",1,0,1,0,0,1,0,1,0,1,1,0,0,1,1,1,0,1
"4249",0,0,0,1,0,1,1,0,1,0,0,1,1,1,0,0,1,0
"25834",0,0,0,0,0,0,0,0,0,0,0,0,0,0,0,0,0,0
"137902",0,0,0,0,0,0,0,0,0,0,0,0,0,0,0,0,0,0
"7837",0,1,0,0,1,0,1,1,1,1,0,0,0,1,0,1,0,0
"9677",1,0,0,1,1,0,0,0,1,1,1,1,0,1,1,0,1,1
"23262",1,1,1,1,1,1,1,1,1,1,1,1,1,1,1,1,1,1
"26007",1,1,0,1,1,0,0,0,1,1,1,1,0,0,1,1,1,0
"158584",0,1,1,0,1,0,0,0,0,0,1,1,0,1,0,0,1,0
"283209",1,1,0,0,0,1,0,0,1,0,1,1,0,1,0,0,1,1
"23491",0,1,0,1,0,1,1,1,1,0,0,0,1,1,1,0,1,0
"221223",0,0,0,0,0,0,0,0,0,0,0,0,0,0,0,0,0,0
"1208",1,0,0,0,0,1,1,1,1,0,0,0,1,1,1,0,1,1
"55244",0,0,0,0,0,0,0,0,0,1,0,1,0,0,0,0,0,0
"146802",0,0,0,0,0,0,0,0,1,0,0,0,0,0,0,0,0,0
"345274",NA,NA,NA,NA,NA,NA,NA,NA,NA,NA,NA,NA,NA,NA,NA,NA,NA,NA
"116085",1,0,1,0,0,0,1,1,0,0,0,0,0,1,0,0,0,0
"123688",0,0,0,0,0,0,0,0,0,0,0,0,0,0,0,0,0,0
"56898",0,1,0,0,1,0,0,1,0,0,1,1,0,1,0,0,1,1
"51171",0,1,0,1,1,0,1,1,1,0,0,0,1,0,0,1,1,0
"84869",0,0,0,1,0,1,1,0,1,1,1,1,1,1,1,0,1,0
"51741",0,1,0,1,1,0,0,0,1,0,0,1,1,0,1,1,0,1
"10202",0,0,0,1,0,1,1,1,1,0,0,0,1,0,0,1,0,1
"1487",1,1,1,1,1,1,1,1,1,1,1,1,1,1,1,1,1,1
"93517",0,0,0,1,0,1,1,1,0,1,1,0,0,1,0,1,1,0
"121214",0,0,0,0,0,0,0,0,0,0,0,0,0,0,0,0,0,0
"10553",0,1,1,1,1,0,0,0,0,1,1,1,0,0,0,0,1,1
"100288072",NA,NA,NA,NA,NA,NA,NA,NA,NA,NA,NA,NA,NA,NA,NA,NA,NA,NA
"374875",1,0,0,1,1,0,0,1,1,0,0,0,1,0,1,0,0,0
"441282",NA,NA,NA,NA,NA,NA,NA,NA,NA,NA,NA,NA,NA,NA,NA,NA,NA,NA
"340811",NA,NA,NA,NA,NA,NA,NA,NA,NA,NA,NA,NA,NA,NA,NA,NA,NA,NA
"133121",0,0,0,0,0,0,0,0,0,0,0,0,0,0,0,0,0,0
"85007",1,0,1,1,0,1,1,0,0,1,0,1,0,1,0,0,1,0
"250",0,0,1,1,0,1,1,1,0,0,0,0,0,1,0,0,1,1
"251",1,0,0,1,0,1,1,1,0,0,0,0,1,1,0,0,1,1
"123264",0,0,0,0,0,0,1,0,1,0,0,0,1,0,0,0,0,0
"200931",0,0,0,0,1,0,0,1,0,0,0,0,0,0,0,1,0,0
"10941",0,0,0,0,0,0,0,0,0,0,0,0,0,0,0,0,0,0
"79799",0,0,0,0,0,0,0,0,0,0,0,0,0,0,0,0,0,0
"10476",1,1,1,1,1,1,1,1,1,1,1,1,1,1,1,1,1,1
"518",1,1,1,1,1,1,1,1,1,1,1,1,1,1,1,1,1,1
"498",1,1,1,1,1,1,1,1,1,1,1,1,1,1,1,1,1,1
"516",1,1,1,1,1,1,1,1,1,1,1,1,1,1,1,1,1,1
"522",1,1,1,1,1,1,1,1,1,1,1,1,1,1,1,1,1,1
"515",1,1,1,1,1,1,1,1,1,1,1,1,1,1,1,1,1,1
"9551",1,1,1,1,1,1,1,1,1,1,1,1,1,1,1,1,1,1
"27109",1,1,0,0,1,0,1,0,1,1,1,1,0,1,1,1,0,1
"267020",NA,NA,NA,NA,NA,NA,NA,NA,NA,NA,NA,NA,NA,NA,NA,NA,NA,NA
"509",1,1,1,1,1,1,1,1,1,1,1,1,1,1,1,1,1,1
"513",1,1,1,1,1,1,1,1,1,1,1,1,1,1,1,1,1,1
"514",1,1,1,1,1,1,1,1,1,1,1,1,1,1,1,1,1,1
"517",1,1,1,1,1,1,1,1,1,1,1,1,1,1,1,1,1,1
"521",1,1,1,1,1,1,1,1,1,1,1,1,1,1,1,1,1,1
"10632",1,1,1,1,1,1,1,1,1,1,1,1,1,1,1,1,1,1
"506",1,1,1,1,1,1,1,1,1,1,1,1,1,1,1,1,1,1
"539",1,1,1,1,1,1,1,1,1,1,1,1,1,1,1,1,1,1
"29796",1,1,1,1,1,1,1,1,1,1,1,1,1,1,1,1,1,1
"4519",NA,NA,NA,NA,NA,NA,NA,NA,NA,NA,NA,NA,NA,NA,NA,NA,NA,NA
"1537",1,1,1,1,1,1,1,1,1,1,1,1,1,1,1,1,1,1
"7381",1,1,1,1,1,1,1,1,1,1,1,1,1,1,1,1,1,1
"10975",1,1,1,1,1,1,1,1,1,1,1,1,1,1,1,1,1,1
"27089",1,1,1,1,1,1,1,1,1,1,1,1,1,1,1,1,1,1
"7384",1,1,1,1,1,1,0,1,1,1,1,1,1,1,1,1,1,1
"7386",1,1,1,1,1,1,1,1,1,1,1,1,1,1,1,1,1,1
"7388",1,1,1,1,1,1,1,1,1,1,1,1,1,1,1,1,1,1
"7385",1,0,1,1,1,1,1,1,1,0,0,1,1,1,1,1,1,0
"9481",0,0,0,0,0,0,0,0,0,0,0,0,0,0,0,0,0,0
"9016",1,1,1,0,1,0,1,0,1,1,1,1,1,1,0,1,1,1
"7351",1,1,1,1,1,1,1,1,1,1,1,1,1,1,1,1,1,1
"7352",0,0,0,1,1,0,1,1,0,0,0,0,0,0,1,0,1,1
"4535",1,1,1,1,1,1,1,1,1,1,1,1,1,1,1,1,1,1
"4540",1,1,1,1,1,1,1,1,1,1,1,1,1,1,1,1,1,1
"4541",1,1,1,1,1,1,1,1,1,1,1,1,1,1,1,1,1,1
"4729",1,1,1,1,1,1,1,1,1,1,1,1,1,1,1,1,1,1
"126328",1,1,1,1,1,1,1,1,1,1,1,1,1,1,1,1,1,1
"4717",1,1,1,1,1,1,0,1,1,1,1,1,1,1,1,1,1,1
"4719",1,1,0,0,0,1,1,0,0,1,1,0,0,1,1,1,0,1
"7991",0,0,0,0,0,0,0,0,0,0,0,0,0,0,0,0,0,0
"4539",1,1,1,1,1,1,1,1,1,1,1,1,1,1,1,1,1,1
"4707",1,1,1,1,1,1,1,1,1,1,1,1,1,1,1,1,1,1
"4705",1,1,0,0,1,0,0,1,1,0,0,0,1,0,1,0,0,1
"4536",1,1,1,1,1,1,1,1,1,1,1,1,1,1,1,1,1,1
"4713",1,1,0,1,1,1,1,1,1,1,1,1,1,1,1,1,1,1
"4538",1,1,1,1,1,1,1,1,1,1,1,1,1,1,1,1,1,1
"4731",1,0,0,1,1,0,1,1,0,1,0,0,1,1,1,1,0,0
"4695",1,1,1,1,1,1,1,1,1,1,1,1,1,1,1,1,1,1
"4708",1,1,1,1,1,1,1,1,1,1,1,1,1,1,1,1,1,1
"4711",1,1,1,1,1,1,1,1,1,1,1,1,1,1,1,1,1,1
"4723",1,1,1,1,1,1,1,1,1,1,1,1,1,1,1,1,1,1
"4706",1,1,1,1,1,1,1,1,1,1,1,1,1,1,1,1,1,1
"4701",1,1,1,1,1,1,1,1,1,1,1,1,1,1,1,1,1,1
"4724",1,1,1,1,1,1,1,1,1,1,1,1,1,1,1,1,1,1
"4718",1,1,1,1,1,1,1,1,1,1,1,1,1,1,1,1,1,1
"4698",1,0,1,0,1,0,0,0,1,1,0,1,1,1,1,1,0,0
"4537",1,1,1,1,1,1,1,1,1,1,1,1,1,1,1,1,1,1
"55967",1,1,1,1,1,1,1,1,1,1,1,1,1,1,1,1,1,1
"4728",1,1,1,1,1,1,1,1,1,1,1,1,1,1,1,1,1,1
"4715",1,1,1,1,1,1,1,1,1,1,1,1,1,1,1,1,1,1
"51079",1,1,1,1,1,1,1,1,1,1,1,1,1,1,1,1,1,1
"54539",1,1,1,1,1,1,1,1,1,1,1,1,1,1,1,1,1,1
"4714",1,1,1,1,1,1,1,1,1,1,1,1,1,1,1,1,1,1
"4720",1,1,1,1,1,1,1,1,1,1,1,1,1,1,1,1,1,1
"4712",1,1,1,1,1,1,1,1,1,1,1,1,1,1,1,1,1,1
"4722",1,1,1,1,1,1,1,0,1,1,1,1,1,1,1,1,1,1
"4704",0,0,1,0,0,1,0,1,0,0,0,1,0,1,1,1,0,0
"4694",1,1,1,1,1,1,1,1,1,1,1,1,1,1,1,1,1,1
"4702",1,1,1,1,1,1,1,1,1,1,1,1,1,1,1,1,1,1
"4709",1,1,1,1,1,1,1,1,1,1,1,1,1,1,1,1,1,1
"4725",1,1,1,1,1,1,1,1,1,1,1,1,1,1,1,1,1,1
"4710",1,1,1,1,1,1,1,1,1,1,1,1,1,1,1,1,1,1
"4697",1,1,1,1,1,1,1,1,1,1,1,1,1,1,1,1,1,1
"4726",1,1,1,1,1,1,1,1,1,1,1,1,1,1,1,1,1,1
"4716",1,1,1,1,1,1,1,1,1,1,1,1,1,1,1,1,1,1
"374291",0,1,0,1,0,1,1,0,1,1,1,1,1,1,1,0,0,1
"1345",1,1,1,1,1,1,1,1,1,1,1,1,1,1,1,1,1,1
"1340",1,1,1,1,1,1,1,1,1,1,1,1,1,1,1,1,1,1
"1329",1,1,1,1,1,1,1,1,1,1,1,1,1,1,1,1,1,1
"4514",1,1,1,1,1,1,1,1,1,1,1,1,1,1,1,1,1,1
"4513",1,1,1,1,1,1,1,1,1,1,1,1,1,1,1,1,1,1
"1327",1,1,1,1,1,1,1,1,1,1,1,1,1,1,1,1,1,1
"1351",1,1,1,1,1,1,1,1,1,1,1,1,1,1,1,1,1,1
"1349",1,1,1,1,1,1,1,1,1,1,1,1,1,1,1,1,1,1
"1346",0,0,0,1,0,1,0,1,0,0,0,1,0,0,0,0,0,0
"1347",1,1,1,1,1,1,1,1,1,1,1,1,1,1,1,1,1,1
"9377",1,1,1,1,1,1,1,1,1,1,1,1,1,1,1,1,1,1
"1337",1,1,1,1,1,1,1,1,1,1,1,1,1,1,1,1,1,1
"4512",1,1,1,1,1,1,1,1,1,1,1,1,1,1,1,1,1,1
"1350",1,1,1,1,1,1,1,1,1,1,1,1,1,1,1,1,1,1
"9167",1,1,1,1,1,1,1,1,1,1,1,1,1,1,1,1,1,1
"125965",1,1,1,0,1,0,0,1,1,0,0,0,1,1,0,0,0,1
"1339",1,0,0,1,1,0,1,1,0,0,1,0,1,1,1,0,0,1
"170712",0,0,0,0,0,0,0,0,0,0,0,0,0,0,0,0,0,0
"84701",1,0,1,0,0,1,0,1,1,0,0,1,0,1,1,0,0,1
"4363",1,1,1,1,1,1,1,1,1,1,1,1,1,1,1,1,1,1
"146712",0,1,0,1,1,0,1,0,1,0,0,1,0,0,1,0,1,0
"10554",1,1,1,0,1,0,1,0,1,1,0,1,1,0,0,1,0,1
"240",0,1,1,0,1,0,1,1,0,0,0,1,1,1,0,1,1,0
"534",1,0,1,0,1,0,1,0,1,0,0,1,0,1,1,0,1,1
"8705",0,0,0,1,1,0,0,0,1,0,1,0,0,0,0,1,1,1
"570",1,0,0,0,1,0,1,0,1,0,1,0,0,1,1,1,1,0
"622",1,0,0,1,1,0,0,0,0,1,1,0,1,0,1,1,0,1
"57818",1,0,0,1,1,0,1,1,0,0,1,0,0,1,0,0,0,1
"8647",0,0,0,0,0,0,0,0,0,0,0,0,0,0,0,0,0,0
"124935",1,0,0,1,1,0,1,1,0,0,1,0,0,0,1,1,0,1
"6531",0,0,1,1,0,1,0,1,1,0,0,0,0,0,1,0,0,1
"11000",1,0,0,1,1,0,0,0,1,1,0,1,1,0,1,1,1,0
"4758",0,1,0,0,1,0,0,0,1,0,1,1,0,1,0,1,0,1
"2618",1,1,1,0,0,1,1,1,0,0,0,0,1,1,1,0,0,0
"2629",1,0,0,0,0,1,0,0,1,0,1,0,1,1,0,1,0,0
"7264",1,0,0,1,1,0,0,0,1,1,1,1,1,1,1,1,0,0
"284098",0,1,1,0,0,1,0,0,1,1,1,1,1,1,1,0,0,0
"3163",1,1,0,1,1,1,1,1,1,0,0,0,1,0,1,1,0,1
"7923",1,1,1,1,1,1,0,1,0,0,1,1,1,1,1,1,1,0
"10723",1,1,1,1,1,1,1,1,1,1,1,1,1,1,1,0,1,1
"201288",NA,NA,NA,NA,NA,NA,NA,NA,NA,NA,NA,NA,NA,NA,NA,NA,NA,NA
"645740",NA,NA,NA,NA,NA,NA,NA,NA,NA,NA,NA,NA,NA,NA,NA,NA,NA,NA
"1589",1,0,0,1,1,0,1,1,0,0,0,1,0,1,0,0,1,1
"9651",0,1,1,1,1,0,0,1,0,1,0,0,0,1,0,0,0,1
"8396",1,1,0,1,1,0,1,1,0,0,0,0,1,1,1,1,0,1
"8399",1,0,1,0,1,0,1,1,1,0,0,0,0,1,1,0,0,1
"64711",1,0,1,0,0,1,1,1,0,0,0,0,0,1,0,0,1,1
"7366",0,0,0,0,0,0,0,0,0,0,0,0,0,0,0,0,0,0
"9374",1,0,1,0,1,0,0,0,1,1,1,1,1,0,1,1,0,1
"93100",1,0,0,1,0,1,0,1,0,1,1,0,0,1,0,0,1,0
"55229",1,1,0,1,1,1,0,0,1,1,0,1,1,1,1,1,1,1
"26063",1,0,0,1,1,0,1,1,0,1,0,0,1,1,0,0,0,1
"2880",0,0,0,0,0,0,0,0,0,0,0,0,0,0,0,0,0,0
"65263",1,0,1,0,1,0,1,0,1,0,1,0,0,1,1,1,0,0
"8781",0,0,0,1,0,1,1,1,1,0,0,1,0,0,1,1,1,1
"31",0,0,1,1,1,0,1,1,0,0,0,0,1,0,1,1,0,1
"55750",1,0,1,0,1,0,1,0,1,0,1,1,1,0,1,1,0,1
"8644",0,1,0,0,0,1,0,0,0,1,1,0,1,0,0,1,1,0
"1066",1,0,0,1,1,0,1,0,1,1,1,0,1,1,1,0,0,1
"5446",0,0,0,0,0,0,0,0,0,0,0,0,0,0,0,0,0,0
"4905",1,1,1,1,1,1,1,1,1,1,1,1,1,1,1,1,1,1
"4700",1,1,1,1,1,1,1,1,1,1,1,1,1,1,1,1,1,1
"4696",1,1,1,1,1,1,1,1,1,1,1,1,1,1,1,1,1,1
"341947",0,0,0,0,0,0,0,0,0,0,0,0,0,0,0,0,0,0
