"","GSM565276","GSM565277","GSM565278","GSM565279","GSM565280","GSM814482","GSM814483","GSM814484","GSM814485","GSM1070753","GSM1070754","GSM1070757","GSM1070758","GSM1070761","GSM1070762","GSM1215107","GSM1215109","GSM1215111","GSM1215113","GSM2080663","GSM2080664"
"26",0,0,0,0,0,0,0,0,0,0,0,0,0,0,0,0,0,0,0,0,0
"314",0,0,0,0,0,0,0,0,0,0,0,0,0,1,0,0,0,1,0,1,0
"8639",1,1,1,0,0,0,0,1,0,1,0,1,0,0,1,1,1,0,0,0,1
"1591",0,0,0,0,0,0,0,0,0,0,0,0,0,0,0,0,0,0,0,0,0
"1594",1,0,1,0,1,1,0,0,1,0,1,0,1,0,1,1,0,1,0,0,1
"10993",0,0,0,0,1,0,0,1,0,0,1,0,1,0,1,0,1,0,1,1,0
"6818",1,1,1,1,1,1,1,1,1,1,1,1,0,1,0,1,1,1,1,1,1
"89874",0,0,0,0,0,0,0,0,0,0,0,0,0,0,0,0,0,0,0,0,0
"55293",0,1,1,1,0,1,0,0,1,0,0,1,1,1,0,1,1,1,0,1,0
"3945",1,1,1,1,1,1,1,1,1,1,1,1,1,1,1,1,1,1,1,1,1
"92483",0,0,0,0,0,0,0,0,0,0,0,0,0,0,0,0,0,0,0,0,0
"160287",0,0,0,0,0,0,0,0,0,0,0,0,0,0,0,0,0,0,0,0,0
"3948",0,0,1,0,0,0,0,0,1,0,1,0,0,1,1,0,1,1,0,0,0
"3939",1,1,1,1,1,1,1,1,1,1,1,1,1,1,1,1,1,1,1,1,1
"134526",0,0,0,0,0,0,0,0,0,0,0,0,0,0,0,0,0,0,0,0,0
"51",1,1,1,0,0,0,1,0,1,1,0,1,1,1,0,0,0,0,1,0,1
"95",0,1,1,0,1,1,0,1,1,0,1,1,0,1,1,1,0,1,0,0,1
"50",1,1,1,1,1,1,1,1,1,1,1,1,1,1,1,1,1,1,1,1,1
"48",0,1,1,0,0,0,1,1,0,1,0,1,1,1,0,0,1,0,0,0,1
"8309",0,0,0,0,0,0,0,0,0,0,0,0,0,0,0,0,0,0,0,0,0
"52",1,1,1,1,1,1,1,1,1,1,1,1,1,1,1,1,1,1,1,1,1
"55",0,0,0,0,0,0,0,0,0,0,0,0,0,0,0,0,0,0,0,0,0
"788",1,0,0,1,1,1,1,0,1,1,0,1,0,1,0,1,0,0,1,0,1
"9194",1,1,1,1,0,0,1,1,1,1,1,0,1,1,1,0,0,0,1,1,0
"55902",0,0,0,0,0,1,1,0,0,0,0,1,0,1,0,0,1,1,0,1,0
"9123",0,0,1,0,1,0,0,1,0,0,0,1,1,0,0,1,1,1,0,0,1
"6566",1,1,1,1,0,1,1,0,0,0,1,0,1,0,1,0,1,1,0,0,1
"57835",1,0,0,0,0,0,0,1,1,0,1,1,1,1,1,0,1,0,1,1,0
"65985",0,0,1,0,1,0,1,1,0,1,0,1,1,1,0,1,0,1,0,1,0
"8671",0,0,0,0,0,0,0,0,0,0,0,0,0,0,0,0,0,0,0,0,0
"438",0,0,0,0,0,0,0,0,0,0,0,0,0,0,0,0,0,0,0,0,0
"1571",0,0,0,0,0,0,0,0,0,0,1,0,0,0,0,0,0,0,0,1,0
"4967",1,1,1,1,1,1,1,1,1,1,1,1,1,1,1,1,1,1,1,1,1
"100",1,1,1,1,1,1,1,1,1,1,1,1,1,1,1,1,1,1,1,1,1
"8050",1,1,1,1,1,1,1,1,1,1,1,1,1,1,1,1,1,1,1,1,1
"1738",1,1,1,1,1,1,1,1,1,1,1,1,1,1,1,1,1,1,1,1,1
"3177",1,1,1,1,0,0,0,1,0,0,0,0,1,1,1,1,1,0,1,1,0
"1743",1,1,1,1,1,1,1,1,1,1,1,1,1,1,1,1,1,1,1,1,1
"126",0,0,0,0,0,0,0,0,0,0,0,0,0,0,0,0,0,0,0,0,0
"205",1,1,1,0,0,1,0,0,0,0,1,0,0,0,1,1,1,1,0,1,0
"128",0,1,1,1,0,1,1,0,1,1,0,1,0,1,0,1,1,1,0,1,0
"204",1,1,1,1,1,1,1,1,1,1,1,1,1,1,1,1,1,1,1,1,1
"130",0,0,0,0,0,0,0,0,0,0,0,0,0,0,0,0,0,0,0,0,0
"127",0,0,0,0,0,0,0,0,0,0,0,0,0,0,0,0,0,0,0,0,0
"131",0,0,0,0,0,0,0,1,0,0,0,0,0,0,0,0,0,0,0,0,0
"124",0,0,0,0,0,0,0,0,0,0,0,0,0,0,0,0,0,0,0,0,0
"125",0,0,0,0,0,0,0,0,0,0,0,0,0,0,0,0,0,0,0,0,0
"26289",0,0,0,0,0,0,0,0,0,0,0,0,0,0,0,0,0,0,0,0,0
"137872",1,1,1,1,1,0,1,0,0,1,0,1,0,1,0,1,1,0,1,1,0
"1312",1,1,1,1,0,1,0,1,1,1,0,1,0,1,0,1,0,1,1,0,1
"50808",1,1,1,1,1,1,1,0,1,0,0,1,0,1,0,0,0,0,1,0,1
"262",1,1,1,1,1,1,1,1,1,1,1,1,1,1,1,1,1,1,1,1,1
"117247",0,0,0,1,0,1,1,0,1,0,0,1,1,0,0,0,1,0,1,1,0
"222",0,0,0,0,0,0,0,0,0,0,0,0,0,0,0,0,0,0,0,0,1
"113",1,0,0,1,0,0,1,1,0,1,0,1,0,1,0,0,1,0,1,1,0
"218",0,0,0,0,1,0,1,0,0,0,0,1,1,0,0,1,1,0,0,1,0
"108",0,0,0,0,0,0,1,0,0,0,0,0,0,0,0,0,0,0,0,0,0
"220",0,0,0,0,0,0,0,0,0,0,0,0,0,0,0,0,0,0,0,0,0
"221",0,0,0,1,1,0,0,1,0,0,1,0,0,0,1,0,0,0,1,0,1
"114",0,0,0,0,0,0,0,0,0,1,0,1,0,0,0,0,0,0,0,0,0
"111",0,0,0,0,0,0,0,0,0,0,0,0,0,0,0,0,0,0,0,0,1
"3242",0,0,0,0,0,0,0,0,0,0,0,0,0,0,0,0,0,0,0,0,0
"115",1,1,1,0,0,0,0,1,1,1,0,1,0,1,0,1,0,0,1,0,1
"18",1,0,0,1,1,1,1,0,0,0,0,0,0,1,1,1,0,0,1,1,0
"109",1,1,0,0,0,0,0,1,0,1,1,1,0,0,1,0,0,1,1,0,1
"55811",0,0,0,0,0,0,0,0,0,0,0,0,0,0,0,0,0,0,0,0,0
"196883",0,0,0,0,0,0,0,1,0,1,1,0,1,0,0,0,1,0,1,1,0
"2531",1,0,1,1,0,0,0,0,1,1,0,1,0,0,1,1,0,1,0,0,1
"107",1,0,1,1,0,1,0,0,1,0,1,1,1,0,1,1,0,0,1,0,1
"23498",1,0,0,0,1,1,0,1,0,0,1,0,1,0,1,0,0,1,1,1,0
"112",1,0,0,0,1,1,0,0,1,0,1,0,1,1,1,0,1,0,1,0,1
"55268",1,0,1,0,1,1,0,0,0,1,0,1,0,1,0,1,1,0,0,1,0
"51166",0,0,0,0,0,0,0,0,0,0,0,0,0,0,0,0,0,0,0,0,0
"2030",1,1,0,1,0,1,0,1,0,0,1,0,1,0,1,0,0,0,1,0,1
"883",0,0,1,1,1,1,0,0,1,1,0,1,1,1,0,0,1,1,0,1,0
"1644",0,1,1,1,0,0,1,1,1,0,1,0,0,0,1,1,0,1,1,0,1
"4129",1,1,0,1,1,0,0,1,1,0,1,0,0,0,0,0,1,0,1,1,0
"9154",0,0,0,1,1,0,1,1,0,0,1,0,1,0,1,0,0,1,0,1,0
"64078",1,1,1,0,1,1,0,1,1,1,0,0,1,1,0,0,1,1,0,0,1
"4128",1,1,1,0,0,1,0,0,0,1,1,0,0,0,1,1,0,1,0,1,0
"9153",0,0,0,0,0,0,0,0,0,0,0,0,0,0,0,0,0,0,0,0,0
"10165",0,0,1,1,1,0,1,1,0,0,0,0,0,1,1,0,1,0,1,1,0
"55315",1,1,0,1,1,0,0,1,0,0,1,0,1,0,1,1,0,0,1,0,1
"8604",1,1,0,1,0,1,1,0,1,1,0,1,1,1,0,1,1,0,1,1,0
"245972",0,0,0,0,0,0,0,0,0,0,0,0,0,0,0,0,0,0,0,0,0
"2572",0,0,0,0,0,0,0,0,0,0,0,0,0,0,0,0,0,0,0,0,0
"9114",1,1,1,1,1,1,1,1,1,1,1,1,1,1,1,1,1,1,1,1,1
"11164",0,0,0,0,0,1,1,0,1,1,0,1,0,1,0,0,0,0,1,0,1
"2571",0,0,1,1,1,0,1,0,1,0,1,1,0,1,1,1,0,1,0,0,1
"952",1,1,1,1,1,1,1,1,1,1,1,1,1,1,1,1,1,1,1,1,1
"51380",1,0,1,0,0,0,1,1,0,1,0,0,0,1,1,1,1,0,1,1,0
"1375",1,0,0,0,0,0,0,1,0,1,0,1,0,1,0,0,0,0,1,1,0
"533",1,1,1,1,1,1,1,1,1,1,1,1,1,1,1,1,1,1,1,1,1
"2805",1,1,1,1,1,1,1,1,1,1,1,1,1,1,1,1,1,1,1,1,1
"50617",1,0,0,1,0,0,1,0,0,1,0,1,1,0,0,0,1,1,0,1,0
"1374",1,1,0,1,0,0,1,1,0,1,0,0,0,0,1,0,0,0,1,1,0
"2806",1,1,1,1,1,1,1,1,1,1,1,1,1,1,1,1,1,1,1,1,1
"8659",0,0,0,1,1,0,1,0,1,0,0,1,0,0,1,0,0,0,1,0,1
"126129",0,0,0,0,0,0,0,0,0,0,1,0,0,1,0,0,0,0,0,0,0
"10312",1,1,1,1,1,1,1,1,1,1,1,1,1,1,1,1,1,1,1,1,1
"6817",1,0,1,0,0,1,0,1,0,1,0,1,0,1,0,0,1,1,0,1,0
"535",0,0,1,1,1,1,0,0,1,1,0,1,1,0,0,0,0,1,1,0,1
"127124",0,0,0,0,0,0,0,0,0,0,0,0,0,0,0,0,0,0,0,0,0
"523",1,1,1,1,1,1,1,0,1,1,0,1,1,1,0,1,1,1,1,1,1
"1376",0,0,1,0,1,1,0,0,0,1,0,0,0,1,1,0,1,1,0,0,1
"6799",1,0,1,0,0,1,0,0,1,1,0,1,0,1,0,0,1,1,0,0,1
"9060",0,0,0,0,0,0,0,0,0,0,0,0,1,0,0,0,0,0,0,0,0
"8992",1,1,1,1,1,1,1,1,1,1,1,1,1,1,1,1,1,1,1,1,1
"9061",1,1,1,1,1,1,1,1,1,1,1,1,1,1,1,1,1,1,1,1,1
"158",1,1,1,1,1,1,1,1,1,1,1,1,1,1,1,1,1,1,1,1,1
"9550",1,1,1,1,1,1,1,1,1,1,1,1,1,1,1,1,1,1,1,1,1
"4363",1,1,1,1,1,1,1,1,1,0,1,1,1,1,1,1,1,1,1,1,1
"529",1,1,1,1,1,1,1,1,1,1,1,1,1,1,1,1,1,1,1,1,1
"6822",0,0,0,0,0,0,0,0,0,0,0,0,0,0,0,0,0,0,0,0,0
"6573",1,1,0,1,0,0,0,1,0,0,1,0,0,0,1,0,0,1,1,0,1
"146712",0,0,1,0,1,0,1,0,1,0,1,1,0,0,1,1,0,1,0,1,0
"528",0,1,0,1,1,0,1,0,1,1,1,1,1,1,0,0,1,0,1,1,0
"316",0,0,0,0,0,0,0,0,0,0,0,0,0,0,0,0,0,0,0,0,0
"10678",1,1,1,1,1,1,1,1,1,1,1,1,1,1,1,1,1,1,1,1,1
"6571",0,0,0,0,0,0,0,0,0,0,0,0,0,0,0,0,0,0,0,0,0
"6570",0,0,0,0,0,0,0,0,0,0,0,0,0,0,0,0,0,0,0,0,0
"10331",1,0,0,0,1,0,1,0,1,1,1,1,1,0,0,1,0,0,1,0,1
"51382",0,0,0,1,1,1,1,0,1,1,1,1,1,0,0,0,0,0,1,0,1
"2348",1,1,0,1,0,0,1,1,0,1,1,0,1,1,1,1,0,1,1,0,1
"90423",0,0,0,0,0,0,0,0,0,1,0,0,0,1,0,1,0,0,0,0,1
"534",0,1,1,0,0,0,1,0,1,0,0,1,1,0,0,0,1,1,0,1,0
"374907",0,0,0,0,0,0,0,1,1,1,1,0,0,1,0,0,0,0,1,0,1
"2352",1,1,0,1,1,0,0,1,0,1,0,1,0,0,0,0,1,1,0,0,1
"51606",1,1,1,1,1,1,1,1,1,1,0,1,1,1,0,1,1,1,1,1,1
"11041",0,0,1,0,0,1,1,0,1,1,0,1,1,1,0,0,0,0,1,0,1
"93010",0,0,0,0,0,1,0,0,1,0,0,0,0,0,0,0,0,0,0,0,0
"9296",1,1,1,1,1,1,1,1,1,1,1,1,1,1,1,1,1,1,1,1,1
"79369",0,0,1,0,0,0,0,1,0,1,1,1,0,0,0,1,1,1,0,0,1
"4125",1,1,1,1,1,1,1,1,1,1,1,1,1,1,1,1,1,1,1,1,1
"954",0,1,0,0,1,0,1,1,0,0,1,0,0,0,0,1,0,1,0,1,0
"79814",1,1,0,0,0,1,1,1,0,1,1,0,0,0,1,0,1,1,1,0,1
"53947",1,0,0,0,1,0,0,1,0,0,1,0,1,0,1,0,1,1,1,0,1
"51146",0,1,1,0,1,1,0,1,1,0,0,1,1,1,1,0,1,1,0,1,0
"28",0,0,0,1,1,0,0,1,0,0,1,1,1,0,1,0,0,1,1,1,0
"953",0,1,1,0,1,1,0,1,1,1,0,0,0,1,1,0,1,0,1,0,1
"206358",1,1,0,1,1,0,1,1,0,0,1,0,0,0,1,0,0,1,1,0,1
"957",1,1,1,1,0,1,1,0,1,1,0,0,0,1,1,0,1,0,1,1,0
"56895",0,0,1,1,1,0,1,0,0,0,1,0,1,0,1,1,0,1,0,0,1
"6540",0,0,0,1,1,0,1,0,1,1,1,1,1,0,0,1,1,1,0,0,1
"137964",0,0,0,0,0,0,1,0,0,0,0,1,0,1,0,0,1,1,0,0,1
"129642",1,1,0,1,0,1,1,0,1,0,0,1,1,1,0,1,0,0,1,0,1
"956",0,0,0,0,0,0,0,0,0,0,0,0,0,0,0,0,0,0,0,0,0
"955",1,0,0,0,1,1,0,1,0,1,0,1,0,1,1,1,0,0,1,0,1
"6539",0,0,1,1,0,1,0,1,0,0,0,1,1,0,0,0,0,1,0,0,1
"56894",0,0,0,1,1,0,1,1,0,1,0,1,0,1,0,0,0,0,1,0,1
"10555",0,1,0,0,1,1,0,1,0,1,0,1,0,1,0,0,1,1,0,0,1
"55326",1,1,1,0,0,1,1,0,1,0,1,0,1,1,1,1,1,1,0,0,1
"10554",1,1,1,1,1,1,1,1,1,1,0,1,1,1,1,1,1,1,1,1,1
"6529",0,0,0,0,0,0,0,0,0,0,0,0,0,0,0,0,0,0,0,0,0
"6538",0,0,0,0,1,1,0,1,1,1,1,0,1,0,0,0,1,0,1,0,1
"10449",0,0,1,1,1,1,1,0,1,1,0,1,1,1,0,0,0,1,0,0,1
"38",0,0,1,1,1,1,1,0,1,0,1,0,1,1,1,0,0,1,1,1,0
"64850",0,0,0,0,0,0,0,0,0,0,0,0,0,0,0,0,0,0,0,0,0
"377841",0,0,0,0,0,0,0,0,0,0,0,0,0,0,0,0,0,0,0,0,0
"3032",1,1,1,1,1,1,1,1,1,1,1,1,1,1,1,1,1,1,1,1,1
"292",1,1,1,1,1,1,1,1,1,1,1,1,1,1,1,1,1,1,1,1,1
"293",1,1,1,1,1,1,1,1,1,1,1,1,1,1,1,1,1,1,1,1,1
"64902",0,0,0,0,0,0,0,0,0,0,0,0,0,0,0,0,0,0,0,0,0
"3030",1,1,1,1,1,1,1,1,1,1,1,1,1,1,1,1,1,1,1,1,1
"189",1,0,0,0,1,1,0,1,0,0,0,1,0,1,0,1,0,1,1,1,0
"291",0,1,1,0,0,1,1,0,1,0,1,0,1,0,1,1,1,1,0,0,1
"39",1,1,1,1,1,1,1,1,1,1,0,1,1,1,1,1,1,1,1,1,1
"30",0,0,0,1,1,0,0,0,1,1,0,1,0,1,0,1,0,0,1,0,1
"32",0,0,1,0,1,0,1,1,0,1,1,1,1,1,0,0,1,0,0,1,0
"9197",1,0,1,1,0,0,1,0,1,0,1,0,1,1,0,1,0,0,0,1,0
"4126",0,0,1,1,0,0,1,0,1,1,0,1,0,1,0,1,1,0,0,1,0
"3073",1,0,1,0,1,0,1,0,1,1,0,1,0,1,0,1,1,0,0,0,1
"3074",1,1,1,1,1,1,1,1,1,1,1,1,1,1,1,1,1,1,1,1,1
"79611",0,0,0,0,0,0,0,0,0,0,0,0,0,0,0,0,0,0,0,0,0
"10606",0,1,1,1,0,1,0,0,1,0,1,0,1,0,1,1,1,1,0,1,1
"8706",0,0,0,0,0,1,1,0,1,0,0,0,0,1,1,1,0,0,0,0,0
"84532",1,1,1,1,1,1,1,0,0,1,0,1,0,1,0,0,0,1,1,0,1
"64841",0,0,0,0,0,1,0,1,1,0,1,0,1,0,1,1,0,1,0,1,0
"55577",1,1,1,1,1,1,1,1,1,1,1,1,1,1,1,1,1,1,1,1,1
"5238",0,0,0,1,0,1,1,0,1,0,1,0,1,0,1,1,0,0,0,1,0
"8705",1,0,0,0,1,0,1,1,0,1,0,1,0,1,0,1,1,0,1,0,1
"9487",1,0,1,0,1,1,0,0,1,0,0,0,0,1,1,1,1,1,0,1,0
"10317",0,0,0,0,1,0,0,1,0,1,1,0,1,0,0,1,0,0,1,1,0
"162417",1,1,1,1,1,1,0,1,0,1,0,1,0,1,0,1,1,1,0,0,1
"43",0,1,0,0,1,0,0,1,0,1,1,1,0,0,1,0,0,0,1,0,1
"6572",0,1,0,0,1,0,1,0,1,0,1,0,0,0,0,0,0,1,0,0,1
"84002",1,1,1,1,1,1,0,0,1,0,1,0,1,0,1,0,0,1,0,1,0
"47",1,1,1,1,1,1,1,1,1,1,1,1,1,1,1,1,1,1,1,1,1
"570",0,0,0,0,0,0,0,1,1,0,1,0,0,0,0,0,0,1,0,0,1
"3141",1,1,1,0,1,1,1,0,0,1,0,1,0,1,0,1,1,0,0,0,1
"54187",1,1,1,1,1,1,1,1,1,1,1,1,1,1,1,1,1,1,1,1,1
"140679",0,0,0,0,0,0,0,0,0,0,0,0,0,0,0,0,0,0,0,0,0
"26503",1,1,0,0,1,1,0,0,1,1,0,0,1,0,1,1,0,0,1,1,0
"54",0,0,1,1,1,0,1,0,1,1,0,1,0,1,0,0,1,1,0,0,1
"8424",0,0,0,0,0,0,0,0,0,0,0,0,0,0,0,0,0,0,0,0,0
"51205",0,0,1,1,1,0,1,0,1,1,0,1,1,1,0,1,1,0,0,0,1
"53630",0,0,0,0,0,0,0,0,0,0,0,0,0,0,0,0,0,0,0,0,0
"140838",1,1,1,1,1,1,1,0,1,0,1,0,0,0,1,1,0,1,0,0,1
"622",0,1,1,0,1,1,1,0,1,0,1,1,0,0,0,0,1,1,0,1,0
"36",1,1,1,1,0,1,1,0,1,1,0,1,0,1,0,0,1,0,0,1,0
"34",1,1,1,1,1,1,1,1,1,1,1,1,1,1,1,1,1,1,1,1,1
"84129",1,1,1,1,1,1,0,0,1,0,1,0,1,1,1,1,1,0,0,1,0
"23743",0,0,0,0,0,0,0,1,0,1,1,0,0,0,0,0,0,0,1,0,1
"80724",0,0,0,1,1,1,1,0,0,1,0,1,0,0,0,0,0,1,1,0,1
"635",1,0,0,0,0,0,1,0,1,1,0,0,0,1,0,1,1,0,0,0,0
"27034",1,1,0,1,1,1,1,0,1,1,0,0,0,1,0,1,0,0,1,1,0
"10599",0,0,0,0,0,0,0,0,0,0,0,0,0,0,0,0,0,0,0,0,0
"28976",1,1,1,1,1,1,1,0,0,0,1,0,1,0,0,0,1,0,1,1,0
"1244",1,0,0,0,1,1,1,0,1,0,1,1,0,1,0,1,0,0,1,1,0
"35",0,0,0,0,1,1,1,0,1,1,0,1,0,1,0,0,1,1,0,0,1
"3712",0,1,1,0,0,0,0,0,1,0,1,0,0,0,1,1,0,0,1,0,1
"1607",0,0,0,0,0,0,0,0,0,0,0,0,0,0,0,0,0,0,0,0,0
"8714",1,0,1,1,1,0,1,1,0,0,1,0,0,0,1,1,0,1,1,0,1
"28234",0,0,0,0,0,0,0,0,0,0,0,0,0,0,0,0,0,0,0,0,0
"644",1,1,1,1,1,1,1,0,1,1,0,1,1,1,1,0,1,1,1,0,1
"1468",0,1,1,1,1,1,1,0,0,1,0,1,0,1,0,0,1,0,1,1,0
"8402",1,1,1,1,1,1,1,1,1,1,1,1,1,1,0,1,1,1,1,1,1
"64849",1,0,0,0,1,0,1,1,1,1,1,0,0,0,1,1,1,0,0,1,0
"645",0,0,1,0,1,1,0,1,0,1,0,1,0,1,1,1,1,1,0,0,1
"9488",0,0,1,1,0,0,1,0,1,1,0,0,0,1,1,0,1,1,0,1,1
"1610",0,0,0,0,1,0,0,0,0,0,0,0,0,0,0,0,0,0,0,0,0
"10380",0,0,0,0,0,0,1,0,1,1,0,1,0,1,0,1,0,0,0,1,0
"686",0,0,1,1,1,0,1,0,1,0,0,1,0,1,0,1,1,0,1,0,1
"1645",1,0,1,1,1,0,1,1,0,1,0,1,0,0,0,1,1,1,0,1,0
"2745",1,1,1,1,1,1,1,1,1,1,1,1,1,1,0,1,1,1,1,1,1
"1109",0,0,0,0,0,0,0,0,0,0,0,0,0,0,0,0,0,0,0,0,0
"8884",1,1,0,0,0,1,0,1,0,0,1,0,0,0,1,1,0,0,1,0,1
"80704",0,0,0,0,0,0,0,0,0,0,0,0,0,0,0,0,0,0,0,0,0
"51022",0,1,1,1,1,1,1,1,1,1,1,1,1,0,0,1,0,1,1,0,1
"51733",0,0,0,0,1,0,1,1,1,0,0,0,0,0,1,1,0,1,1,0,1
"7108",0,0,0,1,1,1,1,0,0,1,0,1,0,1,0,1,1,0,0,1,0
"6718",0,0,0,0,0,0,0,0,0,0,0,0,0,0,0,0,0,0,0,0,0
"8528",0,1,0,0,1,1,1,0,0,0,1,0,0,0,0,1,0,1,1,1,0
"6510",1,1,1,1,1,1,1,1,1,0,1,1,1,0,1,1,1,1,1,1,1
"50814",0,1,1,0,0,0,1,0,0,0,1,1,1,0,0,1,0,1,0,0,1
"3295",0,1,1,1,1,1,1,1,1,1,1,1,1,1,0,1,1,1,1,1,1
"6307",1,1,1,1,1,1,1,1,1,1,1,1,1,1,1,1,1,1,1,1,1
"6509",0,0,0,1,1,0,1,1,1,1,0,1,0,1,0,0,1,0,1,0,1
"1632",1,0,1,1,1,1,1,1,1,1,0,1,0,1,1,1,1,1,0,1,1
"56301",0,0,0,0,1,0,1,1,0,1,0,0,0,0,0,0,1,1,0,0,1
"492",0,0,0,0,0,0,0,0,0,0,0,0,0,0,0,0,0,0,0,0,0
"10455",0,0,1,1,1,1,1,1,1,1,0,1,1,1,1,1,1,1,0,1,1
"490",1,1,1,0,0,1,1,0,1,1,1,0,1,1,1,0,0,0,1,1,0
"6520",1,1,1,1,1,1,1,1,1,1,1,1,1,1,1,1,1,1,1,1,1
"1633",1,1,1,1,1,1,1,1,1,1,0,1,1,1,0,1,1,1,1,1,1
"211",1,1,1,1,1,1,1,1,1,1,1,1,1,1,1,1,1,1,1,1,1
"493",1,1,1,1,1,1,1,1,1,1,1,1,1,1,0,1,1,1,1,1,1
"6319",1,1,1,1,1,1,1,1,1,1,1,1,1,1,1,1,1,1,0,1,1
"9415",0,0,1,0,1,0,1,1,0,1,0,1,0,1,0,1,0,1,0,0,1
"491",1,0,0,0,1,0,1,0,0,0,1,1,1,0,0,1,1,1,0,0,1
"23464",0,0,1,0,1,1,0,1,0,0,1,1,1,0,0,0,1,1,0,0,1
"3992",1,1,1,0,1,1,1,1,0,1,0,1,0,1,0,1,0,1,0,0,1
"212",1,0,0,0,1,0,1,1,0,1,1,1,1,0,0,0,1,1,1,0,1
"8694",0,0,0,0,1,0,1,1,0,1,0,1,0,0,1,0,1,0,1,0,1
"847",1,1,1,1,1,1,1,1,1,1,0,1,1,1,1,1,1,1,1,1,1
"84649",0,0,0,0,0,1,0,1,0,0,1,1,0,0,0,1,0,1,0,0,1
"1716",1,1,1,1,1,1,1,1,1,1,1,1,1,1,1,1,1,1,1,1,1
"6546",0,0,0,0,0,0,0,0,0,0,0,0,0,0,0,0,0,0,0,0,0
"6547",0,0,0,0,0,0,0,0,0,0,0,0,0,0,0,0,0,0,0,0,0
"54407",1,1,1,1,1,1,1,1,1,1,1,1,1,1,1,1,1,1,1,1,1
"6541",0,1,1,1,0,1,0,1,0,0,1,0,1,0,1,1,0,1,0,1,0
"6543",1,0,0,1,1,0,0,1,0,0,1,1,1,1,1,0,0,1,0,1,0
"6515",1,1,1,1,1,1,1,1,1,1,1,1,1,1,1,1,1,1,1,1,1
"59272",0,0,0,0,0,0,0,0,0,0,0,0,0,0,0,0,0,0,0,0,0
"84889",0,0,0,0,0,0,0,0,0,0,0,0,0,0,0,0,0,0,0,0,0
"6517",0,1,1,1,0,1,0,1,0,0,1,1,1,0,0,1,1,1,0,0,1
"81539",1,1,1,1,1,1,1,1,1,1,1,1,1,1,1,1,1,1,1,1,1
"340024",1,1,1,1,1,0,0,1,0,0,1,0,1,0,0,0,0,1,1,0,1
"6513",0,1,1,1,0,0,1,1,0,1,0,1,0,1,1,1,1,1,0,0,1
"55089",0,0,0,0,0,0,0,0,0,0,0,0,0,0,0,0,0,0,0,0,0
"1718",1,1,1,1,1,1,1,1,1,1,0,1,1,1,0,1,1,1,1,1,1
"2538",0,0,0,0,0,0,0,0,0,0,0,0,0,0,0,0,0,0,0,0,0
"1581",0,0,0,0,0,0,0,0,0,0,0,0,0,0,0,0,0,0,0,0,0
"57818",0,0,0,0,0,0,0,0,0,1,0,0,1,0,0,0,0,0,0,0,0
"92579",0,1,1,0,1,1,0,1,0,1,1,1,1,0,0,0,1,0,1,0,1
"1373",0,0,0,0,0,0,0,0,0,0,0,0,0,0,0,0,0,0,0,0,0
"873",0,1,1,0,1,1,1,0,0,0,1,1,0,0,0,0,0,1,0,0,1
"11254",0,0,0,0,0,0,0,0,0,0,0,0,0,0,0,0,0,0,0,0,0
"57393",0,0,0,0,0,0,0,0,0,0,0,0,0,0,0,0,0,0,0,0,0
"6542",0,0,0,0,0,0,0,0,0,0,0,0,0,0,0,0,0,0,0,0,0
"84706",0,0,0,0,0,1,0,0,1,1,1,1,0,1,0,1,1,1,0,0,1
"1717",0,0,1,0,1,0,1,1,1,1,0,1,0,1,0,1,1,1,0,0,1
"2875",0,0,0,0,1,0,0,1,0,0,0,1,1,0,1,0,1,1,0,0,1
"8560",1,1,1,1,1,1,1,1,1,1,1,1,1,1,1,1,1,1,1,1,1
"10423",1,1,1,1,1,1,1,1,1,1,1,1,1,1,1,1,1,1,1,1,1
"123099",0,0,0,0,0,0,0,1,0,0,1,0,0,0,1,1,0,1,1,0,1
"92745",1,1,1,1,1,1,0,0,0,1,1,0,0,0,1,1,0,0,0,1,0
"10991",1,0,0,1,0,0,1,0,1,1,1,0,1,0,1,1,0,0,1,0,1
"1040",0,0,0,0,0,0,0,0,0,0,0,0,0,0,0,0,0,0,0,0,0
"11309",0,0,0,0,1,1,1,1,0,1,1,1,0,0,0,0,1,0,1,0,1
"8760",0,1,1,1,1,1,1,1,1,1,0,1,1,1,1,1,1,1,1,0,1
"284273",1,1,1,1,1,0,1,0,0,1,0,0,0,1,0,0,0,1,1,1,0
"6783",0,0,0,0,0,0,0,0,0,0,0,0,0,0,0,0,0,0,0,0,0
"1723",1,1,1,0,0,1,0,0,1,0,1,0,0,0,1,1,0,1,1,1,0
"10327",1,1,1,1,1,1,1,1,1,1,1,1,1,1,1,1,1,1,1,1,1
"10390",0,0,0,1,0,0,0,1,1,1,1,0,1,0,1,1,1,0,0,1,0
"56994",0,1,1,0,0,0,0,1,1,0,1,0,0,0,0,0,0,0,1,0,1
"1807",0,0,0,0,0,0,0,0,0,0,0,0,0,0,0,0,0,0,0,0,0
"64781",1,1,1,1,1,1,1,1,1,1,1,1,1,1,1,1,1,1,1,1,1
"1809",0,0,0,0,0,0,0,0,0,0,0,0,0,0,0,0,0,0,0,0,0
"8854",1,1,0,1,1,1,1,1,0,0,1,0,0,0,0,0,1,1,0,1,0
"1808",1,1,1,1,1,1,1,1,1,1,0,1,1,1,1,1,1,1,1,1,1
"10087",1,1,0,0,1,1,0,0,1,1,1,1,1,0,0,1,1,0,0,1,0
"23539",0,0,0,1,1,0,0,1,0,1,1,0,0,0,1,0,0,1,1,0,1
"6565",0,1,1,0,0,0,1,0,1,0,1,1,1,0,0,1,1,0,1,1,0
"9023",0,1,0,1,0,0,0,1,0,1,1,0,0,0,0,0,0,1,0,0,1
"224",1,0,0,1,0,0,0,0,1,1,0,1,0,1,0,0,0,1,1,1,0
"501",0,0,0,0,0,0,0,0,0,0,0,0,0,0,0,0,0,0,0,0,0
"2224",1,1,1,1,1,1,1,1,1,1,1,1,1,1,1,1,1,1,1,1,1
"1103",1,1,0,0,0,0,1,1,0,1,0,0,0,0,0,0,1,1,1,1,0
"29958",0,0,0,0,0,0,0,0,0,0,0,0,0,0,0,0,0,0,0,0,0
"60386",1,1,1,1,1,1,1,0,1,0,1,0,1,0,1,1,0,0,1,0,1
"223",1,1,1,1,1,1,1,1,1,1,1,1,1,1,1,1,1,1,1,1,1
"216",0,0,0,0,0,0,0,0,0,0,0,0,0,0,0,0,0,0,0,0,0
"162466",0,0,0,0,0,0,0,1,1,0,1,0,0,0,0,1,0,0,1,1,0
"84920",0,0,0,0,0,1,0,1,1,1,1,0,1,1,0,0,1,1,0,1,0
"5130",0,0,0,1,0,0,1,0,0,1,0,0,0,1,0,1,0,0,1,1,0
"9468",0,0,0,0,0,1,0,0,1,0,0,0,0,0,0,0,0,1,0,0,0
"6579",0,0,0,0,0,0,0,0,0,0,0,0,0,0,0,0,0,0,0,0,0
"217",1,0,0,1,0,1,0,0,0,0,1,1,1,0,0,1,0,1,0,0,1
"219",0,1,1,0,0,1,0,1,0,1,1,0,0,1,1,0,1,1,0,0,1
"79087",0,1,0,1,0,0,1,0,0,1,1,1,0,1,0,0,1,0,1,0,1
"239",0,0,1,0,0,0,0,0,1,1,0,0,0,0,0,0,1,1,0,1,0
"6555",0,0,0,0,0,0,0,0,0,0,0,0,0,0,0,0,0,0,0,0,0
"6554",0,0,0,0,1,0,1,1,0,0,0,1,1,1,1,1,0,0,1,1,0
"26002",0,0,0,0,0,0,0,0,0,0,0,0,0,0,0,0,0,0,0,0,0
"1621",1,1,1,0,1,1,1,0,0,0,1,1,1,1,1,1,0,1,0,0,1
"8647",0,0,0,0,0,0,0,0,0,0,0,0,0,0,0,0,0,0,0,0,0
"247",0,1,0,0,1,0,0,1,0,0,1,0,0,0,1,0,1,1,1,0,1
"7299",0,0,0,0,0,0,0,0,0,0,0,0,0,0,0,0,0,0,0,0,0
"55349",0,0,0,0,0,0,0,0,0,0,0,0,0,0,0,0,0,0,0,0,0
"6530",0,0,0,1,1,0,0,1,0,0,1,0,1,0,1,1,1,0,1,0,1
"246",0,0,0,0,0,0,0,0,0,0,0,0,0,0,0,0,0,0,0,0,0
"6531",1,1,1,1,0,0,0,1,0,0,1,0,0,0,0,1,1,1,0,0,1
"6581",0,0,0,0,0,0,0,0,0,0,0,0,0,0,0,0,0,0,0,0,0
"240",1,1,0,1,0,1,0,0,0,0,1,0,1,0,0,1,0,0,0,0,1
"231",1,1,1,1,1,1,1,1,1,1,1,1,1,1,1,1,1,1,1,1,1
"8574",1,1,1,1,1,1,1,1,1,1,0,1,1,1,1,1,1,1,1,1,1
"23600",1,0,1,1,0,1,0,0,1,1,0,0,0,1,0,0,1,0,1,1,0
"1119",1,1,0,1,0,0,1,0,1,0,1,0,1,0,1,0,0,1,1,1,0
"1120",1,0,0,0,1,1,1,1,1,1,0,1,0,1,0,0,1,0,1,0,0
"5224",0,0,0,1,1,1,0,1,0,0,0,1,1,0,0,1,0,1,0,1,0
"60482",0,0,0,0,0,0,0,0,0,0,0,0,0,0,0,0,0,0,0,0,0
"6582",0,0,0,0,0,0,0,0,0,0,0,0,0,0,0,0,0,0,1,0,0
"115286",1,1,1,1,1,0,1,1,1,0,1,0,1,0,1,1,1,1,0,0,1
"5223",1,1,1,1,1,1,1,1,1,1,1,1,1,1,1,1,1,1,1,1,1
"6584",1,1,0,0,0,0,1,0,1,0,0,1,0,1,1,1,0,0,1,0,1
"669",1,0,1,1,0,1,0,0,1,0,0,1,1,0,0,1,0,1,0,1,0
"271",1,1,1,0,0,1,0,0,1,0,1,0,0,0,1,0,1,1,0,1,0
"6820",0,0,1,0,1,0,1,1,0,0,1,1,1,0,1,0,1,0,1,0,1
"4597",0,0,1,0,1,0,1,0,1,1,0,1,0,1,0,0,1,1,0,0,1
"51071",0,1,1,1,1,1,1,0,1,1,0,1,0,1,0,0,1,1,0,0,1
"10948",0,0,1,1,0,0,0,1,0,0,1,1,1,0,0,0,0,1,1,0,1
"19",1,0,1,0,0,1,0,0,0,0,1,1,0,0,1,1,0,1,0,0,1
"272",0,0,0,0,1,0,0,1,1,1,1,1,0,1,0,0,1,1,0,1,0
"1806",1,1,0,0,0,0,1,0,0,1,0,1,0,1,1,0,1,0,1,1,0
"270",0,0,0,0,0,0,0,0,0,0,0,0,0,0,0,0,0,0,0,0,0
"7083",0,1,1,1,1,1,1,1,1,1,0,1,1,1,1,1,1,1,1,1,1
"290",1,0,0,1,1,0,0,1,0,1,0,1,0,1,0,0,0,1,1,1,0
"1118",0,0,0,0,0,0,1,0,0,0,0,0,0,0,0,0,0,0,0,0,0
"7084",1,0,0,1,0,0,1,0,0,1,0,1,0,1,0,0,0,1,0,1,0
"54682",0,0,0,0,0,0,0,1,0,0,0,0,0,0,0,0,0,0,0,1,0
"27159",0,0,0,0,0,0,0,0,0,0,1,1,0,0,0,0,0,0,0,0,0
"3704",1,1,1,1,1,1,1,1,1,1,1,1,1,1,1,1,1,1,1,1,1
"279",1,1,0,0,0,0,1,0,1,1,0,0,0,1,0,1,1,0,0,1,0
"277",1,1,0,0,0,0,1,0,1,1,0,0,0,1,0,1,1,0,0,1,0
"1854",1,1,1,1,1,1,1,1,1,1,1,1,1,1,1,1,1,1,1,1,1
"10682",1,1,1,1,1,1,1,1,1,1,1,1,1,1,1,1,1,1,1,1,1
"9058",0,0,0,0,0,0,0,1,0,0,1,0,0,0,0,0,0,0,0,0,0
"276",1,1,0,0,0,0,1,0,1,1,0,0,0,1,0,1,1,0,0,1,0
"278",1,1,0,0,0,0,1,0,1,1,0,0,0,1,0,1,1,0,0,1,0
"1892",1,1,1,1,1,1,1,1,1,1,1,1,1,1,1,1,1,1,1,1,1
"549",1,1,1,1,1,1,1,1,1,1,1,1,1,1,1,1,1,1,1,1,1
"11136",1,1,1,0,0,1,1,0,0,1,1,1,0,1,0,0,0,1,0,0,1
"6519",0,0,0,0,0,0,0,0,0,0,0,0,0,0,0,0,0,0,0,0,0
"1962",0,0,0,0,0,0,0,0,0,0,0,0,0,0,0,0,0,0,0,0,0
"280",1,1,0,0,0,0,1,0,1,1,0,1,0,1,1,1,1,0,0,1,0
"6576",0,1,1,1,1,1,1,1,1,1,0,1,1,1,0,1,1,1,0,0,1
"1891",1,1,1,1,1,1,1,1,1,1,1,1,1,1,1,1,1,1,1,1,1
"1160",0,1,0,1,0,0,0,1,1,1,1,0,0,0,0,0,0,1,1,0,1
"11001",1,1,1,1,1,1,1,1,1,1,1,1,1,1,1,1,1,1,1,1,1
"1159",1,0,0,1,0,1,1,0,1,1,0,0,0,1,0,1,0,0,0,1,0
"548596",1,0,0,1,0,1,1,0,1,1,0,0,0,1,0,1,0,0,0,1,0
"1152",0,0,1,0,1,1,1,0,0,0,0,1,1,1,1,0,1,1,0,0,1
"1158",0,0,0,0,1,0,0,0,0,0,1,1,0,0,0,0,0,0,0,0,1
"5172",0,0,0,0,0,0,1,0,0,0,0,0,0,0,0,1,0,1,0,0,0
"65010",1,0,0,0,1,0,1,1,0,1,0,1,0,1,1,1,1,1,0,1,0
"10998",0,0,1,0,1,0,1,1,1,0,1,0,0,0,1,1,1,1,0,0,1
"113451",1,1,1,1,1,0,1,0,0,0,0,1,0,1,0,1,0,1,0,1,0
"53919",0,0,0,0,0,0,0,0,0,0,0,0,0,0,0,0,0,0,0,0,0
"9057",1,1,0,1,1,1,1,1,1,1,1,0,1,0,1,1,0,1,1,1,0
"384",0,0,1,1,0,1,1,0,1,0,0,0,1,1,1,1,1,1,0,1,0
"28231",1,1,1,1,1,1,1,1,1,0,1,0,1,0,1,1,1,1,1,1,1
"54675",1,1,1,1,1,1,1,0,1,0,1,0,0,0,1,1,1,0,0,1,0
"10257",1,1,0,1,0,1,0,0,1,0,1,0,0,0,0,0,1,0,1,1,0
"10559",1,1,1,1,0,1,1,0,1,1,0,1,0,1,0,1,0,0,1,1,0
"445",1,0,1,0,0,1,0,1,0,0,0,1,0,0,0,1,0,0,0,1,0
"28232",1,0,0,0,1,0,1,1,0,1,0,0,0,1,1,1,0,0,1,0,1
"55907",0,1,1,1,1,1,1,0,1,1,0,1,0,1,0,1,1,1,0,0,1
"2108",1,1,1,1,1,1,1,1,1,1,1,1,1,1,1,1,1,1,1,1,1
"8034",1,0,0,0,1,0,1,1,0,0,0,0,1,1,1,0,0,0,1,1,0
"2109",1,1,1,1,1,1,1,1,1,1,1,1,1,1,1,1,1,1,1,1,1
"83884",0,0,0,0,0,0,0,0,0,0,0,0,0,0,0,0,0,0,0,0,0
"10166",1,1,0,1,1,1,1,0,1,1,1,0,0,0,1,0,0,0,1,1,0
"8824",1,0,0,0,1,0,1,1,0,0,1,0,1,0,0,1,1,0,0,0,1
"410",0,0,0,1,1,0,1,1,0,1,0,1,0,1,0,0,1,0,1,1,0
"2110",0,0,1,1,0,1,1,0,1,1,0,1,0,1,0,1,0,0,1,0,1
"51805",0,1,1,0,1,1,0,0,1,0,0,0,1,0,1,1,1,1,0,1,0
"55500",1,1,1,0,0,0,1,0,1,0,1,0,1,0,1,0,1,1,0,0,1
"427",1,1,1,1,1,1,1,0,1,1,0,1,0,1,0,1,1,1,1,0,1
"55224",0,0,0,1,0,1,0,0,0,0,1,1,0,0,1,1,1,0,0,0,1
"51004",1,0,1,0,1,1,0,0,1,1,0,1,1,1,0,1,0,0,0,0,1
"10229",0,0,0,1,1,1,1,0,1,0,1,1,1,0,1,1,0,1,1,0,1
"9962",0,1,1,1,0,1,0,1,0,0,1,0,1,0,1,0,1,1,0,0,1
"2181",0,1,1,1,0,1,0,0,1,1,0,1,1,1,0,1,0,1,0,0,1
"9245",0,1,0,1,1,0,1,1,0,1,1,0,1,0,0,0,1,0,1,0,1
"2650",1,0,0,0,0,1,0,1,0,0,1,0,1,0,1,1,0,1,0,0,1
"51301",0,0,1,1,0,0,1,0,0,0,0,1,0,1,1,1,0,0,0,1,0
"2182",0,1,1,0,0,1,1,0,1,0,1,0,1,1,1,1,0,1,0,0,1
"9963",1,1,1,1,1,0,1,1,0,1,0,1,1,0,0,1,1,1,0,1,0
"2180",1,1,1,1,0,1,0,0,1,0,1,0,1,0,1,1,0,1,0,0,1
"192134",0,0,0,0,0,0,1,1,1,0,1,1,1,0,0,0,1,1,1,1,0
"386757",1,0,0,0,1,0,0,1,0,0,1,0,1,0,1,1,1,1,0,0,1
"80150",1,0,0,0,0,0,1,0,1,1,0,1,1,1,0,0,0,0,1,0,1
"51703",1,1,1,1,1,1,1,1,1,1,1,1,0,1,1,1,1,1,1,1,1
"81616",1,0,0,0,0,0,0,0,1,0,0,0,0,0,1,0,0,1,1,0,1
"23305",1,0,0,0,0,0,1,0,1,0,1,0,1,0,1,1,0,0,1,1,0
"440",1,1,1,1,1,1,1,1,1,1,1,1,1,1,1,1,1,1,0,1,1
"6535",1,0,0,0,1,0,0,1,0,0,1,0,1,0,1,1,1,1,0,0,1
"1384",1,0,1,0,1,0,1,1,0,1,0,1,0,1,0,0,0,1,0,1,0
"116285",0,0,0,0,0,0,0,0,0,0,0,0,0,0,0,0,0,0,0,0,0
"6583",0,0,0,0,0,0,0,0,0,0,0,0,0,0,1,1,0,0,0,0,0
"5167",0,0,0,0,0,0,0,0,0,0,0,0,0,0,0,0,0,0,0,0,0
"790",1,1,1,1,0,1,0,1,1,0,1,0,1,0,1,1,0,0,1,1,0
"5169",0,0,0,0,0,0,0,0,0,0,0,0,1,1,1,0,0,0,0,0,0
"54898",0,0,0,0,0,0,0,0,0,0,0,0,0,0,0,0,0,0,0,0,0
"6511",0,0,0,0,0,0,0,0,0,0,0,0,0,0,0,0,0,0,0,0,0
"1431",1,1,1,1,1,1,1,1,1,1,1,1,1,1,1,1,1,1,1,1,1
"6785",0,0,1,1,0,0,1,0,1,0,0,1,1,1,0,0,0,0,1,0,1
"6505",0,0,0,0,0,0,0,0,0,0,0,0,0,0,0,0,0,0,0,0,0
"54677",1,0,0,1,0,1,1,0,1,1,0,0,0,1,0,1,0,0,1,1,0
"60481",1,1,1,1,1,1,1,1,1,1,1,1,1,1,1,1,1,1,1,1,1
"6507",0,0,0,1,1,0,0,1,0,0,0,0,0,0,0,0,0,1,0,1,0
"79071",1,0,0,1,0,1,1,0,1,1,0,1,0,1,0,1,0,1,0,0,1
"1579",1,0,0,0,0,0,1,0,1,1,0,1,1,0,1,1,0,1,0,0,1
"6512",0,0,1,1,1,0,0,1,0,0,1,0,1,0,1,0,1,0,1,0,1
"2194",1,1,1,0,0,0,0,1,0,0,1,1,0,0,1,1,0,1,0,0,1
"6506",0,0,0,0,0,0,0,0,0,0,0,0,0,0,0,0,0,0,0,0,0
"376497",1,1,1,1,1,0,0,0,1,0,0,1,1,1,0,1,1,0,0,1,0
"10999",1,1,1,1,1,0,0,1,0,1,1,1,0,0,0,0,0,0,1,0,1
"525",0,0,0,0,0,0,0,0,0,0,1,0,0,0,0,0,0,0,0,0,0
"11000",0,1,0,1,1,1,0,1,0,1,0,1,0,1,0,0,1,0,1,1,0
"230",1,1,1,1,1,1,1,1,1,1,1,1,1,1,1,1,1,1,0,1,1
"226",1,1,1,1,1,1,1,1,1,1,1,1,1,1,1,1,1,1,1,1,1
"527",1,1,1,1,1,1,1,1,1,1,1,1,1,1,1,1,1,1,1,1,1
"8140",1,1,1,1,1,1,1,1,1,1,1,1,1,1,1,1,1,1,1,1,1
"229",0,0,0,0,0,0,0,0,0,0,0,0,0,0,0,0,0,0,0,0,0
"23545",1,1,0,0,1,0,1,1,0,0,1,0,0,0,1,1,0,0,0,1,0
"5207",1,0,1,0,0,1,0,1,0,0,0,1,0,1,0,0,1,1,0,0,1
"526",1,1,1,1,1,1,1,1,1,1,1,1,1,1,1,1,1,1,1,1,1
"23428",1,1,0,1,0,1,0,1,1,0,0,1,1,0,0,0,1,0,1,0,1
"5208",1,0,0,1,0,1,1,0,0,1,0,0,1,1,0,1,0,0,1,0,1
"1036",0,1,0,0,1,0,1,0,1,0,0,1,0,1,1,1,0,1,1,0,1
"245973",0,0,0,0,0,0,0,0,0,0,0,0,0,0,0,0,0,0,0,1,0
"5210",0,0,1,0,1,1,0,1,0,1,0,0,0,1,1,1,1,1,0,1,0
"8789",0,0,0,0,0,0,0,0,0,0,0,0,0,0,0,0,0,0,0,0,0
"5209",1,1,1,1,1,1,1,1,1,1,1,0,1,1,1,1,1,1,0,1,1
"124935",1,1,1,1,1,0,1,1,1,1,1,0,1,0,1,0,0,1,0,1,0
"2203",1,0,0,1,1,0,0,1,1,0,1,1,0,0,1,1,1,0,1,0,1
"2235",0,1,1,1,0,0,1,0,1,1,0,1,1,1,0,0,0,1,1,0,1
"23657",0,0,0,1,0,1,0,1,1,0,1,1,1,0,0,1,1,1,0,0,1
"57379",0,0,0,0,0,0,0,0,0,0,0,0,0,0,0,0,0,0,0,0,0
"2629",0,0,0,1,1,0,1,1,0,1,0,1,0,1,0,0,1,0,1,0,1
"10840",0,0,0,0,1,0,1,1,0,0,1,0,1,1,1,0,1,1,0,1,0
"26301",1,1,1,1,1,0,0,1,1,0,0,1,0,1,0,1,0,1,0,1,0
"79901",0,1,0,0,1,1,0,0,0,0,0,1,0,1,0,1,1,0,0,0,1
"978",1,1,0,0,0,1,1,0,1,1,1,0,1,0,1,0,0,1,1,1,0
"7371",1,1,1,1,0,1,1,0,1,0,1,0,1,0,1,1,1,1,1,0,1
"83549",1,1,1,1,1,1,1,0,1,1,0,1,0,1,0,0,0,0,1,1,0
"7915",1,1,0,0,0,1,0,0,1,0,1,1,0,1,0,0,1,1,1,0,1
"125061",1,1,1,1,1,1,1,0,1,1,1,1,0,0,1,0,0,1,1,1,0
"4329",0,0,1,1,1,1,0,0,1,1,0,1,1,1,0,0,1,1,0,1,0
"51727",1,1,1,1,1,1,1,1,1,1,1,1,1,1,1,1,1,1,1,1,1
"1719",0,1,1,1,1,1,1,1,1,1,0,1,1,1,1,1,1,1,1,1,1
"129607",1,1,1,1,1,1,0,1,1,1,0,1,0,1,0,1,0,0,1,1,0
"2356",1,1,0,1,1,1,0,1,0,0,1,0,1,0,1,0,0,0,1,1,1
"2731",1,0,1,1,0,0,0,1,1,0,1,0,1,0,1,0,1,1,0,0,1
"29988",1,0,0,0,1,1,1,1,0,0,1,0,0,0,1,0,0,1,1,0,1
"275",1,0,0,0,0,0,0,1,1,1,0,1,0,1,0,0,1,1,0,1,0
"2653",0,1,1,0,0,1,1,0,1,0,1,0,1,1,1,1,0,1,1,1,0
"1609",1,1,1,0,1,0,0,1,1,0,1,1,1,0,1,0,0,0,1,1,0
"155184",0,0,0,0,0,0,0,0,0,0,0,0,0,0,0,0,0,0,0,0,0
"2651",0,0,0,0,0,0,0,0,1,0,0,0,1,0,0,0,0,0,0,1,0
"6514",0,0,0,0,0,0,0,0,0,0,0,0,0,0,0,0,0,0,0,0,0
"6518",0,1,0,1,1,0,1,1,0,1,1,0,0,0,0,0,0,1,1,0,1
"8525",0,0,0,0,1,0,0,1,0,1,0,1,0,1,0,0,0,0,1,1,0
"66035",0,0,0,1,0,0,0,1,0,1,0,1,0,1,0,0,1,0,1,1,0
"55343",0,0,0,1,1,0,0,1,0,0,1,1,1,0,0,0,0,0,1,0,1
"7264",1,1,1,1,1,1,1,1,1,1,1,1,1,1,1,1,1,1,1,1,1
"160428",0,0,0,0,0,1,0,0,0,0,0,0,0,0,0,0,0,0,0,0,0
"8836",0,1,1,1,1,0,1,0,0,1,0,1,0,1,0,0,1,1,1,0,1
"4522",1,1,1,1,1,1,1,1,1,1,1,1,1,1,1,1,1,1,1,1,1
"25902",1,1,1,1,1,1,0,1,0,0,1,0,1,0,1,1,1,1,0,0,1
"1608",0,1,1,0,0,1,0,1,1,0,1,1,1,0,1,1,1,1,0,0,1
"79017",1,1,1,1,1,1,1,1,1,1,1,1,1,1,1,1,1,1,1,1,1
"2519",0,0,0,0,0,1,1,0,1,1,0,1,0,1,0,1,1,1,0,0,1
"2997",1,1,1,1,1,1,1,1,1,1,0,1,1,1,1,1,1,1,0,1,1
"160851",0,1,0,0,0,0,0,0,1,0,1,0,0,0,1,1,0,1,0,1,0
"9162",1,0,1,1,0,0,0,1,1,0,1,0,1,0,1,0,0,1,0,0,1
"2184",0,0,1,0,1,0,0,1,0,1,0,1,0,1,0,0,0,1,0,0,1
"8527",1,0,1,0,1,0,0,1,1,0,1,0,0,1,1,0,1,0,0,1,0
"8908",0,0,0,0,0,0,0,1,0,0,0,0,0,0,0,0,0,0,0,0,1
"2271",0,1,1,1,1,1,1,0,1,1,1,1,1,0,0,0,0,1,1,0,1
"2992",1,1,1,1,1,1,1,1,1,1,1,1,1,1,1,1,1,1,1,1,1
"2523",0,0,0,1,1,0,0,1,1,1,0,0,1,1,0,0,1,1,1,0,1
"8526",0,1,1,1,0,0,1,0,0,0,1,0,0,0,1,1,0,0,1,1,0
"2998",0,0,0,0,0,0,0,0,0,0,0,0,0,0,0,0,0,0,0,0,0
"2525",0,0,0,1,1,0,1,0,0,0,1,0,0,0,0,0,0,1,1,0,1
"2687",1,0,0,0,1,0,1,1,0,0,1,0,1,0,0,0,0,1,1,1,0
"6470",0,1,1,1,1,1,1,0,1,1,0,1,0,1,0,0,1,1,1,1,0
"1606",1,1,1,1,1,1,1,1,1,1,1,1,1,1,1,1,1,1,1,1,1
"6472",1,1,1,1,1,1,1,1,1,1,1,1,1,1,1,1,1,1,1,1,1
"10690",0,0,0,0,0,0,0,0,0,0,0,0,0,0,0,0,0,0,0,0,0
"9334",1,1,1,1,1,1,1,1,1,1,1,1,0,1,1,1,1,1,1,1,1
"8704",1,1,0,0,0,1,0,1,0,0,1,0,0,0,1,1,0,0,1,0,1
"2717",1,1,1,1,1,1,1,1,1,1,1,1,1,1,1,1,1,1,1,1,1
"8703",1,1,0,1,0,1,1,0,1,1,1,1,0,0,1,1,1,0,1,1,1
"2632",0,0,1,0,0,0,1,0,1,1,0,1,1,1,0,1,1,1,0,0,1
"2683",0,0,0,1,1,1,0,1,0,1,1,1,1,0,0,0,1,0,0,0,1
"2820",0,1,0,1,1,1,0,0,1,0,1,0,1,0,1,0,1,0,0,0,1
"5832",1,1,1,1,1,1,1,1,1,1,1,1,1,1,1,1,1,1,1,1,1
"2990",1,1,1,1,1,1,1,1,1,1,1,1,1,1,1,1,1,1,1,1,1
"9563",1,0,1,1,0,0,0,0,1,1,1,1,0,0,0,0,1,1,0,1,0
"8372",1,0,0,1,0,0,1,1,0,1,0,1,0,1,0,1,1,0,1,1,0
"3290",1,0,1,0,0,1,0,0,1,0,0,1,0,1,0,1,1,1,0,0,1
"2539",0,1,1,1,1,1,1,1,1,1,1,1,1,1,1,1,1,1,1,1,1
"3291",1,0,0,0,1,1,0,1,1,0,1,1,0,0,1,1,0,1,0,0,1
"3292",0,0,0,0,1,0,0,1,0,1,0,1,1,0,0,0,0,1,1,1,0
"26035",0,1,1,0,0,1,1,0,1,1,0,0,0,1,0,1,1,0,0,0,1
"2542",0,0,1,1,0,1,1,1,0,1,0,1,0,1,0,0,1,1,0,0,1
"2593",1,0,1,1,0,0,1,1,0,1,0,1,0,1,0,0,1,0,1,0,1
"54480",1,1,0,1,1,1,1,1,0,0,1,1,1,0,1,1,1,1,1,1,1
"2132",1,1,0,1,0,0,1,1,0,1,1,1,0,0,0,1,0,0,1,0,1
"7923",0,1,1,0,1,1,0,0,0,0,1,0,0,0,1,1,1,0,0,1,0
"3294",0,0,0,0,0,0,0,0,0,0,0,0,0,0,0,0,0,0,0,0,0
"2131",1,0,1,1,0,0,0,1,1,0,0,0,1,0,0,0,0,1,1,0,1
"51478",0,0,1,0,1,0,0,1,1,0,0,0,0,1,1,1,0,1,0,1,0
"9514",0,0,0,0,1,1,0,1,1,0,1,0,1,0,1,1,1,0,0,0,1
"3283",0,0,0,0,0,0,0,0,0,0,0,0,0,0,0,0,0,0,0,0,0
"2720",1,1,1,1,1,1,1,1,1,1,0,1,1,1,1,1,1,1,1,1,1
"3284",0,0,0,0,0,0,0,0,0,0,0,0,0,0,0,0,0,0,0,0,0
"27087",1,0,0,0,1,0,1,1,0,0,0,1,0,1,1,0,1,0,1,1,0
"4758",1,0,1,1,1,1,1,1,1,1,1,1,1,1,1,1,1,1,1,1,0
"80270",0,0,0,0,0,0,1,1,0,0,0,1,1,1,0,0,0,1,0,0,1
"57026",1,1,1,1,1,1,0,1,0,0,1,0,1,0,1,0,1,1,1,0,1
"5476",1,1,1,1,1,1,1,1,1,1,1,1,1,1,1,1,1,1,1,1,1
"135152",1,1,1,1,1,1,0,0,1,0,0,0,0,1,1,1,0,0,0,0,1
"2588",1,0,0,1,1,0,1,1,0,1,0,1,0,1,1,0,1,0,0,0,1
"26229",1,0,0,1,0,1,0,1,0,0,1,1,1,0,1,0,0,1,0,1,0
"2581",0,0,0,1,1,0,1,1,0,1,0,1,0,1,0,1,0,1,0,1,0
"4669",0,0,0,1,1,0,0,1,0,1,1,1,0,1,0,0,0,1,1,0,1
"3421",1,1,1,1,1,1,1,1,1,1,1,1,1,1,1,1,1,1,1,1,1
"2583",0,0,0,1,1,1,0,1,0,0,0,1,0,1,0,1,1,0,1,0,1
"55454",1,1,1,1,1,1,1,1,1,1,1,1,1,1,1,1,1,1,1,1,1
"3420",1,1,1,1,1,1,1,1,1,1,1,1,1,1,1,1,1,1,1,1,1
"3340",1,1,1,1,0,1,0,1,0,0,1,1,1,0,1,1,0,0,0,1,0
"8509",1,1,1,1,1,1,1,1,1,1,1,1,1,1,1,1,1,1,1,1,1
"9348",0,0,0,0,0,0,0,0,0,0,0,0,0,0,0,0,0,0,0,0,0
"55790",1,0,0,1,0,0,1,0,0,1,0,1,0,1,1,1,1,0,1,0,1
"64579",0,0,0,0,0,0,0,0,0,0,0,0,0,0,0,0,0,0,0,0,0
"3419",1,1,1,1,1,1,1,1,1,1,1,1,1,1,1,1,1,1,1,1,1
"79586",1,0,0,0,1,1,0,1,1,0,1,1,1,0,0,1,0,1,0,0,1
"3417",0,1,1,1,1,1,1,1,1,1,0,1,1,1,0,1,1,1,1,1,1
"2137",0,1,0,1,1,1,0,0,1,0,1,1,1,0,0,1,0,1,0,1,0
"3418",1,1,1,1,1,1,1,1,1,1,0,1,0,1,0,1,1,1,1,1,1
"22856",1,1,1,1,1,1,1,1,1,1,1,1,1,1,1,1,1,1,1,1,1
"337876",0,0,0,0,0,0,0,0,0,0,0,0,0,0,0,0,0,0,0,0,0
"7173",0,0,0,0,0,0,0,0,0,0,0,0,0,0,0,0,0,0,0,0,0
"2135",0,0,1,1,1,1,0,0,1,0,1,1,1,0,0,0,0,0,1,0,1
"2134",0,0,0,0,1,0,0,1,0,0,1,0,1,0,1,0,1,1,0,0,1
"55568",1,0,0,1,0,0,0,1,1,1,0,1,1,1,0,1,0,0,1,1,0
"56606",1,0,1,1,0,1,0,0,1,1,1,0,1,0,0,1,1,1,0,0,1
"2590",0,1,0,0,1,1,1,1,1,0,1,0,1,0,1,0,1,1,1,0,1
"154091",0,0,0,0,0,0,0,0,0,0,0,0,0,0,0,0,0,0,0,0,0
"3425",1,1,0,0,0,0,0,1,0,1,1,0,0,1,1,0,0,1,1,0,1
"2591",1,0,1,0,0,0,1,0,1,1,0,1,0,1,0,1,1,0,0,1,0
"144195",1,1,1,1,1,1,1,1,1,1,1,1,1,1,1,1,1,1,0,1,1
"11182",1,1,0,0,0,0,1,0,1,0,0,1,0,1,1,1,0,1,1,0,1
"114805",0,0,0,0,0,0,0,0,0,0,0,0,0,0,0,0,0,0,0,0,0
"6523",0,1,0,0,1,0,1,1,0,0,0,0,1,0,1,0,1,0,0,0,1
"587",0,1,0,1,1,1,1,0,0,0,1,0,0,0,1,0,1,1,0,0,1
"8693",1,1,0,1,0,1,1,0,1,1,0,1,0,0,0,1,0,1,0,1,0
"63917",1,1,1,1,0,0,1,0,0,1,0,0,0,1,1,0,1,1,0,1,0
"50614",1,1,1,1,1,1,1,0,0,0,1,0,0,0,0,1,0,1,0,0,1
"8501",0,1,0,0,1,1,0,1,0,1,1,0,0,1,1,1,1,1,0,0,1
"2589",1,1,1,1,1,1,1,1,1,1,1,1,1,1,1,1,1,1,1,1,1
"178",1,1,1,1,0,1,1,0,1,1,0,0,0,1,0,0,1,1,0,1,0
"51809",1,1,0,1,0,1,0,0,1,1,1,0,0,1,0,1,0,0,1,1,0
"55586",1,1,1,1,1,0,0,1,0,1,1,1,1,0,0,0,0,1,0,1,0
"114134",0,0,0,0,0,0,0,0,0,0,0,0,0,0,0,0,0,0,0,0,0
"117248",0,0,0,0,0,0,0,0,0,0,0,0,0,0,0,0,0,0,0,0,0
"11227",0,0,0,0,0,0,0,0,0,0,0,0,0,0,0,0,0,0,0,0,0
"6526",1,1,1,1,1,1,1,1,1,1,1,1,1,1,1,1,1,1,1,1,1
"11226",1,1,0,0,0,1,0,1,0,0,0,1,1,1,1,1,0,1,0,1,0
"79695",0,0,1,0,0,0,1,1,0,1,0,0,0,1,0,1,1,0,0,0,1
"79623",1,1,1,0,1,1,0,0,0,0,1,1,0,0,0,1,1,0,0,0,1
"3422",1,1,1,1,1,1,1,1,1,1,1,1,1,1,1,1,1,1,1,1,1
"91734",0,0,0,0,0,0,0,0,0,0,0,0,0,0,0,0,0,0,1,0,0
"26290",1,0,0,0,1,0,1,0,0,0,1,0,0,0,1,1,0,1,1,0,1
"81031",1,1,1,0,0,1,0,1,0,0,1,0,0,1,1,0,1,0,0,1,0
"126792",1,1,1,1,1,1,0,1,0,0,1,0,1,0,1,0,0,0,1,0,1
"5837",0,0,0,0,1,0,1,0,0,1,0,1,0,1,0,1,0,0,1,0,1
"5836",0,0,0,0,0,0,0,0,0,0,0,0,0,0,0,0,0,0,0,0,0
"5834",1,0,0,0,1,0,0,1,1,0,0,0,1,0,1,0,0,0,1,0,1
"160728",0,0,0,0,0,0,1,1,1,0,0,1,0,0,0,0,0,0,0,0,0
"8801",0,1,1,1,1,1,1,0,1,1,0,1,0,1,0,1,1,1,1,1,1
"11285",1,0,0,1,0,0,1,1,0,0,1,0,1,0,1,1,0,1,1,0,1
"8802",0,1,0,0,1,1,1,0,1,1,0,1,0,1,0,1,0,0,1,1,0
"2729",1,1,1,1,0,1,1,0,1,1,1,0,0,1,0,0,0,1,1,1,0
"8972",0,0,0,0,0,0,0,0,0,0,0,0,0,0,0,0,0,0,0,0,0
"2618",0,1,1,1,0,1,0,0,1,1,1,0,1,0,1,1,0,1,1,0,1
"2730",0,1,1,1,0,1,1,0,1,1,0,1,0,1,1,0,1,1,0,1,0
"8803",1,1,1,1,1,1,1,1,1,1,1,1,1,1,1,1,1,1,1,1,1
"10723",1,0,0,1,0,0,1,1,0,1,0,1,0,1,0,1,0,0,1,1,0
"9990",1,1,1,1,1,1,1,1,1,0,1,0,1,0,1,1,1,1,0,0,1
"2746",1,1,1,1,1,1,1,1,1,1,1,1,1,1,1,1,1,1,1,1,1
"6560",0,0,1,1,1,0,0,1,0,0,0,1,1,0,0,0,0,1,1,1,0
"2747",0,1,1,1,0,1,1,0,1,0,1,0,1,0,1,0,1,1,0,0,1
"5019",1,1,1,1,1,1,1,1,1,1,1,1,1,1,1,1,1,1,1,1,1
"10841",0,0,0,0,1,1,0,1,0,1,1,0,1,0,1,0,1,1,0,0,1
"57468",0,0,0,0,0,0,0,0,0,0,0,0,0,0,0,0,0,0,0,0,0
"3795",1,1,0,0,1,1,0,0,1,0,0,1,1,0,0,0,0,1,1,0,1
"1629",1,0,1,0,1,1,1,0,1,1,1,1,0,1,0,1,1,0,1,0,1
"27165",0,0,0,0,0,0,0,0,0,0,0,0,0,0,0,0,0,0,0,0,0
"594",0,1,1,1,1,1,1,0,0,1,0,1,0,1,1,0,0,1,1,1,0
"2744",1,1,1,1,1,1,1,1,1,0,1,0,1,0,1,1,1,1,1,1,1
"8564",0,0,0,0,0,0,0,0,0,0,0,0,0,0,0,0,0,0,0,0,0
"3938",0,0,0,0,1,0,0,1,1,0,1,0,1,0,0,0,0,0,1,0,1
"593",1,1,1,1,1,1,1,1,1,1,1,1,1,1,1,1,1,1,0,1,1
"26873",0,1,0,0,0,1,0,1,0,1,0,0,0,0,0,0,1,1,0,1,0
"79751",1,1,0,1,0,0,1,1,0,0,1,0,1,0,1,0,0,0,1,1,0
"83733",0,0,0,0,0,0,0,0,0,0,0,0,0,0,0,0,0,0,0,0,0
"4942",1,1,1,1,0,1,1,0,1,1,1,1,1,1,1,1,1,1,1,1,1
"2639",1,0,0,0,1,1,1,0,0,0,1,0,1,0,1,0,0,1,1,1,0
"53",0,1,0,1,1,1,1,1,1,1,1,1,1,1,0,1,1,0,1,0,1
"3931",0,1,0,0,1,0,1,1,0,1,0,1,0,1,0,0,1,0,1,0,1
"7372",1,1,1,0,0,1,1,0,0,0,1,0,0,0,1,0,0,0,1,1,0
"57084",0,0,0,0,0,0,0,0,0,0,0,0,0,0,0,0,0,0,0,0,0
"1811",0,0,0,0,0,0,0,0,0,0,0,0,0,0,0,0,0,0,0,0,0
"246213",0,0,0,0,0,0,0,0,0,0,0,0,0,0,0,0,0,0,0,0,0
"57030",1,0,1,0,0,0,0,1,0,0,0,0,1,0,1,1,0,1,1,0,1
"387775",0,0,0,0,0,0,0,0,0,0,0,0,0,0,0,0,0,0,0,0,0
"10861",0,1,0,0,1,1,0,0,1,1,1,0,0,0,1,1,0,1,1,0,1
"1836",1,1,0,0,0,0,1,0,1,0,1,0,1,0,1,1,0,0,1,1,0
"124637",1,1,1,1,1,0,1,0,0,1,1,0,0,0,0,1,1,0,0,1,0
"51179",0,0,1,0,1,0,0,1,1,0,1,1,1,0,1,1,0,0,1,1,0
"54363",0,0,0,0,0,0,0,0,0,0,0,0,0,0,0,0,0,0,0,0,0
"366",0,0,0,0,0,0,0,0,0,0,0,0,0,0,0,0,0,0,0,0,0
"1583",0,0,0,0,0,0,0,0,0,0,0,0,0,0,0,0,0,0,0,0,0
"2628",0,0,0,0,0,0,0,0,0,0,0,0,0,0,0,0,0,0,0,0,0
"1584",1,1,0,1,0,0,0,1,0,1,1,0,0,0,1,0,1,0,0,0,1
"1585",0,1,1,1,1,1,0,1,0,1,1,1,1,0,0,1,0,1,0,0,1
"11283",0,0,0,0,0,0,0,0,0,0,0,0,0,0,0,0,0,0,0,0,0
"9380",1,1,1,1,1,1,1,1,1,1,1,1,1,1,1,1,1,1,1,1,1
"1586",0,0,0,0,0,0,0,0,0,0,0,0,0,0,0,0,0,0,0,0,0
"2713",1,1,1,1,1,1,1,1,1,1,1,1,1,0,1,1,1,1,0,1,0
"4047",0,0,1,1,0,0,1,1,0,1,0,1,0,1,0,0,0,1,0,1,0
"1588",0,0,0,0,0,0,0,0,0,0,0,0,0,0,0,0,0,0,0,0,0
"29124",0,0,0,0,0,0,0,0,0,0,0,0,0,0,0,0,0,0,0,0,0
"5321",0,0,0,0,0,0,0,0,0,0,0,0,0,0,0,0,0,0,0,0,0
"2710",1,1,1,1,1,1,1,1,1,1,1,1,1,0,1,1,1,1,0,1,1
"1576",0,0,0,0,0,0,0,0,0,0,0,0,0,0,0,0,0,0,0,0,0
"2712",0,0,0,0,0,0,0,0,0,0,0,0,0,0,0,0,0,0,0,0,0
"1178",0,0,1,0,1,1,0,1,1,0,1,0,0,1,0,1,0,1,1,0,1
"51268",0,0,1,1,1,1,0,0,1,1,0,0,0,1,1,0,0,1,0,0,1
"1056",1,1,0,0,1,1,1,0,1,1,0,1,1,1,0,0,0,0,1,0,1
"3029",1,1,1,1,1,1,1,1,1,1,1,1,1,1,1,1,1,1,1,1,1
"6536",1,0,1,0,1,1,0,1,0,0,1,0,1,0,0,1,1,0,0,1,0
"1589",0,0,0,1,1,1,1,0,0,1,0,1,1,1,0,0,0,1,1,0,1
"1593",0,0,0,0,1,1,0,1,0,0,0,1,1,0,1,0,0,1,1,1,0
"3990",0,0,0,0,0,0,0,0,0,0,0,1,0,0,0,0,0,0,0,0,0
"1548",0,0,0,1,1,1,0,1,0,0,1,0,1,0,1,1,0,0,1,0,1
"80339",1,0,0,1,1,0,0,1,0,1,1,0,0,0,1,1,0,1,0,1,0
"4023",0,0,0,0,0,0,0,0,0,0,1,0,0,0,1,0,0,1,0,0,0
"5226",0,0,1,1,1,1,1,0,1,1,0,1,1,0,0,1,1,1,1,0,1
"1553",1,0,1,1,0,1,0,1,0,1,1,0,1,0,1,1,0,1,1,0,1
"11343",0,1,1,0,0,1,0,0,0,0,0,0,1,1,1,0,0,1,1,0,1
"1562",0,0,0,0,0,0,0,0,0,0,0,0,0,0,0,0,0,0,0,0,0
"27232",1,1,1,0,1,1,0,1,0,1,0,0,0,1,0,1,0,0,1,1,0
"1558",0,0,0,0,0,0,0,0,0,0,0,0,0,0,0,0,0,0,0,0,0
"57678",1,1,1,1,1,1,1,0,1,1,1,0,0,1,0,1,0,0,1,0,1
"50487",1,1,1,0,0,0,0,1,0,1,1,0,0,0,1,0,1,1,1,1,0
"284098",0,0,0,0,0,1,1,0,1,0,1,0,1,0,1,0,0,0,1,1,0
"1559",0,0,0,0,0,0,0,0,0,0,0,0,0,0,0,0,0,0,0,0,0
"93183",0,0,0,0,0,1,1,0,0,1,0,0,1,1,0,1,0,0,1,0,1
"9227",0,0,0,0,0,0,0,0,0,0,0,0,0,0,0,0,0,0,0,0,0
"1565",0,0,1,1,1,0,0,1,0,1,1,0,0,0,1,0,0,1,0,0,1
"54965",1,1,1,1,1,1,1,0,1,1,0,1,0,1,0,0,1,1,1,1,0
"1572",0,0,0,0,0,0,0,0,0,0,0,0,0,0,0,0,0,0,0,0,0
"51302",0,0,0,0,0,0,0,0,0,0,0,0,0,0,0,0,0,0,0,0,0
"2936",1,1,1,1,1,1,1,1,1,1,1,0,1,1,1,1,1,1,1,1,1
"6309",0,0,1,0,0,0,1,0,1,1,1,1,1,1,0,1,0,1,0,0,1
"64816",0,0,0,0,0,0,0,0,0,0,0,0,0,0,0,0,0,0,0,0,0
"4048",1,1,1,1,1,1,1,1,1,1,1,1,1,1,1,1,1,1,1,1,1
"1577",0,0,0,0,0,0,0,0,0,0,0,0,0,0,0,0,0,0,0,0,0
"4056",1,0,0,0,1,0,1,1,0,0,1,0,0,0,1,0,0,1,0,0,1
"5052",1,1,1,1,1,1,1,1,1,1,1,1,1,1,1,1,1,1,1,1,1
"7001",1,1,1,1,1,1,1,1,1,1,1,1,1,1,1,1,1,1,1,1,1
"1551",0,0,0,0,0,0,0,0,0,0,0,0,0,0,0,0,0,0,0,0,0
"4259",1,1,1,1,1,1,1,1,1,1,1,1,1,1,1,1,1,1,1,1,1
"10858",0,0,0,0,1,0,1,1,0,0,1,0,1,0,1,1,0,1,0,0,1
"2876",1,1,1,1,1,1,1,1,1,1,1,1,1,1,1,1,1,1,1,1,1
"66002",1,0,0,0,0,0,1,0,1,0,1,0,0,0,1,1,1,0,1,1,0
"8529",0,0,0,0,0,0,0,0,0,0,0,0,0,0,0,0,0,0,0,0,0
"2879",1,1,1,1,1,1,1,1,1,1,1,1,1,1,1,1,1,1,1,1,1
"4258",0,1,1,0,1,0,1,0,1,0,0,1,0,0,0,1,0,1,0,0,1
"4051",0,0,0,0,0,0,0,0,0,0,0,0,0,0,0,0,0,0,0,0,0
"9420",1,1,0,0,0,0,1,0,0,0,0,0,1,1,1,0,0,1,1,1,0
"1582",0,0,0,0,0,0,0,0,0,0,0,0,0,0,0,0,0,0,0,0,0
"2877",1,1,1,1,0,0,1,1,0,0,0,1,1,0,1,0,0,1,1,1,0
"5831",1,1,1,0,0,1,0,0,0,0,1,0,1,0,1,1,0,1,0,0,1
"2878",1,0,0,0,0,0,0,1,0,0,0,1,0,1,1,1,0,0,0,1,0
"2954",0,0,1,1,1,1,0,0,1,1,0,1,0,1,0,0,1,1,0,0,1
"257202",0,0,0,0,0,0,0,0,0,0,0,0,0,0,0,0,0,0,0,0,0
"2882",1,1,1,1,1,1,1,1,1,1,1,1,0,1,1,1,1,1,1,1,1
"5048",0,1,1,1,1,1,1,1,1,1,1,1,1,1,0,1,1,1,1,1,1
"2548",0,0,1,0,0,0,1,1,0,1,0,1,0,0,0,0,1,1,0,0,1
"10935",1,1,1,1,1,1,1,1,1,1,1,1,1,1,1,1,1,1,1,1,1
"5051",0,1,0,0,1,0,1,0,0,1,0,1,0,1,0,0,1,0,1,0,1
"5050",1,1,1,1,1,1,1,1,1,1,1,1,0,1,1,1,1,1,1,0,1
"2937",1,1,1,1,1,1,1,1,1,1,1,1,1,1,1,1,1,1,1,1,1
"5049",0,1,0,1,1,1,1,0,1,0,1,0,1,0,1,0,0,1,1,0,1
"64087",0,1,1,1,1,1,1,0,1,1,1,0,1,0,0,0,1,1,1,1,0
"7941",0,0,0,0,0,0,0,0,0,0,0,0,0,0,0,0,0,0,0,0,0
"56922",0,1,1,1,1,1,1,0,1,1,1,0,1,1,1,1,1,1,0,1,0
"23417",0,0,0,0,1,1,0,0,1,0,1,0,0,0,0,0,0,0,1,1,0
"2678",0,0,0,0,1,1,1,0,0,0,0,1,0,1,1,1,0,0,1,0,1
"347734",1,1,1,1,1,0,1,0,1,0,0,1,0,1,1,0,0,1,1,0,1
"57194",0,0,0,1,1,1,0,1,1,0,1,1,1,0,0,0,0,1,1,1,0
"5337",0,0,0,0,0,0,0,0,0,0,0,0,0,0,0,0,0,0,0,0,0
"4357",0,0,0,1,1,1,1,0,1,1,0,1,0,1,0,1,0,1,0,0,1
"5338",1,0,0,0,0,0,1,1,0,0,1,0,1,0,1,0,0,1,0,1,0
"2679",0,0,0,0,1,1,1,0,0,0,0,1,0,1,1,1,0,0,1,0,1
"4190",1,1,1,1,1,1,1,1,1,1,1,1,1,1,1,1,1,1,1,1,1
"130013",0,0,0,0,0,0,0,0,0,0,0,0,0,0,0,0,0,0,0,0,0
"4191",1,1,1,1,1,1,1,1,1,1,1,1,1,1,1,1,1,1,1,1,1
"4200",1,1,1,1,1,1,1,1,1,1,1,1,1,1,1,1,1,1,1,1,1
"4881",1,0,0,1,1,0,0,1,0,0,1,0,1,0,1,0,0,1,1,1,0
"5091",1,0,0,0,1,1,0,0,1,0,1,1,1,0,1,0,1,1,0,1,0
"4882",1,0,0,1,1,0,1,0,1,1,1,0,0,0,0,0,1,1,1,1,0
"2984",0,0,0,0,0,0,0,0,0,0,0,0,0,0,0,0,0,0,0,0,0
"2974",0,0,0,0,0,0,0,0,0,0,0,0,0,0,0,0,0,0,0,0,0
"2982",0,0,0,0,0,0,0,0,0,0,0,0,0,0,0,0,0,0,0,0,0
"2986",0,0,0,0,0,0,0,0,0,0,0,0,0,0,0,0,0,0,0,0,0
"4199",0,0,0,0,0,0,0,0,0,0,0,0,0,0,0,0,0,0,0,0,0
"10873",1,0,0,0,0,1,0,1,0,1,1,0,0,0,1,0,1,1,0,1,0
"3620",0,0,1,0,1,0,1,0,1,0,0,1,1,0,0,0,0,1,0,1,0
"2983",0,0,0,0,0,0,0,0,0,0,0,0,0,0,0,0,0,0,0,0,0
"3000",0,0,0,0,1,0,0,1,0,0,0,0,1,0,0,0,1,0,1,0,1
"1557",0,0,0,0,0,0,0,0,0,0,0,0,0,0,0,0,0,0,0,0,0
"1545",1,1,0,0,1,1,0,0,1,0,0,1,1,1,1,1,0,0,1,1,0
"5244",0,0,0,0,0,0,0,0,0,0,0,0,0,0,0,0,0,0,0,0,0
"2977",0,0,0,0,0,0,0,0,0,0,0,0,0,0,0,0,0,0,0,0,0
"1543",0,0,0,1,0,0,1,1,0,0,0,0,0,1,0,0,1,0,1,1,0
"1544",0,1,1,0,1,0,0,1,0,1,1,0,1,0,0,1,0,0,0,0,1
"9615",0,0,0,0,0,0,0,0,0,0,0,0,0,0,0,0,0,0,0,0,0
"4144",1,1,1,1,1,1,1,1,1,1,1,1,1,1,1,1,1,1,1,1,1
"4143",1,1,1,0,0,0,0,1,1,0,1,0,1,0,1,0,1,1,0,1,0
"5150",1,1,1,1,1,1,0,0,1,1,0,1,0,1,0,1,0,0,1,1,0
"27430",1,1,1,1,1,1,1,1,1,1,1,1,1,1,1,1,1,1,1,1,1
"4548",1,1,1,1,0,0,0,1,1,0,1,0,0,1,1,1,1,1,0,1,0
"763",0,0,0,0,0,0,0,0,0,0,0,0,1,0,0,0,0,0,0,0,0
"5143",1,0,0,0,1,0,0,1,0,0,1,1,1,0,1,1,0,0,1,0,1
"11238",0,1,1,0,1,1,1,0,1,1,0,1,0,1,0,1,1,0,0,0,1
"4598",0,0,1,0,1,0,1,0,1,1,1,1,0,0,0,0,1,1,0,0,1
"5137",0,0,0,0,0,0,0,0,0,0,0,0,0,0,0,0,0,0,0,0,0
"3636",0,0,0,0,1,1,0,1,0,0,0,1,1,1,0,1,1,1,1,1,0
"5151",0,1,1,0,0,1,0,1,1,0,1,0,1,0,1,1,0,0,0,1,0
"23556",0,0,1,1,0,0,1,0,1,1,0,1,0,1,0,1,0,0,1,1,0
"55650",1,0,1,0,0,1,1,0,0,0,1,0,1,0,1,1,1,1,0,0,1
"3635",1,1,1,1,1,1,1,1,1,1,1,1,1,1,0,1,1,1,1,1,1
"3633",0,0,1,0,1,1,0,0,1,1,0,1,1,0,1,0,1,1,0,0,1
"8867",0,0,0,1,1,0,1,1,1,1,0,1,1,0,0,1,0,0,1,0,1
"5140",0,0,0,1,1,0,1,0,0,1,0,0,0,1,1,0,0,0,1,1,0
"27124",0,0,1,0,1,1,0,1,0,0,1,1,0,0,1,0,1,0,0,0,1
"53905",0,0,0,0,0,0,0,0,0,0,0,0,0,1,0,0,0,0,0,0,0
"50506",0,0,0,0,0,0,0,0,0,0,0,0,0,0,0,0,0,0,0,0,0
"5142",1,1,1,1,0,1,1,0,1,1,1,1,0,0,0,0,0,1,1,0,1
"343",0,1,0,1,1,0,1,0,0,0,1,1,1,0,1,0,1,1,1,1,0
"5281",0,1,1,1,0,1,1,0,1,1,0,1,0,1,0,1,1,0,0,1,0
"3632",1,0,0,0,0,1,1,0,1,0,0,1,1,1,0,1,0,1,0,0,1
"10846",0,0,0,0,0,0,0,0,0,0,0,0,0,0,0,0,0,0,0,0,0
"84720",1,1,0,0,1,0,1,1,0,1,1,1,0,0,0,0,0,0,1,1,0
"56623",1,1,0,0,0,0,1,1,0,1,0,0,0,1,1,1,0,0,0,0,1
"5141",1,1,0,0,0,1,1,1,0,0,1,1,0,1,0,1,0,0,1,0,1
"8622",0,0,0,0,0,0,0,0,0,0,0,0,0,0,0,0,0,0,0,0,1
"3628",1,1,1,1,1,1,1,0,1,0,1,1,1,1,1,1,1,1,1,0,1
"3707",0,0,0,1,1,0,0,1,1,0,1,0,1,0,0,0,1,1,0,0,1
"80235",1,0,0,0,1,0,1,0,1,0,1,0,1,1,0,1,1,0,0,0,1
"5144",0,0,1,1,1,0,0,0,0,1,1,0,0,0,0,1,1,0,0,0,0
"3706",0,0,1,1,1,1,0,0,1,1,1,0,0,0,1,0,1,1,0,1,0
"5153",1,0,1,0,0,1,0,1,1,0,1,1,1,0,0,1,0,0,0,1,0
"80271",1,0,0,0,1,1,1,0,1,0,1,0,1,0,1,1,1,1,0,1,0
"94005",1,1,1,1,1,0,0,1,0,1,0,1,0,1,0,1,0,0,1,0,1
"27115",1,0,1,1,0,0,1,0,0,0,0,0,0,1,1,0,0,1,1,0,1
"128869",0,0,0,0,0,0,1,1,0,1,1,1,0,1,0,0,0,1,1,0,1
"51477",0,0,1,0,1,1,1,0,0,0,1,1,0,0,1,0,1,1,0,1,0
"10026",0,0,0,1,0,0,1,0,1,1,0,1,0,1,0,0,0,1,1,0,1
"5138",1,1,0,1,0,1,0,1,0,1,0,1,1,0,0,0,1,1,0,1,0
"51604",1,1,1,1,1,1,1,1,1,1,1,1,1,1,1,1,1,1,1,1,1
"3631",0,1,0,1,1,0,1,0,1,1,0,1,0,1,0,1,0,0,1,1,1
"5139",0,0,0,0,0,0,0,0,0,0,0,0,0,0,0,0,0,0,0,0,0
"8821",0,0,1,0,1,1,1,0,1,1,0,0,0,0,0,0,1,1,1,1,0
"50940",0,0,0,0,0,0,0,0,0,0,0,0,0,0,0,0,0,0,0,0,0
"2595",0,0,0,0,0,0,0,1,1,0,0,0,0,1,0,0,1,0,0,1,0
"84693",1,1,1,1,1,1,1,0,1,1,0,1,0,1,0,1,1,0,0,0,1
"8733",1,1,1,1,1,1,1,1,1,1,1,1,1,1,1,1,1,1,1,1,1
"5136",0,0,0,0,0,0,0,0,0,0,0,0,0,0,0,0,0,0,0,0,0
"4594",0,1,1,0,1,0,1,0,1,1,0,1,1,1,0,0,1,0,0,0,1
"3028",1,1,1,1,1,1,1,1,1,1,1,1,1,1,1,1,1,1,1,1,1
"5152",0,0,0,0,1,0,0,1,0,0,1,0,0,1,1,1,1,1,0,1,0
"3033",0,1,1,1,1,1,1,1,1,1,0,1,0,1,0,1,1,1,1,0,1
"3037",0,0,0,0,0,0,0,0,0,0,0,0,0,0,0,0,0,0,0,0,0
"80168",0,0,0,0,0,0,0,0,0,0,0,0,0,0,0,0,0,0,0,0,0
"116255",0,0,0,0,0,0,0,1,0,0,0,0,0,0,0,0,0,0,0,0,0
"5146",0,0,0,0,0,0,0,0,0,0,0,0,0,0,0,0,0,0,0,0,0
"4507",0,1,1,1,0,1,0,1,0,1,1,0,0,0,1,1,0,0,1,0,1
"3038",0,0,0,0,0,0,1,0,0,0,0,0,0,0,0,0,0,0,0,0,1
"3036",0,0,0,1,0,0,1,1,0,0,0,1,1,1,1,1,0,1,0,0,1
"27235",0,0,1,1,1,0,1,1,0,1,0,0,1,1,0,0,0,1,1,1,0
"6521",0,1,1,0,0,0,1,1,0,1,0,1,0,0,1,0,1,0,1,0,1
"83697",0,0,0,0,0,0,0,0,0,0,0,0,0,0,0,0,0,0,0,0,0
"10797",1,1,1,1,1,1,1,1,1,1,1,1,1,1,1,1,1,1,1,1,1
"56913",1,0,0,1,0,0,1,0,1,0,0,0,0,1,1,0,1,1,0,0,1
"443",0,0,0,0,0,0,0,0,0,0,0,0,0,0,0,0,0,0,0,0,0
"91703",1,1,1,1,1,0,0,1,1,1,1,1,1,0,1,0,1,1,1,1,0
"6522",1,1,0,1,1,0,1,1,0,0,0,1,1,1,0,0,0,1,1,0,1
"6508",0,0,0,0,1,0,0,1,0,0,1,1,1,0,0,1,0,0,1,0,1
"5145",0,0,0,0,0,0,0,0,0,0,1,0,0,0,0,0,0,0,0,0,0
"4668",0,0,0,1,1,0,1,1,0,1,0,1,0,1,0,0,1,1,0,0,1
"9498",0,0,0,0,0,0,0,0,0,0,0,0,0,0,0,0,0,0,0,0,0
"57282",0,0,0,0,0,0,0,0,0,0,0,0,0,0,0,0,0,0,0,0,0
"6528",0,0,0,0,1,1,0,1,0,1,1,0,1,0,1,1,0,1,0,1,0
"3098",1,1,1,1,1,1,1,1,1,1,1,1,1,1,1,1,1,1,1,1,1
"80201",0,0,0,0,0,0,0,0,0,0,0,0,0,0,0,0,0,0,0,0,0
"8654",0,0,0,0,0,0,0,0,0,0,0,0,0,0,0,0,0,0,0,0,0
"2645",1,1,0,0,1,1,0,0,1,0,1,0,0,0,1,0,0,1,0,1,0
"483",1,1,1,1,1,1,1,1,1,1,1,1,1,1,1,1,1,1,1,1,1
"3101",1,0,0,0,1,1,1,0,0,0,1,0,1,0,0,0,1,0,1,1,0
"5149",0,0,0,0,0,0,0,0,0,0,0,0,0,0,0,0,0,0,0,0,0
"478",1,1,0,0,0,0,1,1,0,1,1,0,0,0,1,1,0,0,1,0,1
"480",0,0,0,0,0,0,0,0,0,0,0,0,0,0,0,0,0,0,0,0,0
"481",1,0,0,1,0,1,1,0,0,0,1,0,1,0,1,1,0,0,1,1,0
"3099",1,1,1,0,0,1,0,1,0,0,1,0,1,0,1,1,1,1,0,0,1
"5147",1,1,1,1,1,1,1,1,1,1,0,1,1,1,0,1,1,1,1,0,1
"482",1,0,0,0,0,1,1,1,0,0,1,0,0,0,1,0,1,1,0,0,1
"476",1,1,1,1,1,1,1,1,1,1,1,1,1,1,1,1,1,1,1,1,1
"477",0,0,0,0,0,0,0,0,0,0,0,0,0,0,0,0,0,0,0,0,0
"23439",0,0,0,0,0,0,0,0,0,0,0,0,0,0,0,0,0,0,0,0,0
"3081",0,0,0,0,0,0,0,0,0,0,0,0,0,0,0,0,0,0,0,0,0
"11112",0,0,0,0,0,1,1,0,1,1,1,0,0,1,0,0,1,1,0,1,0
"3067",0,0,1,0,1,1,1,0,1,0,0,0,1,0,1,0,1,1,0,1,0
"6549",0,0,0,0,0,0,0,0,0,0,0,0,0,0,0,0,0,0,0,0,0
"6550",0,0,0,0,1,1,0,0,1,0,1,0,0,1,1,1,1,1,0,0,1
"5148",0,0,0,0,1,1,1,1,0,0,0,0,0,1,1,1,1,0,0,0,1
"496",0,0,0,0,0,0,0,0,0,0,0,0,0,0,0,0,0,0,0,0,0
"6548",1,0,0,1,1,0,0,1,0,1,0,1,0,1,0,0,0,1,1,0,1
"495",1,1,0,0,1,0,0,1,0,1,1,1,1,0,0,0,1,0,0,0,1
"55748",1,1,1,1,0,1,1,0,1,1,1,0,1,1,1,1,1,1,1,1,0
"5158",0,1,1,1,0,1,1,0,0,1,0,0,0,1,0,0,1,1,0,0,1
"84735",0,0,0,0,0,0,0,0,0,0,0,0,0,0,0,0,0,0,0,0,0
"6559",0,0,0,1,1,1,0,1,0,1,1,0,0,0,1,1,0,0,1,0,1
"8942",0,0,0,0,0,0,0,0,0,0,0,0,0,0,0,0,0,0,0,0,0
"5162",1,1,1,1,1,1,1,1,1,1,1,1,1,1,1,1,1,1,1,1,1
"3157",1,1,1,1,1,1,1,1,1,1,1,0,1,1,1,1,1,1,0,1,1
"5161",0,0,0,0,0,0,0,1,0,0,1,0,0,0,0,1,0,0,0,0,1
"123041",0,0,0,0,0,0,0,0,0,0,0,0,0,0,0,0,0,0,0,0,0
"1737",0,1,1,1,0,1,1,1,1,1,1,0,1,0,1,1,1,1,1,0,1
"3158",1,0,0,0,0,0,0,0,0,0,0,0,0,0,0,0,0,0,0,0,0
"5160",1,1,1,1,1,1,1,1,1,1,1,1,1,1,1,1,1,1,1,1,1
"55163",1,1,0,1,0,1,0,1,1,0,1,0,1,0,0,1,0,0,1,0,1
"25769",1,0,0,0,1,0,1,1,0,0,1,0,0,1,1,1,1,0,1,0,1
"54511",0,0,0,0,0,0,0,0,0,0,0,0,0,0,0,0,0,0,0,0,0
"10396",0,0,1,0,1,1,0,1,0,1,1,0,1,1,1,1,1,1,0,1,0
"57419",0,0,0,0,0,0,0,0,0,0,0,0,0,0,0,0,0,0,0,0,0
"9187",1,1,1,0,0,0,0,1,0,1,1,0,0,1,0,1,1,0,0,0,1
"5105",0,0,0,0,0,0,0,0,0,0,0,0,0,0,0,0,0,0,0,0,0
"124583",1,1,1,1,1,1,1,1,1,1,1,1,1,1,0,1,1,1,1,1,1
"3155",0,0,1,0,1,1,1,0,0,0,0,1,0,1,0,1,1,1,0,0,1
"5106",0,0,1,0,1,1,0,1,0,1,0,1,1,1,0,1,0,1,0,1,0
"3162",0,0,0,0,1,1,0,0,0,0,0,1,1,1,1,0,1,1,1,1,0
"3163",1,1,1,1,1,1,1,1,1,1,1,1,1,1,1,1,1,1,1,1,1
"79077",1,1,1,1,1,1,1,1,1,1,1,1,1,1,1,1,1,1,1,1,1
"8310",1,0,1,0,0,1,0,1,0,0,1,0,1,0,1,0,1,1,0,0,1
"9583",1,1,1,1,1,1,1,1,1,1,1,1,1,0,1,1,1,1,1,1,1
"26062",0,0,0,0,0,0,0,0,0,0,0,0,0,0,0,0,0,0,0,0,0
"197257",0,0,0,0,0,0,0,0,0,0,0,0,0,0,0,0,0,0,0,0,0
"5833",0,0,0,0,1,0,1,1,0,1,1,1,0,0,0,0,0,0,1,0,1
"1841",1,1,1,1,1,1,1,1,1,1,0,1,1,1,0,1,0,0,1,1,1
"10400",1,1,1,1,0,1,0,1,0,1,1,0,1,0,0,1,0,1,0,0,1
"6448",1,0,0,1,0,0,0,1,0,1,0,1,0,1,0,0,1,0,0,1,0
"29922",0,0,0,1,1,1,1,0,1,0,1,0,1,0,1,1,1,0,0,0,1
"26227",0,0,1,1,1,1,0,0,1,1,0,1,1,1,0,1,1,1,0,1,0
"10201",1,1,0,1,0,1,1,0,1,1,1,1,0,0,0,1,0,0,1,1,0
"5730",0,0,0,0,1,0,0,1,1,0,0,1,1,0,1,0,1,0,1,0,1
"4830",1,1,1,1,1,1,1,1,1,1,1,1,1,1,1,1,1,1,1,1,1
"27306",1,1,1,0,0,1,0,0,1,1,0,0,1,1,0,0,1,1,0,0,1
"80142",1,1,0,1,1,1,1,0,1,1,1,1,0,0,0,0,0,1,1,0,1
"4831",1,1,1,1,1,1,1,1,1,1,1,1,1,1,1,1,1,1,1,1,1
"4832",1,0,1,1,0,1,1,0,1,1,0,1,0,1,0,1,0,1,0,1,0
"200576",1,0,1,1,1,0,1,0,1,0,0,0,1,1,1,0,1,0,0,1,0
"8396",1,0,1,0,1,1,1,0,1,1,1,1,0,0,0,1,0,0,1,0,1
"9536",0,0,0,1,1,0,0,1,0,0,1,1,0,0,0,0,1,1,0,0,1
"4833",1,1,1,1,0,0,1,1,0,1,0,1,0,0,1,0,1,1,0,1,0
"6005",0,0,0,0,0,0,0,0,0,0,0,0,0,0,0,0,0,0,1,0,0
"79837",1,1,0,1,1,1,1,1,1,1,1,1,1,0,0,1,0,0,1,1,1
"5740",1,1,0,1,0,1,0,0,0,1,1,0,1,0,0,0,1,1,0,0,1
"5289",1,0,1,0,1,0,1,0,1,1,1,0,0,0,0,1,1,0,0,0,1
"57127",1,1,0,0,1,0,0,1,0,0,1,0,1,0,1,1,0,1,0,0,1
"6557",0,0,0,0,0,0,0,0,0,0,0,0,0,0,0,0,0,0,0,0,0
"5277",1,1,1,0,0,1,1,0,0,1,0,0,0,1,1,1,1,1,0,1,0
"114971",1,1,1,1,1,1,1,1,0,1,1,1,0,1,1,1,0,0,1,0,1
"6558",1,1,0,1,1,0,1,1,0,1,1,0,0,1,1,1,0,0,1,0,1
"349565",0,0,0,0,0,0,0,1,0,0,0,1,0,1,0,0,1,1,0,0,1
"9489",1,0,1,0,0,0,1,0,1,1,0,1,0,1,0,1,0,1,0,0,1
"64802",0,0,0,0,0,1,0,0,0,1,0,0,1,1,0,1,0,0,1,0,1
"23057",0,0,0,0,0,0,0,0,0,0,0,0,0,0,0,0,0,0,0,0,0
"8818",1,1,0,0,0,0,1,1,0,1,1,1,1,0,0,0,1,0,1,1,0
"5743",1,0,0,0,0,1,0,0,0,0,1,0,1,0,1,0,1,1,0,1,0
"5742",1,0,0,1,0,1,0,1,0,0,1,0,0,1,1,0,0,1,1,0,1
"10135",1,1,1,1,1,1,1,1,1,0,1,1,1,0,1,1,1,1,1,1,1
"6898",0,0,0,0,0,0,0,0,0,0,0,0,0,0,0,0,0,0,0,0,0
"5053",0,0,0,0,0,0,0,0,0,0,0,0,0,0,0,0,0,0,0,0,0
"5283",1,0,0,1,0,1,1,0,1,1,0,0,0,1,1,1,1,0,1,1,0
"5264",1,1,1,1,0,1,0,0,1,1,0,1,0,1,1,0,1,1,0,0,1
"4837",0,0,0,0,0,0,0,0,0,0,0,0,0,0,1,0,0,1,1,0,1
"5409",0,0,1,0,1,1,0,1,0,0,1,1,0,0,1,1,0,0,1,1,0
"5728",1,1,1,1,1,1,1,1,1,1,0,1,1,1,1,1,1,1,1,1,1
"645740",0,0,0,0,0,0,0,0,0,0,0,0,0,0,0,0,0,0,0,0,0
"8871",1,0,0,1,1,0,1,1,0,0,1,0,1,0,1,0,1,0,1,0,1
"51227",1,1,1,1,0,1,0,0,0,1,0,1,0,1,0,1,1,0,0,0,1
"8395",1,0,0,1,0,1,1,0,0,0,1,0,1,0,1,0,1,1,0,0,1
"9091",1,1,0,0,1,1,1,1,0,0,1,1,1,0,0,0,0,0,1,0,1
"4842",1,0,0,0,0,0,1,1,0,1,1,0,0,0,1,1,1,0,0,0,1
"23396",1,1,0,0,0,1,0,1,0,0,1,1,1,0,0,0,0,1,1,0,1
"4843",0,0,1,0,1,1,1,0,0,1,0,0,0,0,0,0,1,1,0,1,0
"5279",0,1,0,1,1,1,1,0,1,1,0,0,0,1,0,0,1,0,1,0,1
"8394",1,1,1,1,1,1,1,1,1,1,1,0,1,0,1,1,1,1,1,1,1
"55361",0,1,0,0,1,1,0,0,1,0,1,1,1,0,0,0,0,0,1,0,1
"201288",0,0,0,0,0,0,0,0,0,0,0,0,0,0,0,0,0,0,0,0,0
"4846",0,1,0,1,1,1,1,1,0,1,1,1,0,1,0,1,0,1,0,0,1
"5297",1,1,1,1,1,1,1,1,1,1,0,1,1,1,1,1,1,1,1,1,1
"4860",1,1,1,1,1,1,1,1,1,1,1,1,1,1,1,1,1,1,1,1,1
"5298",1,1,1,1,1,1,1,1,1,1,0,1,1,1,1,1,1,1,1,1,1
"5294",1,1,0,0,0,0,1,1,0,1,0,1,1,1,0,0,0,0,1,0,1
"123745",0,0,0,0,0,0,0,0,0,0,0,0,0,0,0,0,0,0,0,0,0
"5290",0,1,0,0,1,0,1,0,1,0,1,0,0,0,1,1,0,0,1,0,1
"6580",0,1,1,1,0,0,0,1,1,0,1,1,1,0,1,0,0,1,1,0,1
"5295",1,1,1,1,1,1,1,1,1,1,1,1,1,1,1,1,1,1,1,1,1
"10870",1,1,1,1,1,1,1,1,1,1,1,1,1,1,1,1,1,1,1,1,1
"55808",0,0,0,0,0,0,0,0,0,0,0,0,0,0,0,0,0,1,1,0,0
"5251",1,0,1,0,0,1,0,0,1,0,0,0,1,1,1,0,1,1,0,0,1
"5320",1,1,0,0,0,1,1,0,1,0,1,0,1,1,0,0,0,1,1,1,0
"8503",0,1,0,0,1,1,0,0,1,1,0,1,0,1,0,0,0,0,1,0,1
"30833",0,1,0,1,1,1,0,0,1,0,1,0,0,0,1,1,0,1,0,0,1
"81579",0,1,1,1,0,1,1,0,1,1,0,0,0,1,0,0,1,0,0,0,1
"56953",0,1,1,0,1,0,0,1,1,1,0,1,0,1,1,1,0,0,1,0,1
"23533",0,0,0,1,1,0,0,1,1,1,1,1,0,1,0,1,1,0,1,0,1
"8398",1,0,0,0,1,1,0,0,1,1,0,1,1,1,0,1,1,0,0,1,0
"5296",1,0,1,0,1,0,0,1,0,1,0,1,0,1,0,1,0,0,1,0,1
"5322",0,0,0,0,0,0,0,0,0,0,0,0,0,0,0,0,0,0,0,0,0
"4907",1,0,0,1,0,1,1,0,1,0,0,0,1,1,1,1,0,0,0,0,1
"5291",1,0,1,1,0,0,1,0,1,1,0,1,1,1,0,0,1,0,1,0,1
"5293",1,1,1,1,1,1,1,1,1,1,1,1,1,1,0,1,1,1,1,1,1
"6476",0,0,0,0,0,0,0,0,0,0,0,0,0,0,0,0,0,0,0,0,0
"5009",0,0,0,0,0,0,0,0,0,0,0,0,0,0,0,0,0,0,0,0,0
"4952",0,0,1,1,0,1,1,0,0,0,1,1,1,1,1,1,1,0,1,1,0
"64600",0,0,0,0,0,0,0,0,0,0,0,1,0,0,0,0,1,0,0,0,0
"64064",0,0,0,0,1,0,0,1,1,0,1,1,1,0,1,0,1,1,0,0,1
"23236",0,0,0,0,0,0,0,0,0,0,0,0,0,0,0,0,0,0,0,0,0
"100137049",0,0,0,1,1,1,1,1,0,0,0,1,0,1,1,1,0,0,1,1,0
"30814",0,0,0,0,1,0,0,0,1,0,1,1,1,0,1,0,0,0,1,0,1
"26279",1,0,0,1,1,0,0,1,0,0,0,0,1,0,1,0,1,1,0,0,1
"5335",1,1,1,1,1,1,1,1,1,1,1,1,0,1,0,1,1,1,1,1,1
"8399",1,0,0,1,1,0,1,0,1,0,1,0,0,0,0,0,1,1,1,1,0
"5332",0,0,0,0,0,0,0,0,0,0,0,0,0,0,0,0,0,0,0,0,0
"257068",1,1,1,1,1,1,1,0,1,0,1,0,1,0,1,0,1,1,0,0,1
"5319",0,0,0,0,0,0,0,0,0,0,0,0,0,0,0,0,0,0,0,0,0
"6489",0,1,0,1,1,1,0,0,1,1,0,0,0,1,0,0,1,1,1,0,1
"5336",0,1,1,0,1,1,0,1,0,0,0,1,0,0,0,1,1,1,0,0,1
"23007",0,0,0,0,0,0,0,0,0,0,0,0,0,0,0,0,0,0,0,0,0
"29906",1,0,0,0,1,1,0,1,0,0,1,0,1,0,1,1,0,1,0,1,0
"5334",1,0,1,1,0,1,0,0,1,1,0,0,0,1,0,0,0,0,1,1,0
"10654",1,1,1,1,1,1,1,1,1,1,0,1,0,1,0,1,1,1,1,1,1
"9651",0,0,0,1,1,0,0,1,1,0,1,0,1,0,1,1,0,1,0,1,0
"9807",1,1,0,1,1,1,1,0,1,0,1,1,1,0,0,1,0,0,1,1,0
"412",1,1,0,0,0,0,1,1,1,1,0,1,0,1,0,0,0,1,1,0,1
"51196",0,0,0,0,0,0,0,0,0,0,0,0,0,0,0,0,0,0,0,0,0
"117283",0,0,0,0,0,0,0,0,0,0,0,0,0,0,0,0,0,0,0,0,0
"5331",0,0,0,1,1,0,1,1,0,0,0,1,0,1,1,0,0,1,0,0,1
"84812",0,0,0,0,0,0,0,0,0,0,0,0,0,0,0,0,0,0,0,0,0
"5330",1,0,0,0,1,0,1,1,0,1,0,1,0,1,0,0,0,1,1,1,0
"6391",0,1,1,1,1,1,1,1,1,1,1,1,1,1,1,1,1,1,1,0,1
"113026",0,0,0,0,0,0,1,1,0,0,1,1,1,0,1,0,0,0,1,0,1
"6392",1,1,1,1,1,1,1,1,1,1,1,1,1,1,1,1,1,1,1,1,1
"6390",1,1,1,1,1,1,1,1,1,1,1,1,1,1,1,1,1,1,1,1,1
"51447",1,1,1,1,1,1,1,1,1,1,1,1,1,1,1,1,1,1,1,1,1
"5333",1,0,0,1,1,1,1,0,0,1,0,1,0,1,0,0,1,0,0,1,0
"6389",1,1,1,1,1,1,1,1,1,1,1,1,1,1,1,1,1,1,1,1,1
"6821",0,0,0,0,1,0,1,1,0,0,0,1,0,1,0,0,1,0,1,0,1
"89869",0,0,0,0,0,0,0,0,0,0,0,0,0,0,0,0,0,0,0,0,0
"6533",0,0,0,1,1,1,0,0,0,0,1,0,1,0,1,0,1,1,0,1,0
"5288",0,0,0,0,0,0,0,0,0,0,0,0,0,0,0,0,0,0,0,0,0
"55350",0,0,0,0,0,0,0,0,0,0,0,0,0,0,0,0,0,0,0,0,0
"5092",0,1,1,0,1,0,0,1,0,0,0,1,1,0,0,1,1,1,0,0,1
"5287",1,0,1,0,1,1,0,1,1,0,1,0,1,0,1,1,1,1,0,0,1
"23530",0,0,1,1,1,0,1,1,1,1,0,1,0,1,0,0,1,0,1,0,1
"5286",1,1,1,0,0,1,1,0,1,1,1,0,1,0,0,0,1,0,0,0,1
"8876",0,0,0,0,0,0,0,0,0,0,0,0,0,0,0,0,0,0,0,0,0
"79178",1,0,0,1,0,0,1,1,1,0,1,1,1,0,0,1,1,0,1,1,0
"5305",1,1,1,1,1,1,1,1,1,1,1,1,1,1,1,1,1,1,1,1,1
"8875",0,0,1,0,1,1,0,0,1,1,0,1,0,1,0,1,1,0,0,0,1
"64499",1,1,0,0,1,0,1,0,0,1,1,1,1,0,0,0,0,1,1,0,1
"6567",0,1,1,1,0,1,0,1,1,1,0,1,1,0,1,1,0,1,1,0,1
"7177",1,1,0,0,1,0,1,0,0,1,1,1,1,0,0,0,0,1,1,0,1
"1890",1,0,0,0,0,1,0,1,0,1,0,1,0,1,0,0,0,1,1,0,1
"27068",1,1,1,0,0,1,0,0,1,0,1,0,1,0,1,0,1,1,0,0,1
"1636",0,0,0,0,0,0,0,0,0,0,0,0,0,0,0,0,0,0,0,0,0
"9365",0,0,0,0,0,0,0,0,0,0,0,0,0,0,0,0,0,0,0,0,0
"9331",0,0,0,0,0,1,0,0,0,0,0,0,0,1,0,0,0,0,0,0,0
"55217",1,0,0,1,0,0,1,0,1,1,0,1,0,1,0,1,1,1,0,1,0
"7368",0,0,0,0,0,0,0,0,0,0,0,0,0,0,0,0,0,0,0,0,0
"7296",1,1,1,1,1,1,1,1,1,1,1,1,1,1,1,1,1,1,1,1,1
"8613",0,0,0,0,0,0,0,1,0,0,0,0,0,0,0,0,0,0,0,0,0
"5315",1,1,1,1,1,1,1,1,1,1,1,1,1,1,1,1,1,1,1,1,1
"8611",1,1,0,1,0,0,0,0,1,0,0,1,1,1,1,0,0,0,1,0,1
"26063",1,0,1,0,1,1,0,0,1,1,1,0,0,0,1,0,1,1,1,1,0
"8612",0,1,1,0,1,0,1,1,0,1,1,1,0,0,0,1,0,1,1,0,1
"1666",1,1,1,1,1,1,1,1,1,1,1,1,1,1,1,1,1,1,1,1,1
"874",0,1,1,0,1,0,0,1,0,1,0,1,1,1,0,0,1,1,0,0,1
"5498",0,0,1,1,1,1,1,0,1,1,0,1,0,1,0,0,1,1,0,0,1
"11181",0,0,0,0,0,0,0,0,0,0,0,0,0,0,0,0,0,0,0,0,0
"10901",1,0,1,0,1,0,1,0,1,1,0,1,0,1,0,1,0,1,1,1,1
"126410",0,0,0,0,0,0,0,0,0,0,0,0,0,0,0,0,0,0,0,0,0
"80162",1,0,1,0,0,0,0,1,0,0,1,0,1,0,1,0,1,1,0,1,0
"7166",0,0,0,0,0,0,0,0,0,0,0,0,0,0,0,0,0,0,0,1,0
"8288",1,1,1,0,1,0,1,1,0,0,1,1,0,0,1,0,0,0,1,1,0
"2053",0,1,1,0,0,0,0,0,1,0,0,1,1,1,0,1,1,1,0,1,0
"9588",1,1,1,1,1,1,1,1,1,1,1,1,1,1,1,1,1,1,1,1,1
"121278",0,0,0,0,0,0,0,0,0,0,0,0,0,0,0,0,0,0,0,0,0
"8897",0,0,1,0,1,0,0,1,1,1,0,1,1,1,0,1,0,0,1,0,1
"4353",0,0,0,1,1,1,0,1,1,0,1,0,1,0,0,0,1,1,0,0,1
"8898",1,1,1,1,1,1,1,1,1,0,1,0,1,0,1,1,1,1,1,1,1
"169355",0,0,0,0,0,0,0,0,0,0,0,0,0,0,0,0,0,0,0,0,0
"6999",0,0,0,0,0,0,0,0,0,0,0,0,0,0,0,0,0,0,0,0,0
"2880",0,0,0,0,0,0,0,0,0,0,0,0,0,0,0,0,0,0,0,0,0
"5625",0,0,0,0,1,1,1,0,0,1,1,1,1,0,0,1,0,1,1,0,1
"9152",0,1,0,1,1,0,0,1,0,0,1,0,1,0,0,1,0,0,0,1,0
"6578",1,0,0,1,0,0,1,1,0,0,0,1,1,1,0,1,0,1,0,0,1
"6561",0,0,0,0,0,0,0,0,0,0,0,0,0,0,0,0,0,0,0,0,0
"9497",0,1,0,1,1,0,1,0,1,0,1,0,1,0,1,1,0,0,1,1,0
"115584",0,0,0,0,0,1,1,1,0,0,1,0,0,0,1,0,1,1,1,0,1
"6575",1,1,0,1,0,1,0,0,1,1,1,0,0,0,1,1,0,0,1,0,1
"6916",0,0,1,0,1,0,1,0,0,0,0,1,0,1,1,0,0,1,1,0,1
"23761",1,0,0,1,1,1,0,0,1,0,1,0,1,0,1,1,0,1,0,0,1
"6574",1,1,1,1,1,1,1,1,1,1,1,1,1,1,1,1,1,1,1,1,1
"7054",0,0,0,0,1,0,0,1,0,1,1,0,1,1,0,1,0,1,1,0,1
"142680",0,0,0,0,0,0,0,1,0,1,1,0,1,0,1,1,1,0,1,1,0
"9791",1,1,1,1,1,1,1,1,1,1,1,1,1,1,1,1,1,1,1,1,1
"6534",1,1,1,0,0,0,0,1,1,1,1,1,1,0,0,0,1,0,1,1,0
"81490",1,1,0,0,0,0,0,1,1,0,1,1,1,0,0,0,0,0,1,0,1
"10005",0,0,0,0,1,0,1,0,1,1,0,1,1,0,0,0,0,0,1,1,0
"3293",0,0,0,0,0,0,0,0,0,0,0,0,0,0,0,0,0,0,0,0,0
"1622",1,1,1,1,1,1,1,1,1,1,1,1,1,1,1,1,1,1,1,1,1
"225",0,0,0,1,1,0,1,1,1,1,0,1,0,1,0,1,1,0,1,1,0
"10965",0,0,0,1,1,0,1,0,1,1,0,1,0,1,0,0,1,1,0,0,1
"28965",0,0,0,0,0,0,0,0,0,0,0,0,0,0,0,0,0,0,0,0,0
"122970",0,0,0,0,0,1,0,0,0,1,0,1,1,1,0,1,0,1,0,0,1
"10020",1,1,1,1,0,1,1,0,1,0,0,1,1,1,0,1,1,1,0,1,0
"23205",0,0,0,0,0,0,0,0,0,0,0,0,0,0,0,0,0,0,0,0,0
"5805",1,1,1,1,1,1,1,1,1,0,1,1,1,0,1,1,0,1,1,1,0
"26061",1,1,1,1,1,0,1,0,1,1,1,1,0,1,0,0,1,1,0,1,0
"112483",1,1,1,1,1,1,1,0,1,1,0,1,1,1,0,1,1,1,0,1,0
"6303",1,1,1,1,1,1,1,1,1,1,1,1,1,1,1,1,1,1,1,1,1
"29880",1,1,1,1,1,1,1,1,1,1,1,1,1,1,1,1,1,1,1,1,1
"54716",0,0,0,0,0,0,0,0,0,1,1,0,0,0,0,0,0,0,0,0,1
"7355",1,0,0,1,1,1,1,0,0,0,1,0,1,0,0,1,0,0,1,1,0
"6564",0,0,0,0,0,0,0,0,0,0,0,0,0,0,0,0,0,0,0,0,0
"8566",1,1,1,0,0,0,1,0,0,0,1,0,1,0,1,1,1,0,0,0,1
"113235",0,0,0,0,0,1,1,0,0,0,1,0,1,0,1,1,0,0,1,0,1
"151531",0,0,0,0,0,0,0,0,0,0,0,0,0,0,0,0,0,0,0,0,0
"1200",1,1,1,1,1,1,1,1,1,1,1,1,1,1,1,1,1,1,1,1,1
"2168",0,0,0,0,0,0,0,0,0,0,0,0,0,0,0,0,0,0,0,0,0
"7358",1,0,1,1,0,1,0,0,1,1,1,1,1,0,0,0,0,0,1,0,1
"23169",0,0,1,1,0,1,0,0,1,1,0,1,0,0,0,1,0,0,1,1,0
"51056",1,1,1,1,1,1,1,1,1,1,1,1,1,1,1,1,1,1,1,1,1
"7378",1,1,1,0,0,1,1,1,0,1,0,1,0,0,1,1,0,1,0,0,1
"9390",0,0,0,1,0,0,0,1,0,0,0,0,0,0,1,0,0,1,0,0,1
"80146",1,1,1,1,1,1,1,1,1,1,1,1,1,1,1,1,1,1,1,1,1
"5184",0,1,1,0,1,1,0,0,1,1,0,1,0,1,0,0,0,0,1,0,1
"4891",1,0,1,1,0,1,0,1,0,0,1,0,1,0,1,1,0,0,1,0,1
"5168",0,0,1,0,0,1,0,0,1,0,0,1,1,1,1,1,1,1,0,1,0
"2944",0,0,1,0,1,1,0,0,1,0,0,1,0,1,1,0,0,1,1,1,0
"30061",0,0,0,0,0,0,1,0,0,0,0,1,0,1,0,1,0,0,1,0,0
"84912",0,0,0,0,0,1,1,0,1,1,0,1,0,1,0,0,0,0,1,0,1
"248",0,1,0,1,1,0,1,1,0,0,1,0,0,0,1,0,0,1,1,0,1
"64080",1,0,1,0,0,1,1,0,1,0,0,0,1,1,0,1,1,1,0,0,1
"4524",1,0,1,0,1,0,1,1,1,1,0,1,0,1,0,0,0,0,1,1,0
"3906",0,0,0,0,0,0,0,0,0,0,0,0,0,0,0,0,0,0,0,0,0
"65263",1,0,0,0,0,1,0,1,0,0,1,1,0,0,1,1,0,1,1,0,1
"8608",1,0,0,1,1,0,0,1,0,0,0,1,1,1,1,1,0,0,1,0,1
"25796",1,0,0,0,1,0,0,1,1,1,0,1,0,1,0,1,0,0,1,0,1
"5959",0,0,0,1,1,0,0,1,0,1,0,1,0,1,0,0,1,0,1,1,0
"7357",1,1,1,1,0,1,1,0,1,0,1,0,1,0,1,1,0,0,1,1,0
"28982",1,1,1,1,1,0,1,1,0,0,1,0,0,1,1,1,1,0,1,1,0
"6120",0,1,1,1,1,1,1,0,1,1,1,0,0,0,1,0,1,1,0,1,0
"11046",1,0,0,0,0,1,0,0,1,1,0,1,0,1,1,1,0,1,0,0,1
"54576",0,0,0,0,0,0,0,0,0,0,0,0,0,0,0,0,0,0,0,0,0
"54575",0,0,0,0,0,0,0,0,0,0,0,0,0,0,0,0,0,0,0,0,0
"51109",1,1,1,1,1,1,1,1,1,1,1,1,1,1,1,1,1,1,1,1,1
"157506",1,1,1,1,1,1,0,1,1,0,1,0,1,0,1,0,1,1,0,0,1
"54578",0,0,0,0,0,0,0,0,0,0,0,0,0,0,0,0,0,0,0,0,0
"54579",0,0,0,0,0,0,0,0,0,0,0,0,0,0,0,0,0,0,0,0,0
"10864",0,1,0,1,1,1,0,1,1,1,1,0,1,0,1,0,0,1,0,1,0
"9356",1,1,0,1,1,0,1,1,1,1,1,0,0,1,0,0,0,1,1,1,0
"54657",0,0,0,0,0,0,0,0,0,0,0,0,0,0,0,0,0,0,0,0,0
"195814",0,0,0,0,0,0,0,0,0,0,0,0,0,0,0,0,0,0,0,0,0
"9376",1,0,1,0,0,0,1,1,0,0,0,1,0,0,0,0,1,0,1,0,1
"112724",1,1,1,1,1,1,1,1,0,0,0,1,1,0,1,0,0,0,1,0,1
"50700",0,1,1,1,0,0,0,1,0,0,1,1,1,0,1,1,0,0,0,1,0
"54658",0,0,0,1,1,0,1,0,1,0,1,0,1,0,1,1,0,0,1,0,1
"348932",0,0,0,0,0,0,0,0,0,0,1,0,0,0,0,0,0,1,1,0,0
"54659",0,0,0,0,0,0,0,0,0,0,0,0,0,0,0,0,0,0,0,0,0
"54577",0,0,0,0,0,0,0,0,0,0,0,0,0,0,0,0,0,0,0,0,0
"57665",1,1,1,0,0,1,0,1,1,1,1,0,0,1,1,1,1,1,0,0,1
"120103",1,1,1,1,1,1,1,0,1,1,0,0,0,1,1,0,1,1,0,1,0
"1080",0,0,0,0,0,0,0,0,0,0,0,0,0,0,0,0,0,0,0,0,0
"85320",0,0,0,0,0,0,0,0,0,0,0,0,0,0,0,0,0,0,0,0,0
"145226",0,0,0,0,0,0,0,0,0,0,0,0,0,0,0,0,0,0,0,0,0
"54600",0,0,0,0,0,0,0,0,0,0,0,0,0,0,0,0,0,0,0,0,0
"222962",1,1,1,1,1,1,0,0,1,1,1,0,1,0,1,1,1,1,0,0,1
"8228",1,0,1,0,0,0,1,0,1,0,0,1,0,1,0,0,0,1,0,0,1
"113278",0,0,0,0,0,0,0,1,0,1,1,1,1,0,0,0,0,1,1,0,1
"10351",0,0,0,0,0,0,0,0,0,0,0,0,0,0,0,0,0,0,0,0,0
"54981",1,0,0,1,0,1,1,0,1,1,0,1,0,1,0,0,1,0,0,1,0
"7364",0,0,0,0,0,0,0,0,0,0,0,0,0,0,0,0,0,0,0,0,0
"9429",0,0,1,1,0,0,0,1,1,0,0,0,0,1,0,0,0,1,1,0,1
"7367",0,0,0,0,0,0,0,0,0,0,0,0,0,0,0,0,0,0,0,0,0
"55867",1,0,0,0,1,1,0,1,0,0,1,1,0,1,0,1,0,0,0,0,1
"54490",0,0,0,0,0,0,0,0,0,0,0,0,0,0,0,0,0,0,0,0,1
"364",0,1,0,1,1,1,0,1,0,0,1,0,1,1,0,0,0,1,1,1,0
"7366",0,0,0,0,0,0,0,1,0,0,1,0,1,0,1,0,0,0,0,0,0
"6482",1,1,0,1,0,0,1,1,0,1,0,1,1,1,0,1,1,0,1,0,1
"360",1,0,0,1,0,0,1,1,0,1,0,1,0,1,0,0,1,0,1,0,1
"6484",1,0,0,0,1,0,1,1,1,0,1,1,1,0,0,1,1,1,0,0,1
"7363",0,0,0,0,0,0,0,0,0,0,0,0,0,0,0,0,0,0,0,0,0
"89872",0,0,0,0,0,0,0,0,0,0,0,0,0,0,0,0,0,0,0,0,0
"7365",0,0,0,0,0,0,0,0,0,0,0,0,0,0,0,0,0,0,0,0,0
"6483",0,1,0,0,1,0,0,1,0,1,0,1,1,0,0,0,0,0,1,0,1
"21",0,0,1,0,1,1,0,1,0,0,0,1,0,1,0,0,0,1,1,1,0
"10720",0,0,0,0,0,0,0,0,0,0,0,0,0,0,0,0,0,0,0,0,1
"24",1,0,1,0,0,1,0,0,1,1,0,0,0,0,1,1,1,1,0,0,1
"54963",1,1,0,0,0,0,1,1,0,0,1,1,1,0,1,0,0,1,1,0,1
"10057",0,1,0,1,1,0,1,0,1,1,0,1,0,1,0,0,0,0,1,1,0
"125206",1,1,1,1,1,0,0,0,1,0,0,0,1,1,0,0,0,0,1,1,0
"7498",0,1,0,1,1,1,0,1,1,0,1,0,0,0,0,1,1,0,0,0,1
"10090",0,1,1,0,1,1,0,1,1,1,0,1,0,0,1,1,1,0,0,1,0
"200010",0,0,0,0,0,0,0,0,0,0,0,0,0,0,0,0,0,0,0,0,0
"9653",0,1,1,1,0,1,1,0,1,1,0,1,1,1,0,0,1,1,0,1,0
"9942",1,1,0,0,0,1,1,0,1,1,1,0,0,1,1,0,0,0,1,1,0
"6524",0,0,0,0,1,0,0,1,0,1,1,1,0,0,0,0,1,1,1,0,1
"159963",0,0,0,0,0,0,0,0,0,0,0,0,0,0,0,0,0,0,0,0,0
"64131",1,1,0,1,1,0,1,1,1,1,0,1,1,1,1,1,0,0,1,1,0
"55065",0,1,0,1,0,0,0,1,0,1,1,0,0,1,1,1,1,1,0,0,1
"64132",1,1,0,0,0,1,0,1,1,0,0,0,1,0,1,1,0,1,0,1,0
"3423",1,1,1,1,1,1,1,1,1,1,1,1,1,1,1,1,1,1,1,1,1
"79581",1,1,0,1,0,0,0,1,0,0,1,1,1,0,1,0,0,0,1,0,1
"10060",0,0,0,0,0,0,0,0,0,0,0,0,0,0,0,0,0,0,0,0,0
"9957",0,0,0,1,1,0,1,1,1,0,0,0,1,0,0,1,0,0,0,1,0
"51181",1,1,1,1,1,1,1,1,1,1,1,1,1,1,1,1,1,1,1,1,1
"6833",0,0,0,0,1,0,1,0,1,0,0,1,1,0,1,1,0,1,1,1,0
"9951",0,0,0,0,0,0,0,1,0,0,1,0,0,0,0,0,0,0,0,0,0
"3764",0,0,0,0,0,0,0,0,0,0,0,0,0,0,0,0,0,0,0,0,0
"222537",0,0,0,0,0,1,0,0,0,1,0,1,0,0,1,0,0,0,1,0,0
"64077",0,0,1,1,0,0,1,0,0,1,0,0,0,1,0,1,1,1,0,0,1
"3767",0,0,0,0,0,0,0,0,0,0,0,0,0,1,0,0,0,0,0,0,0
"5464",1,1,1,1,1,1,1,1,1,1,1,1,1,1,1,1,1,1,1,1,1
"64220",1,1,1,0,0,0,1,1,0,0,1,0,0,0,1,0,0,1,1,1,0
"10724",1,1,1,1,1,1,1,1,1,1,1,1,1,1,1,1,1,1,1,1,1
"5950",0,0,0,0,0,0,0,0,0,0,0,0,0,0,0,0,0,0,0,0,0
"1356",0,0,0,0,0,0,0,0,0,0,0,0,0,0,0,0,0,0,0,0,0
"2495",1,1,1,1,1,1,1,1,1,1,1,1,1,1,1,1,1,1,1,1,1
"9956",0,0,0,1,1,0,1,0,0,0,0,0,1,0,0,0,1,0,1,0,1
"5947",0,1,0,1,0,0,1,0,1,0,1,0,0,0,0,0,1,0,1,1,0
"9955",0,0,0,1,0,0,1,1,0,1,0,0,1,0,1,1,0,1,0,0,1
"2512",1,1,1,1,1,1,1,1,1,1,1,1,1,1,1,1,1,1,1,1,1
"94033",0,0,0,0,0,0,0,0,0,0,0,0,0,0,0,0,0,0,0,0,0
"5948",0,0,0,0,0,0,0,0,0,0,0,0,0,0,0,0,1,1,0,0,0
"29881",1,1,0,0,1,0,0,1,0,0,1,0,0,0,1,0,0,1,1,0,1
"1727",1,1,1,1,1,1,1,1,1,1,1,1,1,1,1,1,1,1,1,1,1
"9953",0,0,0,1,0,0,1,1,0,1,1,1,0,1,0,0,0,1,1,0,1
"64711",1,1,1,1,1,0,1,1,0,0,1,1,0,0,0,0,1,0,0,0,1
"949",1,1,1,0,0,0,1,1,0,0,1,0,0,0,0,1,1,1,0,0,1
"2350",1,1,0,0,1,0,1,1,0,0,1,1,1,0,0,0,1,1,0,0,1
"55501",0,0,0,0,1,0,1,1,0,1,0,1,0,1,0,1,0,0,1,0,1
"51706",1,1,0,1,0,1,1,0,0,1,0,1,1,1,0,1,0,0,1,1,0
"3248",0,1,0,1,1,0,1,0,1,1,0,1,0,1,0,1,0,1,1,0,1
"51700",0,0,0,0,1,0,0,1,0,1,0,0,0,1,1,1,1,1,0,0,1
"166929",0,0,0,0,0,0,0,0,0,0,0,0,1,0,1,0,0,0,0,0,0
"10587",1,0,1,1,0,1,0,1,1,1,0,1,0,1,1,0,1,1,1,1,0
"166012",0,0,0,0,0,0,1,1,0,1,0,0,0,0,0,1,0,1,0,0,1
"113189",0,0,0,0,0,0,1,1,0,1,0,1,0,1,0,1,0,0,1,0,1
"56261",1,1,1,1,1,0,0,1,1,0,1,0,0,1,1,1,0,0,0,1,0
"50515",1,1,1,1,1,1,1,1,1,1,1,1,1,1,1,1,1,1,1,1,1
"80347",1,1,1,1,1,1,1,1,1,1,1,1,1,1,1,1,1,1,1,1,1
"3658",0,1,1,1,1,0,1,0,1,1,1,0,1,0,1,1,0,0,1,0,1
"93034",0,0,0,0,0,0,0,0,0,0,0,0,0,0,0,0,0,0,0,0,0
"84618",1,1,1,1,1,1,1,0,0,1,0,0,1,0,1,0,1,0,1,0,1
"411",1,1,0,1,0,1,1,0,0,0,0,1,1,0,0,1,0,0,1,0,1
"203",1,1,0,0,1,1,0,0,0,1,0,0,0,1,1,1,1,0,0,1,0
"22978",1,1,1,1,0,0,1,1,1,1,1,1,0,1,0,1,1,1,1,1,1
"122481",0,0,0,0,0,0,0,0,0,0,0,0,0,0,0,0,0,0,0,0,0
"100526794",1,1,1,0,0,1,0,0,0,1,1,0,0,1,1,1,1,1,0,1,0
"159",1,1,1,1,1,1,1,1,1,1,1,1,1,1,1,1,1,1,1,1,1
"51251",1,1,1,1,1,1,0,0,1,1,1,0,0,0,0,1,1,0,0,1,0
"23563",1,0,0,0,1,0,0,1,0,0,1,0,1,1,1,1,0,0,0,0,1
"122622",1,1,1,1,1,0,0,1,1,0,0,0,0,1,0,1,0,0,0,1,0
"10164",0,1,1,0,1,0,1,1,1,0,0,1,1,0,1,0,1,1,0,0,1
"353",1,1,1,1,1,1,1,1,1,1,1,1,1,1,1,1,1,1,1,1,1
"11212",1,1,1,1,1,1,1,1,1,1,1,1,1,1,0,1,1,1,1,1,1
"3251",1,1,1,1,1,1,1,1,1,1,1,1,1,1,1,1,1,1,1,1,1
"383",0,0,0,0,0,0,0,0,0,0,0,0,0,0,0,0,0,0,0,0,0
"9435",0,1,0,1,1,1,0,1,0,0,0,1,0,1,0,0,1,1,0,0,1
"1371",1,1,1,1,1,1,1,1,1,1,0,1,1,1,1,1,1,1,1,1,1
"4166",0,0,0,0,0,0,0,0,0,0,0,0,0,0,0,0,0,0,0,0,0
"56954",1,1,1,1,1,1,1,1,1,1,1,1,1,1,1,1,1,1,1,1,1
"1503",1,1,1,1,1,1,1,1,1,0,1,0,1,0,1,1,1,1,1,1,1
"9469",0,0,0,1,1,1,0,1,0,0,0,0,1,0,1,0,0,0,1,0,1
"56474",0,0,1,1,1,1,0,1,0,0,0,1,0,1,0,1,0,1,0,0,1
"8534",0,0,0,0,1,0,0,1,0,0,1,0,1,1,0,1,1,1,0,1,0
"1491",0,0,1,0,0,1,0,0,1,0,1,1,1,0,0,1,0,1,0,0,1
"5313",1,1,0,1,0,0,1,0,0,0,1,0,1,1,0,0,0,1,1,1,0
"92086",0,0,0,0,1,0,1,1,0,0,0,1,0,1,1,1,0,0,1,0,1
"2987",1,1,1,1,1,1,1,1,1,1,1,1,1,1,1,1,1,1,1,1,1
"56548",1,0,0,1,1,0,1,0,1,0,1,0,1,1,1,0,1,0,1,0,1
"5860",1,1,1,1,0,1,0,0,1,1,1,0,1,0,1,0,1,1,1,0,1
"9394",1,1,0,0,1,1,1,0,0,0,1,0,1,0,1,1,0,1,1,0,1
"728441",0,0,0,0,1,1,1,0,0,0,0,1,0,1,1,1,0,0,1,0,1
"124975",0,0,0,0,0,1,1,1,0,1,1,1,0,0,1,1,0,1,0,0,1
"9453",0,0,1,0,1,1,1,0,1,1,0,1,0,1,0,1,1,1,0,0,1
"2686",1,1,1,1,1,0,0,1,1,0,0,1,0,1,1,0,1,1,0,1,0
"2023",1,1,1,1,1,1,1,1,1,1,1,1,1,1,1,1,1,1,1,1,1
"2027",1,1,0,0,0,1,0,1,1,1,0,0,0,1,0,1,1,0,0,1,0
"90161",0,0,0,0,0,0,0,0,0,0,1,1,1,0,0,0,0,0,0,0,0
"91227",0,0,0,0,1,1,1,0,0,0,0,1,0,1,1,1,0,0,1,1,0
"2026",1,1,1,1,1,1,1,1,1,1,1,1,1,1,1,1,1,1,0,1,1
"102724197",0,0,0,0,1,1,1,0,0,0,0,1,0,1,1,1,0,0,1,0,1
"266722",0,0,0,0,0,0,0,0,0,0,0,0,0,0,0,0,0,0,0,0,0
"9843",0,0,0,0,0,0,0,0,0,0,0,0,0,0,0,0,0,0,0,0,0
"2799",0,0,1,1,0,0,1,0,1,1,0,1,0,1,0,1,1,0,0,0,1
"80308",1,1,0,0,1,1,0,1,0,0,1,0,1,0,1,0,0,0,1,1,0
"10157",0,0,0,0,0,1,0,1,1,0,0,1,0,0,0,0,0,1,0,0,0
"118881",1,1,1,1,1,0,0,1,0,1,1,1,0,0,0,0,0,0,1,0,1
"5211",0,0,1,0,1,1,0,1,1,1,0,1,0,1,0,0,1,1,0,1,1
"7360",1,1,1,1,1,1,1,1,1,1,1,1,1,1,1,1,1,1,1,1,1
"2819",1,0,0,1,1,1,0,1,1,0,1,0,0,0,1,0,0,1,1,0,1
"3176",0,0,0,0,0,0,0,0,0,0,0,0,0,0,0,0,0,0,0,0,0
"26330",0,0,0,0,0,0,0,0,0,0,0,0,0,0,0,0,0,0,0,0,0
"1757",0,0,0,0,1,1,0,1,0,0,1,1,1,0,0,0,1,1,0,0,1
"81537",0,1,1,1,1,0,1,0,1,1,0,1,0,1,0,0,0,0,1,0,1
"2597",1,1,1,1,1,1,1,1,1,1,1,1,1,1,1,1,1,1,1,1,1
"29926",1,1,0,1,1,1,0,1,0,0,1,0,1,0,0,1,0,0,1,1,0
"2673",1,1,1,1,1,1,1,1,1,1,1,1,1,1,1,1,1,1,1,1,1
"9945",0,0,0,1,1,1,0,0,1,0,1,0,1,1,0,0,1,0,1,0,1
"6652",1,1,1,0,0,1,0,0,1,0,1,0,0,1,1,0,1,0,1,0,1
"29925",1,0,0,1,1,0,0,1,0,0,1,0,1,0,0,1,0,0,1,1,0
"51557",0,0,0,0,0,0,0,0,0,0,0,0,0,0,0,0,0,0,0,0,0
"875",0,0,1,0,1,1,0,1,0,1,0,1,1,1,0,1,1,1,0,0,1
"6342",1,1,1,1,1,1,1,1,1,1,1,1,1,1,1,1,1,1,1,1,1
"2752",0,0,1,1,1,1,1,1,1,1,1,1,1,0,0,1,1,1,0,0,1
"102724560",0,0,1,0,1,1,0,1,0,1,0,1,1,1,0,1,1,1,0,0,1
"1800",1,1,0,0,1,1,0,1,0,0,1,1,0,0,1,0,0,1,1,0,1
"249",0,0,0,0,0,0,0,0,0,0,0,0,0,0,0,0,0,0,0,0,0
"9056",1,0,0,1,1,1,0,0,1,0,1,0,1,0,1,1,1,1,0,1,0
"2762",1,1,1,0,0,1,1,0,1,1,0,1,0,1,0,0,0,1,0,0,1
"10558",0,1,1,1,0,1,1,0,1,0,1,0,1,0,1,1,0,1,0,1,0
"2643",1,1,1,1,1,1,1,1,1,1,1,1,1,1,1,1,1,1,1,1,1
"22934",1,1,1,1,0,1,1,1,1,1,1,1,1,1,1,1,1,1,1,1,1
"761",0,0,0,0,0,0,0,0,0,0,0,0,0,0,0,0,0,0,0,0,0
"51292",1,1,1,1,1,1,1,1,1,1,0,1,1,1,1,1,1,1,1,1,1
"55304",0,0,0,0,0,0,0,0,0,0,0,0,0,0,0,0,0,0,0,0,0
"766",0,0,0,1,1,0,1,0,0,0,1,1,0,1,1,1,1,0,0,1,0
"9517",0,1,0,1,1,0,0,0,1,1,0,1,0,1,0,1,0,0,1,0,1
"2098",1,1,1,1,1,1,1,1,1,1,1,1,1,1,1,1,1,1,1,1,1
"8879",1,1,0,0,0,1,1,0,1,0,1,0,1,0,1,1,0,1,0,1,0
"2766",0,0,1,0,1,1,0,0,1,0,0,0,1,0,0,0,0,0,1,0,1
"771",1,0,0,1,1,1,1,0,0,0,0,1,1,0,0,0,1,1,0,0,1
"4284",0,0,1,0,0,0,1,0,1,0,0,1,1,1,1,1,0,0,1,1,0
"57571",0,0,0,0,0,1,0,1,1,0,0,1,1,1,1,0,1,0,1,0,1
"8869",0,0,0,0,1,1,1,0,0,1,0,1,0,1,0,1,0,0,1,0,1
"362",1,1,1,0,1,0,1,0,1,0,1,0,1,0,1,1,1,1,0,0,1
"358",0,0,0,0,1,0,1,0,0,0,1,0,0,0,1,0,0,1,1,0,1
"8833",1,1,1,1,1,1,1,1,1,1,1,1,1,1,1,1,1,1,1,1,1
"641371",0,0,0,1,1,0,1,0,1,1,0,1,0,1,0,0,1,1,0,0,1
"361",0,0,0,0,0,0,0,0,0,0,0,0,0,0,0,0,0,0,0,0,0
"5538",1,1,1,1,1,1,1,1,1,1,1,1,1,1,1,1,1,1,1,1,1
"56848",1,0,0,1,1,0,0,1,0,1,0,1,0,1,0,1,0,0,1,0,1
"359",0,0,0,0,1,0,1,1,0,0,1,0,1,0,1,0,0,1,0,1,0
"8877",1,0,0,0,0,1,0,0,0,0,1,0,1,0,1,0,1,1,0,1,0
"3145",0,1,0,0,0,1,0,0,1,0,1,1,0,0,1,1,0,0,1,1,0
"9374",1,0,0,0,1,0,1,0,1,0,1,0,1,0,1,0,0,1,0,1,0
"11332",0,1,1,1,1,1,1,0,1,1,1,1,1,0,0,1,1,1,1,0,1
"586",0,0,1,1,1,1,0,1,0,0,1,1,1,0,1,0,1,1,0,1,0
"55825",0,0,1,1,1,0,0,1,1,1,0,1,0,1,0,0,1,1,0,1,0
"130752",0,0,0,0,0,0,0,0,0,0,0,0,0,0,0,0,0,0,0,0,0
"51102",0,0,1,0,0,1,0,0,0,0,1,0,1,0,1,0,0,1,0,1,0
"3615",1,1,1,1,1,1,1,1,1,1,1,1,1,1,1,1,1,1,1,1,1
"3614",0,1,0,0,1,0,1,1,0,1,1,0,0,0,1,0,0,1,1,1,0
"37",1,1,1,1,1,1,1,1,1,1,1,1,1,1,1,1,1,1,1,1,1
"55512",1,1,0,1,0,0,1,1,0,1,1,0,0,0,1,1,0,1,1,1,0
"55627",1,1,1,1,1,1,1,1,1,1,1,1,1,1,1,1,1,1,1,1,1
"33",0,0,0,0,0,0,0,0,0,0,0,0,0,0,0,0,0,0,0,0,0
"682",1,1,1,1,1,1,1,1,1,1,1,1,1,1,1,1,1,1,1,1,1
"132158",1,1,1,1,1,0,0,1,1,0,1,0,1,0,1,0,0,1,1,0,1
"339221",0,0,0,0,0,0,1,1,0,1,1,1,0,0,1,1,0,1,0,0,1
"6609",1,0,0,1,1,0,1,0,0,1,0,1,0,1,0,1,0,0,1,0,1
"641649",0,0,0,0,0,0,1,1,0,1,1,0,0,1,1,1,1,1,0,0,1
"4351",0,0,1,0,0,0,1,1,0,1,1,0,0,0,1,0,1,1,0,0,1
"23475",0,0,0,1,1,1,1,0,0,1,0,1,1,1,0,0,1,1,0,0,1
"6610",0,0,0,1,1,0,1,1,0,0,0,1,0,1,0,1,0,0,1,1,0
"100287639",NA,NA,NA,NA,NA,NA,NA,NA,NA,NA,NA,NA,NA,NA,NA,NA,NA,NA,NA,NA,NA
"259230",0,1,0,1,0,1,1,0,1,0,0,1,1,1,1,0,0,0,1,1,0
"93100",1,1,1,1,1,0,1,1,0,1,0,1,0,1,1,0,1,1,0,0,1
"441024",0,0,0,0,0,0,0,0,0,0,0,0,0,0,0,0,0,0,0,0,0
"50484",1,1,1,1,1,1,0,0,1,0,0,0,1,1,1,0,0,1,1,1,0
"65220",0,1,0,1,0,0,0,1,1,1,1,1,0,0,1,0,0,1,1,0,1
"6241",1,1,1,1,1,1,1,1,1,1,1,1,1,1,1,1,1,1,1,1,1
"116369",0,0,0,0,0,0,0,0,0,0,0,0,0,0,0,0,0,0,0,0,0
"115111",0,0,0,0,0,0,0,0,0,0,0,0,0,0,0,0,0,0,0,0,0
"389015",0,0,0,0,0,0,0,0,0,0,0,0,0,0,0,0,0,0,0,0,0
"6240",1,1,1,1,1,1,1,1,1,1,1,1,1,1,1,1,1,1,1,1,1
"6553",0,1,1,1,0,1,0,0,1,0,0,1,1,0,1,1,1,1,0,1,0
"3156",1,1,1,1,1,1,1,1,1,1,1,1,1,1,1,1,1,1,1,1,1
"284129",1,1,1,1,1,1,0,1,0,1,0,1,0,1,1,1,1,0,1,1,0
"2821",1,1,1,1,1,1,1,1,1,1,1,1,1,1,1,1,1,1,1,1,1
"115019",0,0,0,0,0,0,0,0,0,0,0,0,0,0,0,0,0,0,0,0,0
"5230",1,1,1,1,1,1,1,1,1,1,1,1,1,1,1,1,1,1,1,1,1
"79966",0,0,1,1,0,0,1,1,0,0,1,0,0,0,0,1,1,0,0,1,0
"5232",0,0,0,0,0,0,0,0,0,0,0,0,0,0,0,0,0,1,0,0,0
"375056",1,0,0,1,1,1,0,0,1,1,1,0,0,1,0,1,0,0,1,0,1
"10588",1,0,0,1,1,1,0,0,1,1,1,0,0,1,0,1,1,0,1,1,0
"5236",1,1,1,1,1,1,1,1,1,1,1,1,1,1,1,1,1,1,1,1,1
"26266",1,0,0,0,0,0,0,1,0,0,0,1,0,0,1,0,1,0,1,1,0
"84890",1,1,1,1,1,1,1,1,1,0,1,0,1,0,1,1,1,1,1,1,1
"55276",1,1,1,1,1,1,0,1,1,1,1,0,1,0,0,0,1,1,1,1,0
"6646",0,1,1,1,0,1,1,0,1,1,1,1,0,1,1,1,1,1,1,0,1
"5372",0,0,1,0,1,0,1,1,1,1,0,1,0,1,0,1,1,1,0,1,0
"6649",1,0,0,0,1,0,1,1,0,0,1,1,1,0,1,0,1,0,0,1,0
"55229",1,1,1,1,1,1,1,0,1,1,0,1,0,1,0,1,1,1,1,1,0
"5373",1,1,0,0,0,1,1,0,0,0,1,0,1,0,1,1,0,0,1,1,0
"79646",1,1,1,1,0,1,1,1,1,0,1,1,0,1,1,1,1,1,1,1,1
"80025",1,0,1,0,0,1,1,0,1,1,0,0,1,0,0,0,1,0,1,1,0
"53354",1,1,1,1,1,1,1,0,1,1,0,1,0,1,0,0,1,1,1,1,0
"6648",0,1,1,1,0,1,0,0,1,0,1,0,1,0,1,1,1,1,0,1,0
"6647",1,1,1,1,1,1,1,1,1,1,1,1,1,1,1,1,1,1,1,1,1
"6697",1,1,1,0,0,1,0,0,1,0,1,1,1,0,1,0,0,1,1,0,1
"6611",1,1,1,1,1,1,1,1,1,1,1,1,1,1,1,1,1,1,1,1,1
"83594",0,0,0,0,0,0,0,0,0,0,0,0,0,0,0,0,0,0,0,0,0
"7263",1,1,0,1,1,1,1,0,1,1,0,1,1,1,0,0,0,1,1,0,1
"26275",0,1,1,1,0,1,1,0,1,0,1,0,1,0,1,0,1,1,1,1,0
"6723",1,1,1,1,1,1,1,1,1,1,1,1,1,1,1,1,1,1,1,1,1
"6713",0,1,1,1,1,1,1,1,1,1,1,1,1,1,1,1,1,1,1,1,1
"2222",1,1,1,1,1,1,1,1,1,1,1,1,1,1,1,1,1,1,1,1,1
"210",0,0,0,1,1,0,1,0,0,1,0,1,1,1,0,0,1,0,0,1,0
"29920",1,1,1,1,1,1,1,0,0,1,1,0,0,0,0,0,0,1,1,1,0
"6715",1,1,1,1,0,1,1,0,1,0,1,0,1,0,0,0,0,1,1,1,0
"60490",0,1,0,1,1,0,1,0,1,0,0,1,0,1,1,1,0,0,1,1,0
"6716",0,0,0,0,0,0,0,0,0,0,0,0,0,0,0,0,0,0,0,0,0
"79717",1,1,1,1,1,1,1,1,1,1,1,1,1,1,1,1,1,1,1,1,1
"15",0,1,1,1,0,0,0,1,0,0,0,1,0,1,0,0,1,1,0,0,1
"7389",0,0,1,0,1,1,0,1,0,1,0,1,0,1,0,1,0,1,0,0,1
"58510",0,0,0,1,1,0,1,1,0,0,1,0,0,0,1,0,0,1,1,0,1
"1595",0,1,1,1,1,1,1,1,1,1,1,1,0,1,1,1,1,1,0,0,1
"130367",1,1,1,1,1,1,0,1,1,0,1,0,1,0,1,1,1,1,0,0,1
"6532",0,0,0,0,0,0,0,0,0,0,0,0,0,0,0,0,0,0,0,0,0
"153201",0,0,0,0,0,0,0,0,0,0,0,0,0,0,0,0,0,0,0,0,0
"10478",1,1,1,1,0,1,1,0,1,0,1,0,1,0,1,0,0,1,1,0,1
"221823",0,0,0,0,0,0,0,0,0,0,0,0,0,0,0,0,0,0,0,0,0
"23443",1,1,1,0,0,1,1,0,1,1,1,1,1,0,0,1,1,1,0,1,0
"5634",1,1,1,1,1,1,1,1,1,1,1,1,1,1,1,1,1,1,1,1,1
"64240",0,0,0,0,0,0,0,0,0,0,0,0,0,0,0,0,0,0,0,0,0
"6487",0,0,0,0,0,0,1,1,1,1,1,1,1,0,0,0,0,1,1,1,0
"5631",1,1,1,1,1,1,1,1,1,1,1,1,1,1,1,1,1,1,1,1,1
"29968",0,1,1,1,1,1,1,1,1,1,1,1,1,1,1,1,1,1,1,1,1
"64241",0,0,0,0,0,0,0,0,0,0,0,0,0,0,0,0,0,0,0,0,0
"284111",1,1,1,1,1,0,0,1,0,0,1,1,0,0,1,0,1,0,1,0,1
"8781",1,0,0,1,0,0,0,0,0,0,0,0,0,0,0,1,1,0,0,0,0
"8435",0,0,0,0,1,0,0,1,0,0,0,0,1,0,1,1,0,0,0,1,0
"5723",1,0,0,1,0,1,0,1,1,1,0,1,0,0,0,1,1,0,0,0,1
"3988",0,0,1,1,1,0,0,0,1,1,0,1,0,1,0,1,1,0,0,0,1
"55312",1,1,0,1,0,1,1,0,1,0,1,0,1,0,1,1,0,0,1,1,1
"6888",1,1,1,1,1,1,1,1,1,1,1,1,1,1,1,1,1,1,1,1,1
"79896",0,0,0,0,0,0,1,0,1,1,1,0,0,0,1,0,1,1,0,0,1
"8277",1,0,1,0,1,1,1,0,0,0,0,1,1,1,0,0,0,0,1,0,1
"768",1,1,0,0,0,0,1,1,0,0,1,1,0,0,1,1,1,1,0,1,0
"84076",0,0,0,0,0,0,0,0,0,0,0,0,0,0,0,0,0,0,0,0,0
"762",0,1,0,1,1,0,1,1,0,0,1,0,1,0,1,0,1,1,1,0,1
"765",1,0,0,0,0,0,1,0,1,0,0,1,1,0,0,0,0,1,1,0,1
"7086",1,1,1,1,1,1,1,1,1,1,1,1,1,1,1,1,1,1,1,1,1
"10402",0,0,0,0,0,0,0,0,0,0,0,0,0,0,0,0,0,0,0,0,0
"27010",0,0,1,1,0,1,0,0,1,1,0,1,0,1,0,1,1,1,0,1,0
"286016",0,0,0,0,0,0,0,0,0,0,0,0,0,0,0,0,0,0,0,0,0
"10610",0,1,0,0,1,1,0,1,0,0,1,1,1,1,1,1,1,0,1,0,1
"23632",1,0,0,0,1,0,0,1,0,0,0,1,1,1,1,0,0,1,1,0,1
"7167",1,1,1,1,1,1,1,1,1,1,1,1,1,1,1,1,1,1,1,1,1
"760",0,0,1,0,0,1,0,0,1,0,1,0,1,0,1,1,1,1,0,1,0
"256435",0,0,0,0,0,0,0,0,0,0,0,0,0,0,0,0,0,0,0,0,0
"2582",0,1,1,0,0,1,0,1,0,0,1,0,1,0,1,1,1,1,0,0,1
"30815",0,0,0,0,0,1,0,1,0,1,0,1,0,1,0,1,1,0,0,1,0
"81849",0,0,0,0,0,0,0,0,0,0,0,0,0,0,0,0,0,0,0,0,0
"767",1,0,0,0,0,0,0,0,0,0,0,0,0,0,0,0,0,0,0,1,0
"759",0,0,0,0,0,0,0,0,0,0,0,0,0,0,0,0,0,0,0,0,0
"91373",0,0,1,1,0,1,1,1,0,1,0,1,0,1,0,0,1,1,0,0,1
"377677",0,0,0,0,0,0,0,0,0,0,0,0,0,0,0,0,0,0,0,0,0
"31",1,1,1,0,0,1,0,1,0,0,1,0,1,0,1,1,0,1,0,0,1
"6675",1,1,1,1,0,1,1,1,1,0,1,0,1,0,1,1,1,1,1,1,1
"6556",0,1,1,1,1,0,0,1,1,0,1,1,1,0,0,1,0,0,1,1,0
"7390",1,0,1,1,0,0,1,1,0,1,1,1,0,0,0,0,1,0,1,1,0
"6563",0,0,0,0,0,0,0,0,0,0,0,0,0,1,0,0,0,0,0,0,0
"8170",1,0,0,1,0,1,1,1,0,0,1,1,1,1,0,0,1,0,1,1,0
"6568",0,0,0,0,0,0,0,0,0,0,0,0,0,0,0,0,0,0,0,0,0
"374569",0,0,0,0,0,0,0,0,0,0,0,0,0,0,0,0,0,0,0,0,0
"7779",1,1,0,1,0,1,0,0,0,0,1,0,1,0,1,0,0,0,1,0,1
"54020",1,0,1,0,1,1,0,0,1,0,0,0,0,1,1,0,1,1,0,0,1
"100507855",1,1,1,0,0,1,0,0,0,0,1,0,0,0,1,1,1,1,0,1,0
"285440",1,1,1,1,1,1,1,0,0,1,0,1,0,1,0,1,0,0,1,1,0
"55191",1,0,0,0,1,1,0,1,0,1,0,0,0,1,1,0,1,1,0,1,0
"132",0,1,1,1,0,0,1,0,1,1,0,0,0,1,0,0,1,1,0,0,1
"97",0,1,1,1,1,1,1,0,1,1,0,1,0,1,1,1,1,1,0,1,0
"98",1,0,0,1,0,1,0,0,1,1,0,1,0,1,0,0,0,1,1,0,1
"112611",1,0,1,0,0,1,1,0,1,0,0,0,1,1,1,1,1,1,0,1,0
"51005",0,0,0,1,1,1,0,1,0,1,0,1,0,1,0,0,0,1,1,0,1
"471",1,1,1,1,1,1,1,1,1,1,1,1,1,1,1,1,1,1,1,1,1
"435",0,1,1,0,1,0,0,1,0,0,0,1,1,1,0,1,0,1,0,1,0
"171425",0,0,0,0,0,1,1,0,1,1,0,1,0,1,0,0,1,1,0,1,0
"132789",0,0,0,0,0,1,1,0,1,0,0,1,1,1,1,0,1,0,1,0,1
"10007",1,1,1,1,0,1,1,0,1,1,1,0,0,0,1,1,1,1,1,1,1
"2585",0,0,1,0,1,1,1,0,1,1,0,1,1,1,0,1,1,0,0,0,1
"2584",0,0,1,0,0,0,1,1,0,1,0,1,1,1,0,0,1,1,0,0,1
"2592",0,0,1,0,1,0,1,1,0,1,0,1,0,1,0,0,0,1,0,1,0
"5471",0,1,1,1,0,1,0,0,1,0,1,0,1,0,1,1,0,0,0,1,0
"84264",0,0,0,0,0,0,0,1,0,1,1,0,0,0,0,0,0,1,0,0,1
"3034",1,0,1,1,0,0,1,0,0,0,1,0,0,1,1,1,0,0,0,1,0
"144193",0,0,0,0,0,0,0,0,0,0,0,0,0,0,0,0,0,0,0,0,0
"2739",1,1,1,1,1,1,1,1,1,1,1,1,1,1,1,1,1,1,1,1,1
"8776",0,1,1,1,1,1,1,1,1,1,1,1,0,0,1,1,1,1,1,1,1
"3612",1,1,1,1,1,1,1,1,1,1,1,1,1,1,1,1,1,1,1,1,1
"3613",0,1,1,0,0,0,1,0,1,1,0,1,0,1,0,0,1,1,0,0,1
"2978",1,1,1,0,1,1,1,0,0,0,1,1,1,0,0,1,1,1,0,1,0
"4953",1,1,1,1,1,1,1,1,1,1,1,1,1,1,1,1,1,1,1,1,1
"5213",0,1,1,0,0,1,0,0,1,0,0,1,0,1,0,1,1,1,0,1,0
"5214",1,1,1,1,1,1,1,1,1,1,1,1,1,1,1,1,1,1,1,1,1
"10050",1,0,1,0,1,1,0,1,0,0,0,1,1,1,0,1,1,1,0,0,1
"10786",0,0,0,0,0,0,0,0,0,0,0,0,0,0,0,1,0,0,0,0,0
"10246",0,0,0,0,0,0,0,0,0,0,0,0,0,0,0,0,0,0,0,0,0
"6569",0,0,0,1,1,0,0,1,0,1,1,0,0,0,0,0,0,1,1,0,1
"10568",0,0,0,0,0,0,0,0,0,0,0,0,0,0,0,0,0,0,0,0,0
"5198",1,1,1,1,0,1,0,1,0,0,1,0,1,0,1,0,0,0,1,1,0
"113675",0,0,0,0,0,0,0,0,0,0,0,0,0,0,0,0,0,0,0,0,1
"7298",1,1,1,1,1,1,1,1,1,1,1,1,1,1,1,1,1,1,1,1,1
"215",0,0,1,0,1,0,0,1,0,1,0,1,0,0,0,0,0,1,1,0,1
"5825",0,1,1,1,0,1,1,0,1,1,1,0,1,0,0,0,0,1,1,1,0
"641372",0,0,0,0,0,0,0,0,0,0,0,0,0,0,0,0,0,0,0,0,0
"9045",1,1,1,1,1,1,1,1,1,1,1,1,1,1,1,1,1,1,1,1,1
"4017",0,1,0,1,1,1,1,0,0,1,1,0,1,0,0,1,1,0,1,1,0
"84105",1,1,1,1,1,1,1,0,1,1,0,0,1,1,0,0,0,1,1,1,0
"25830",0,0,0,1,1,0,0,1,1,0,1,1,0,0,1,0,1,0,0,0,1
"84569",0,0,0,0,0,0,0,0,0,0,0,0,0,0,0,0,0,0,0,0,0
"4025",0,0,0,0,0,0,0,0,0,0,0,1,0,0,0,0,0,0,0,0,0
"54995",0,1,1,0,0,1,1,0,0,0,1,0,1,0,1,1,1,1,0,1,0
"93492",0,0,0,0,0,0,0,0,0,0,0,0,0,0,0,0,0,0,0,0,0
"1267",1,0,0,1,1,1,0,1,0,0,0,1,1,1,0,0,1,1,1,0,1
"10249",0,0,0,0,0,1,1,0,0,0,0,0,0,0,0,0,0,0,0,0,0
"1549",0,0,0,0,1,1,0,1,0,0,1,0,1,0,1,1,0,0,1,0,1
"1580",0,0,0,0,0,0,0,0,0,0,0,0,0,0,0,0,0,0,0,0,0
"1573",1,0,0,0,0,1,1,0,1,1,0,1,0,0,0,1,1,1,0,1,0
"29785",0,0,0,0,0,1,0,1,0,0,1,1,1,0,0,0,1,0,1,0,1
"199974",0,0,0,0,0,0,0,0,0,0,0,0,0,0,0,0,0,0,0,0,0
"57834",0,0,0,0,0,0,0,0,0,0,0,0,0,0,0,0,0,0,0,0,0
"1555",0,0,0,0,0,0,0,0,0,0,0,0,0,0,0,0,0,0,0,1,0
"260293",0,0,0,0,0,0,0,0,0,0,0,0,0,0,0,0,0,0,0,0,0
"1215",0,0,0,0,0,0,0,0,0,0,0,0,0,0,0,0,0,0,0,0,0
"57094",0,0,0,0,0,0,0,0,0,0,0,0,0,0,0,0,0,0,0,0,0
"1357",0,0,0,0,0,0,0,0,0,0,0,0,0,0,0,0,0,0,0,0,0
"1358",0,0,0,0,0,0,0,0,0,0,1,1,1,0,1,0,0,0,0,0,0
"93979",0,0,0,0,0,0,1,1,0,1,1,1,0,0,0,1,0,0,0,0,0
"23430",0,0,1,1,1,0,0,1,0,0,1,1,1,0,0,0,0,1,0,0,1
"7384",1,1,1,1,1,1,1,1,1,1,1,1,1,1,1,1,1,1,1,1,1
"7388",1,1,1,1,1,1,1,1,1,1,1,1,1,1,1,1,1,1,1,1,1
"7386",1,1,1,1,1,1,1,1,1,1,1,1,1,1,1,1,1,1,1,1,1
"29796",1,1,1,1,1,1,1,1,1,1,1,1,1,1,1,1,1,1,1,1,1
"7385",1,1,1,1,1,1,1,1,1,1,1,1,1,1,1,1,1,1,1,1,1
"1537",1,1,1,1,1,1,1,1,1,1,1,1,1,1,1,1,1,1,1,1,1
"9481",0,0,0,0,0,0,0,0,0,0,0,0,0,0,0,0,0,0,0,0,0
"9016",0,1,0,1,1,1,1,0,1,1,0,1,0,1,0,0,1,1,1,1,0
"7352",1,0,0,1,1,1,0,1,1,1,0,1,1,0,0,1,0,1,1,0,1
"7351",1,1,1,1,1,1,1,1,1,1,1,1,1,1,1,1,1,1,1,1,1
"4726",1,1,1,1,1,1,1,1,1,1,1,1,1,1,1,1,1,1,1,1,1
"4729",1,1,1,1,1,1,1,1,1,1,1,1,1,1,1,1,1,1,1,1,1
"4541",1,1,1,1,1,1,0,1,1,1,1,0,1,1,1,1,1,0,1,1,1
"4719",0,1,1,1,1,1,1,0,0,1,0,1,1,0,0,0,0,0,1,0,1
"4713",1,1,1,1,1,1,1,1,1,1,0,1,1,1,0,1,1,1,1,1,1
"4718",1,1,1,1,1,1,1,1,1,1,1,1,1,1,1,1,1,1,1,1,1
"7991",0,0,0,0,0,0,0,0,0,0,0,0,0,0,0,0,0,0,0,0,0
"126328",1,1,1,1,1,1,0,1,0,0,1,1,1,0,1,0,1,1,1,0,1
"4539",1,1,1,1,1,1,1,1,1,1,1,1,1,1,1,1,1,1,1,1,1
"4731",0,0,0,0,0,1,0,1,0,0,1,0,1,0,1,1,0,0,1,0,1
"4694",1,1,1,1,1,1,1,1,1,1,1,1,1,1,1,1,1,1,1,1,1
"4705",0,0,1,1,1,0,0,1,1,0,1,0,0,1,1,1,0,1,0,1,0
"4704",1,1,1,1,1,1,1,1,1,1,1,1,1,1,1,1,1,1,1,1,1
"4695",1,1,1,1,1,1,1,1,1,1,1,1,1,1,1,1,1,1,1,1,1
"4696",1,1,1,1,1,1,1,1,1,1,1,1,1,1,1,1,1,1,1,1,1
"4707",1,1,1,1,1,1,1,1,1,1,1,1,1,1,1,1,1,1,1,1,1
"4711",1,1,1,1,1,1,1,1,1,1,1,1,1,1,1,1,1,1,1,1,1
"4712",1,1,1,1,1,1,1,1,1,1,1,1,1,1,1,1,1,1,1,1,1
"4702",1,1,1,1,1,1,1,1,1,1,1,1,1,1,1,1,1,1,1,1,1
"4537",1,1,1,1,1,1,1,1,1,1,1,1,1,1,1,1,1,1,1,1,1
"4710",1,1,1,1,1,1,1,1,1,1,1,1,1,1,1,1,1,1,1,1,1
"4700",1,1,1,1,1,1,1,1,1,1,1,1,1,1,1,1,1,1,1,1,1
"4538",1,1,1,1,1,1,1,1,1,1,1,1,1,1,1,1,1,1,1,1,1
"4708",1,1,1,1,1,1,1,1,1,1,1,1,1,1,1,1,1,1,1,1,1
"4709",1,1,1,1,1,1,1,1,1,1,1,1,1,1,1,1,1,1,1,1,1
"4715",1,1,1,1,1,1,1,1,1,1,1,1,1,1,1,1,1,1,1,1,1
"4535",1,1,1,1,1,1,1,1,1,1,1,1,1,1,1,1,1,1,1,1,1
"131669",0,0,0,0,0,0,0,0,0,0,0,0,0,0,0,0,0,0,0,0,0
"79644",0,1,1,0,0,1,0,0,0,0,1,0,0,0,1,1,0,0,0,1,0
"5973",1,1,0,0,0,1,1,0,1,1,0,0,0,1,0,1,0,0,1,0,1
"4698",1,1,1,1,0,1,1,0,1,0,0,1,1,1,1,1,1,1,0,1,0
"55967",1,1,1,1,1,1,1,1,1,1,1,1,1,1,1,1,1,1,1,1,1
"1646",1,0,1,1,1,1,1,0,0,1,0,1,0,0,0,0,0,1,0,1,0
"4701",1,1,1,1,1,1,1,1,1,1,1,1,1,1,1,1,1,1,1,1,1
"4540",1,1,1,1,1,1,1,1,1,1,1,1,1,1,1,1,1,1,1,1,1
"1635",1,1,1,1,1,1,1,1,1,1,1,1,1,1,1,1,1,1,1,1,1
"158160",1,1,1,1,1,1,1,1,1,1,1,1,1,1,1,1,1,1,1,1,1
"286297",0,0,0,0,0,1,0,1,0,0,1,0,0,0,1,0,0,0,0,1,0
"10560",1,1,1,0,0,1,0,0,1,0,1,0,1,0,1,0,1,1,0,0,1
"4717",1,1,1,1,1,1,1,1,1,1,1,1,1,1,1,1,1,1,1,1,1
"374291",1,1,0,1,0,1,1,1,0,1,0,1,1,0,0,0,1,1,1,0,1
"8630",0,0,1,1,0,0,1,0,1,1,0,0,0,1,0,1,1,0,0,1,0
"4724",1,1,1,1,1,1,1,1,1,1,1,1,1,1,1,1,1,1,1,1,1
"4723",1,1,1,1,1,1,1,1,1,1,1,1,1,1,1,1,1,1,1,1,1
"191",1,1,1,1,1,1,1,1,1,1,1,1,1,1,1,1,1,1,1,1,1
"10768",1,1,1,1,1,1,1,1,1,1,1,1,1,1,1,1,1,1,1,1,1
"51170",1,1,1,1,1,1,1,1,1,1,0,1,0,1,1,1,1,1,1,1,1
"51144",1,1,1,0,0,1,0,0,1,0,1,0,1,0,1,1,1,1,0,1,0
"83401",0,0,0,0,0,0,0,0,0,0,0,0,0,0,0,0,0,0,0,0,0
"25874",1,1,1,1,1,1,1,1,1,1,0,1,1,1,1,1,1,1,1,1,1
"4720",1,1,1,1,1,1,1,1,1,1,1,1,1,1,1,1,1,1,1,1,1
"79993",0,0,0,0,0,0,0,0,0,0,1,0,1,0,0,1,1,0,0,0,0
"4697",1,1,1,1,1,1,1,1,1,1,1,1,1,1,1,1,1,1,1,1,1
"4728",1,1,1,1,1,1,1,1,1,1,1,1,1,1,1,1,1,1,1,1,1
"51660",0,1,1,1,1,1,1,1,1,1,0,1,1,1,1,1,0,1,1,0,1
"64834",1,1,1,1,1,1,1,1,1,1,1,1,1,1,1,1,1,1,1,1,1
"57198",0,1,1,0,1,0,1,1,1,1,0,1,0,1,0,1,0,0,1,1,1
"4725",1,1,1,1,1,1,1,1,1,1,1,1,1,1,1,1,1,1,1,1,1
"201562",1,1,1,1,1,1,1,1,1,1,1,1,1,1,0,1,1,1,1,1,1
"5205",1,0,0,0,1,1,1,0,0,1,1,0,0,1,1,1,1,0,1,0,1
"51495",1,1,1,1,1,1,1,1,1,1,1,1,1,1,0,1,1,1,1,1,1
"23250",0,0,0,1,1,0,0,1,0,0,1,0,1,0,0,0,1,1,1,0,1
"4706",1,1,1,1,1,1,1,1,1,1,1,1,1,1,1,1,1,1,1,1,1
"9200",0,1,0,0,1,1,0,0,0,0,0,1,1,1,1,0,0,0,1,1,0
"192286",1,1,1,1,1,1,1,1,1,1,1,1,1,1,1,1,1,1,1,1,1
"286410",0,0,0,0,0,0,1,0,1,0,1,0,0,1,0,1,0,1,0,1,0
"401494",1,1,1,1,1,0,1,0,0,1,0,1,0,1,0,0,0,1,1,1,0
"5243",0,0,0,0,1,1,0,0,1,1,0,1,0,1,1,1,0,0,1,1,0
"55856",1,1,1,1,1,1,1,1,1,1,1,1,1,1,1,1,1,1,1,1,1
"9524",1,1,1,1,1,1,1,1,1,1,1,1,1,1,1,1,1,1,1,1,1
"54539",1,1,1,1,1,1,1,1,1,1,1,1,1,1,1,1,1,1,1,1,1
"7350",0,0,0,0,0,0,0,0,0,0,0,0,0,0,1,0,0,0,0,0,0
"253017",0,0,0,0,0,0,0,0,0,0,0,0,0,0,0,0,0,0,0,0,0
"4716",1,1,1,1,1,1,1,1,1,1,0,1,0,1,0,1,1,1,1,0,1
"283985",0,0,0,0,0,0,0,0,0,0,0,0,0,0,0,0,0,0,0,0,0
"3995",0,1,1,0,1,1,0,1,0,0,0,1,0,1,1,0,0,1,0,0,1
"4536",1,1,1,1,1,1,1,1,1,1,1,1,1,1,1,1,1,1,1,1,1
"26027",0,0,1,0,1,1,0,1,0,1,1,1,0,0,1,0,0,1,0,1,0
"10058",0,0,0,1,1,1,1,0,1,0,0,1,1,0,0,0,1,1,0,1,0
"1155",1,1,1,1,1,1,1,1,1,1,1,1,1,1,1,1,1,1,1,1,1
"4714",1,1,1,1,1,1,1,1,1,1,1,1,1,1,1,1,1,1,1,1,1
"4722",1,1,1,1,1,1,1,1,1,1,1,1,1,1,1,1,1,1,1,1,1
"123096",0,0,0,0,0,0,1,1,0,0,1,1,1,0,1,1,1,0,1,0,1
"51079",1,1,1,1,1,1,1,1,1,1,1,1,1,1,1,1,1,1,1,1,1
"51458",1,1,1,0,0,0,0,1,1,1,0,0,1,0,1,1,0,1,1,1,0
"948",0,0,0,0,0,0,0,0,0,0,0,0,0,0,0,0,0,0,0,0,0
"114571",0,0,0,0,0,0,0,0,0,0,0,0,0,0,0,0,0,0,0,0,0
"1339",0,0,0,0,1,1,0,1,0,1,1,1,0,1,0,0,1,1,0,0,1
"57016",0,0,0,0,0,0,0,0,0,0,0,0,0,0,0,0,0,0,0,0,0
"10928",1,1,1,0,0,1,1,0,1,1,1,1,1,1,0,1,1,1,1,0,1
"79707",1,1,1,1,0,1,1,1,1,1,1,1,1,0,1,1,1,0,1,1,1
"1728",0,0,0,1,1,1,1,0,0,1,0,1,0,1,0,0,0,1,1,0,1
"1345",1,1,1,1,1,1,1,1,1,1,1,1,1,1,1,1,1,1,1,1,1
"79672",1,1,1,1,1,1,1,1,1,1,0,1,1,1,0,1,1,1,1,1,1
"1329",1,1,1,1,1,1,1,1,1,1,1,1,1,1,1,1,1,1,1,1,1
"2946",0,0,1,0,1,1,0,1,1,0,0,1,0,1,1,0,0,1,1,1,0
"9917",0,1,1,0,0,1,0,0,1,1,1,1,0,1,0,0,0,1,1,0,1
"55331",0,0,0,0,0,0,1,0,1,1,0,1,0,1,0,1,0,0,1,0,1
"341947",0,0,0,0,0,0,0,0,0,0,0,0,0,0,0,0,0,0,0,0,0
"125965",1,1,1,1,1,0,1,1,0,0,1,1,1,0,0,0,1,1,0,0,1
"55277",0,0,0,0,1,0,0,1,1,0,0,1,1,0,0,0,1,1,0,0,1
"125981",0,0,0,0,0,0,0,0,0,0,1,0,0,0,0,0,0,0,0,0,0
"340485",0,0,0,0,0,0,0,0,0,0,0,0,0,0,0,0,0,0,0,0,0
"64122",1,0,1,1,0,1,0,1,0,0,1,1,1,0,1,0,0,1,1,1,0
"1327",1,1,1,1,1,1,1,1,1,1,1,1,1,1,1,1,1,1,1,1,1
"92370",1,1,1,1,1,0,1,0,1,1,0,1,0,1,0,0,1,1,0,1,0
"4513",1,1,1,1,1,1,1,1,1,1,1,1,1,1,1,1,1,1,1,1,1
"2760",0,0,1,1,1,1,0,1,1,1,0,1,0,1,0,0,1,1,0,0,1
"1346",0,0,0,0,1,0,0,0,0,1,1,0,0,0,0,0,1,0,0,1,0
"93650",1,1,1,1,1,0,0,1,0,1,0,1,0,0,1,0,0,1,1,0,1
"5660",1,1,1,1,1,1,1,1,1,1,1,1,1,1,1,1,1,1,1,1,1
"390928",0,0,0,0,0,0,0,0,0,0,0,0,0,0,0,0,0,0,0,0,0
"57704",1,1,1,1,1,0,0,1,0,1,0,1,1,0,0,1,0,0,1,1,0
"4759",1,1,0,1,0,0,0,1,1,1,1,0,1,0,1,0,0,1,1,1,0
"1347",1,1,1,1,1,1,1,1,1,1,1,1,1,1,1,1,1,1,1,1,1
"139596",1,1,1,1,1,1,1,0,1,1,1,0,1,0,0,1,1,1,0,1,0
"1337",1,1,1,1,1,1,1,1,1,1,1,1,1,1,1,1,1,1,1,1,1
"55066",0,1,0,0,1,0,1,1,0,0,1,0,1,0,1,1,1,0,1,1,0
"4514",1,1,1,1,1,1,1,1,1,1,1,1,1,1,1,1,1,1,1,1,1
"10825",0,1,0,1,1,0,1,1,0,0,1,0,1,0,1,1,1,0,0,0,1
"283208",0,0,0,0,0,0,0,0,0,0,0,0,0,0,1,0,0,0,0,0,0
"7903",1,1,0,1,1,1,1,1,1,1,1,1,1,1,1,1,1,1,1,1,1
"1351",1,1,1,1,1,1,1,1,1,1,1,1,1,1,1,1,1,1,1,1,1
"84701",1,1,1,1,1,1,0,0,1,0,1,0,1,0,1,1,0,1,1,0,1
"5033",1,1,1,1,1,1,1,1,1,1,1,1,1,1,1,1,1,1,1,1,1
"1350",1,1,1,1,1,1,1,1,1,1,1,1,1,1,1,1,1,1,1,1,1
"8974",1,1,0,1,0,1,0,0,1,0,0,1,1,0,1,1,1,1,0,0,1
"4512",1,1,1,1,1,1,1,1,1,1,1,1,1,1,1,1,1,1,1,1,1
"8513",0,0,0,0,0,0,0,0,0,0,0,0,0,0,0,0,0,0,0,0,0
"58478",1,1,1,1,1,1,1,1,1,1,1,1,1,1,1,1,1,1,1,1,1
"55256",1,1,1,1,0,1,1,1,1,1,0,1,0,1,1,1,1,1,1,1,1
"5408",0,0,0,0,0,0,0,0,0,0,0,0,0,0,0,0,0,0,0,0,0
"170712",0,0,0,0,0,0,0,0,0,0,0,0,0,0,0,0,0,0,0,0,0
"259307",1,1,1,1,1,1,0,0,1,0,1,0,1,0,1,1,0,1,0,1,0
"9377",1,1,1,1,1,1,1,1,1,1,1,1,1,1,1,1,1,1,1,1,1
"51312",1,1,1,0,0,1,1,0,1,1,0,0,0,0,1,1,1,0,0,1,0
"9167",1,1,1,1,1,1,1,1,1,1,1,1,1,1,1,1,1,1,1,1,1
"1340",1,1,1,1,1,1,1,1,1,1,1,1,1,1,1,1,1,1,1,1,1
"57104",1,1,1,1,1,1,1,1,1,1,1,1,1,1,1,1,1,1,1,1,1
"81894",1,1,1,1,1,1,0,1,1,0,1,0,1,0,1,1,1,1,1,1,0
"13",0,0,0,0,0,0,0,0,0,0,0,0,0,0,0,0,0,0,0,0,0
"1349",1,1,1,1,1,1,1,0,1,1,1,1,1,1,1,1,1,1,1,1,1
"29085",1,1,1,1,1,1,1,0,1,1,0,1,1,1,0,0,0,1,1,1,0
"9388",0,0,0,0,0,0,0,0,0,0,0,0,0,0,0,0,0,0,0,0,0
"5407",0,0,0,1,1,0,0,1,0,1,1,0,0,0,0,0,1,1,0,0,1
"9107",1,1,1,1,0,1,1,0,1,0,0,0,1,1,1,0,0,1,1,0,1
"22908",1,1,1,1,1,1,1,1,1,1,1,1,1,1,1,1,1,1,1,1,1
"163404",0,0,0,0,0,0,0,0,0,0,0,0,0,0,0,0,0,0,0,0,0
"3991",0,0,1,0,1,0,1,1,1,0,1,1,1,0,0,1,1,1,0,1,0
"22876",1,1,1,0,1,1,0,0,1,0,1,0,1,0,1,0,1,1,1,0,1
"221955",0,0,0,0,0,1,1,0,1,1,1,1,1,0,0,0,1,1,1,1,0
"5406",0,0,0,0,0,0,0,1,0,0,0,0,0,0,0,0,0,0,0,0,0
"9896",0,0,1,0,1,1,1,0,1,1,0,1,1,1,0,0,1,1,0,0,1
"747",0,0,0,0,1,0,0,1,0,0,1,0,0,0,1,0,1,1,0,0,1
"51559",1,1,0,0,0,1,1,0,1,0,1,0,1,0,1,1,0,0,1,1,0
"119548",0,0,0,0,0,0,0,0,0,0,0,0,0,0,0,0,0,0,0,0,0
"646486",0,0,0,0,0,0,0,0,0,0,0,0,0,0,0,0,0,0,0,0,0
"9108",0,0,0,0,0,0,0,0,0,0,0,0,0,0,0,0,0,0,0,0,0
"84814",1,1,1,1,1,1,0,1,0,0,0,1,1,0,1,1,1,1,0,1,0
"23371",1,1,0,0,1,0,0,1,0,0,1,1,1,0,0,0,0,1,1,1,0
"2167",0,0,0,0,0,0,0,0,0,0,0,0,0,0,0,0,0,0,0,0,0
"2172",0,1,0,0,1,0,0,1,0,0,1,1,0,1,0,0,1,1,0,0,1
"8446",1,1,1,1,1,1,1,1,1,1,1,1,1,1,1,1,1,1,1,1,1
"2173",0,0,0,0,0,0,0,0,0,0,0,0,0,0,0,0,0,0,0,0,0
"51496",0,0,0,0,0,0,0,1,1,1,1,1,0,1,0,0,1,1,0,0,1
"374462",NA,NA,NA,NA,NA,NA,NA,NA,NA,NA,NA,NA,NA,NA,NA,NA,NA,NA,NA,NA,NA
"2169",0,0,0,0,0,0,0,0,0,0,0,0,0,0,0,0,0,0,0,0,0
"403313",1,1,1,1,1,1,0,0,1,1,0,1,0,1,0,0,1,0,1,1,0
"23203",1,1,1,1,1,1,1,1,1,0,1,1,1,1,1,1,1,1,1,1,1
"2171",1,1,1,1,1,1,1,1,1,1,1,1,1,1,1,1,1,1,1,1,1
"145553",0,0,0,0,0,1,1,0,1,1,0,0,0,1,1,1,1,0,1,1,0
"646480",NA,NA,NA,NA,NA,NA,NA,NA,NA,NA,NA,NA,NA,NA,NA,NA,NA,NA,NA,NA,NA
"2170",0,0,0,0,0,0,0,1,0,1,1,1,0,0,1,1,0,1,0,0,1
"64419",1,1,1,1,1,1,1,1,1,1,1,1,1,1,1,1,1,1,1,1,1
"54988",0,0,0,0,0,0,0,1,0,1,1,1,0,0,0,0,0,0,0,0,0
"55613",1,1,1,0,0,0,1,0,0,0,1,1,1,0,0,1,0,1,1,0,1
"341392",NA,NA,NA,NA,NA,NA,NA,NA,NA,NA,NA,NA,NA,NA,NA,NA,NA,NA,NA,NA,NA
"138639",1,1,1,1,1,0,1,1,0,0,0,1,1,1,0,1,1,0,0,1,0
"9562",1,0,0,1,0,1,0,0,1,1,0,1,1,1,0,0,0,1,1,0,1
"123876",0,0,0,0,0,0,0,0,0,0,0,0,1,0,0,0,0,0,0,0,0
"3705",0,1,0,0,1,0,0,1,0,0,1,1,0,1,0,0,0,0,1,0,1
"6296",0,1,1,0,1,1,0,0,1,1,0,1,0,1,0,1,1,1,0,0,1
"138429",1,1,1,1,1,0,1,0,1,1,0,1,0,0,0,1,1,0,0,0,1
"348158",0,0,0,0,0,0,0,0,0,0,0,0,0,0,0,0,0,0,0,0,0
"344967",0,0,0,0,0,0,0,0,0,0,0,0,0,0,0,0,0,0,0,0,0
"10170",0,0,1,1,0,1,1,0,1,0,1,0,1,0,1,1,1,1,0,1,0
"9249",0,1,1,0,1,1,0,0,1,0,1,1,1,0,0,0,0,1,1,0,1
"220074",0,0,0,0,0,0,0,1,0,1,1,1,1,0,1,0,1,0,1,0,1
"51099",1,1,0,1,0,1,0,0,1,1,1,0,1,0,0,1,0,0,1,0,1
"154141",1,1,1,1,1,0,1,0,1,1,0,1,0,1,1,1,1,0,0,1,0
"1733",0,0,0,0,0,0,0,0,0,0,0,0,0,0,0,0,0,0,0,0,0
"253558",1,1,1,1,1,1,0,0,1,0,0,0,1,0,1,0,0,1,1,0,1
"64748",1,0,0,1,0,0,1,1,0,0,0,0,0,0,1,0,1,1,0,1,0
"23175",1,1,1,1,1,1,1,1,1,1,1,1,0,1,0,1,1,1,1,1,1
"1735",0,0,0,0,1,0,1,0,0,1,0,1,1,0,1,1,0,1,0,0,1
"1734",1,0,0,0,1,1,0,0,1,1,1,0,1,0,1,0,1,0,1,1,0
"27284",1,0,0,1,0,0,1,0,0,1,1,1,0,1,1,1,1,1,0,0,1
"6819",0,0,0,0,0,0,0,0,0,0,0,0,0,0,0,0,0,0,0,0,0
"84513",0,0,0,0,0,1,0,0,0,0,1,0,1,0,1,1,0,0,1,1,0
"79948",0,1,0,1,1,0,0,1,1,0,1,0,1,0,1,0,0,1,1,1,0
"84274",0,0,0,0,0,1,1,0,0,1,0,1,0,1,0,1,1,1,0,0,1
"9890",0,0,0,0,0,0,0,0,0,0,0,0,0,0,0,0,0,0,0,0,0
"84787",0,0,0,0,0,1,0,0,0,1,1,1,0,0,0,0,1,1,0,0,1
"79813",0,1,0,1,1,0,0,1,0,1,1,1,0,0,0,0,1,0,1,0,1
"64900",0,0,0,0,0,1,0,1,0,0,0,1,1,0,0,0,1,0,1,0,1
"9663",1,1,1,1,1,1,1,1,1,1,1,1,1,1,1,1,1,1,1,1,1
"9757",1,0,1,0,0,0,0,1,0,0,1,0,1,0,1,0,0,1,1,1,0
"196051",0,0,0,0,0,0,0,0,0,0,0,0,0,0,0,0,0,0,0,0,0
"9869",0,0,1,0,1,0,1,0,1,1,0,1,0,1,0,1,1,1,0,1,0
"85465",0,0,0,0,0,1,1,0,1,0,1,0,1,0,1,1,0,0,1,1,0
"23646",1,0,0,1,1,0,0,1,0,1,0,1,0,1,0,0,1,1,0,0,1
"122618",1,1,1,1,1,0,1,1,0,0,0,0,1,0,1,1,0,0,1,0,1
"29072",0,1,1,1,1,0,1,1,1,1,1,0,0,1,1,1,1,0,1,1,1
"201164",1,1,1,1,1,0,0,1,0,0,1,0,0,0,1,0,0,0,1,1,0
"590",0,0,0,0,0,0,0,0,0,0,0,0,0,0,0,0,0,0,0,0,0
"80854",0,0,0,0,0,1,0,0,1,0,1,0,0,0,1,1,0,1,0,0,1
"55750",1,1,1,1,1,1,1,1,1,0,1,0,1,0,1,1,1,1,1,1,1
"387893",1,1,1,1,1,1,1,1,1,1,1,1,1,1,1,1,1,1,1,1,1
"84444",0,1,0,0,1,0,0,1,0,0,1,0,1,0,1,1,0,0,1,0,1
"4297",1,1,0,0,1,0,0,1,0,1,0,1,0,1,0,0,1,0,1,1,0
"91012",1,1,1,1,1,0,1,1,0,0,0,1,1,1,0,0,1,1,0,0,1
"204219",0,0,0,0,0,0,0,0,0,0,0,0,0,0,0,0,0,0,0,0,0
"10715",0,0,0,0,1,0,0,1,1,1,1,0,0,0,0,0,1,1,1,0,1
"58508",1,1,1,1,1,0,0,1,1,1,0,1,1,0,0,1,0,0,1,0,1
"253782",1,1,0,1,0,1,1,1,1,1,1,1,1,1,1,0,1,1,1,1,1
"55870",1,1,1,1,0,0,1,1,1,1,1,1,1,1,0,1,1,0,1,1,0
"29956",1,1,1,1,1,1,1,1,1,1,1,1,1,1,1,1,1,1,1,1,1
"10919",1,1,0,0,1,0,1,1,1,1,0,1,0,1,0,0,1,0,1,0,1
"6839",0,1,1,1,1,1,1,1,1,1,0,1,1,1,0,1,1,1,1,1,1
"79603",0,0,0,1,1,0,1,1,0,1,0,1,0,1,0,0,1,1,0,0,1
"64324",1,0,0,1,1,0,0,1,0,1,1,0,0,0,0,0,0,0,1,1,0
"56624",1,1,1,1,1,1,0,0,1,0,0,1,1,1,0,1,0,1,0,1,0
"6419",1,1,0,1,0,1,1,0,0,0,1,0,0,0,1,1,0,0,1,0,1
"170384",0,0,0,0,0,1,1,1,0,1,1,0,0,0,1,1,1,1,0,1,0
"23067",1,1,1,1,1,1,1,1,1,1,1,1,1,1,1,1,1,1,1,1,1
"56886",0,1,0,1,1,0,1,1,0,1,1,1,1,0,0,1,0,1,1,1,1
"54904",1,1,1,1,1,1,1,1,1,1,1,1,1,1,0,1,1,1,1,1,1
"2526",1,1,0,0,0,0,1,1,0,1,0,0,1,1,1,0,0,1,1,0,1
"152586",0,0,0,0,0,0,0,0,0,0,0,0,0,0,0,0,0,0,0,0,0
"148789",1,1,1,1,1,1,0,0,1,1,1,0,1,0,1,0,1,1,1,1,0
"200810",0,0,0,0,0,0,0,0,0,0,0,0,0,0,0,0,0,0,0,0,0
"55624",1,1,0,1,0,0,0,1,0,0,1,1,1,0,0,1,0,1,1,1,0
"64754",0,0,1,0,0,1,1,0,1,1,0,1,0,1,1,1,1,1,0,0,1
"56983",1,1,0,1,0,1,1,0,1,0,1,0,1,0,1,0,0,0,1,1,0
"79723",0,1,0,0,0,1,1,0,1,1,1,0,1,0,0,1,0,0,1,1,0
"644378",NA,NA,NA,NA,NA,NA,NA,NA,NA,NA,NA,NA,NA,NA,NA,NA,NA,NA,NA,NA,NA
"55904",1,1,1,1,1,0,1,1,1,1,1,1,1,1,1,1,1,1,1,1,1
"644974",NA,NA,NA,NA,NA,NA,NA,NA,NA,NA,NA,NA,NA,NA,NA,NA,NA,NA,NA,NA,NA
"8702",0,0,1,0,0,1,0,0,1,0,1,0,1,0,1,1,1,1,0,1,0
"9739",1,1,0,1,0,0,0,1,0,0,1,0,1,0,1,0,0,1,1,0,1
"8473",1,1,1,1,1,1,1,1,1,1,1,1,1,1,1,1,1,1,1,1,1
"55830",1,1,1,1,1,1,1,1,1,1,1,1,1,1,1,1,1,1,1,1,1
"7468",0,0,1,1,1,0,0,1,0,1,0,1,1,0,0,0,1,1,0,1,0
"3703",1,1,1,1,1,1,1,1,1,1,1,1,1,1,1,1,1,1,1,1,1
"83852",1,1,1,1,1,1,1,0,1,1,1,0,0,1,1,1,1,0,0,1,0
"8085",0,1,0,0,1,0,0,1,0,1,1,0,0,1,0,1,0,0,1,1,0
"283358",1,1,1,1,1,1,0,0,1,1,1,0,0,0,1,1,0,0,1,0,1
"51111",1,0,0,0,0,0,1,0,1,1,1,0,0,1,0,1,0,0,1,1,0
"55757",0,0,0,0,0,0,0,0,0,0,0,0,0,0,0,0,0,0,0,0,0
"60559",1,1,1,1,1,1,1,1,1,1,1,1,1,1,1,1,1,1,1,1,1
"23478",1,1,1,1,1,1,1,1,1,1,1,1,1,1,1,1,1,1,1,1,1
"146664",0,0,0,0,0,0,1,1,0,0,0,1,1,1,0,0,1,0,0,0,1
"28972",1,1,1,1,1,1,1,1,1,1,1,1,1,1,1,1,1,1,1,1,1
"2529",0,0,0,1,1,0,0,1,1,1,0,1,0,0,0,0,0,1,1,0,1
"360203",0,0,0,0,0,0,0,0,0,0,0,0,0,0,0,0,0,0,0,0,0
"90701",0,0,0,0,0,1,0,1,0,0,1,0,1,0,1,1,0,0,1,0,1
"9789",1,1,1,1,1,1,1,1,1,1,1,1,1,1,1,1,1,1,1,1,1
"57171",1,0,0,1,1,1,1,0,1,1,0,1,0,1,0,0,0,1,1,0,1
"4249",1,0,1,0,1,1,1,0,0,1,1,0,1,0,0,1,0,1,0,0,1
"25834",0,0,0,0,0,0,0,0,0,0,0,0,0,0,0,0,0,0,0,0,0
"7837",1,1,0,0,1,0,1,1,0,0,1,0,0,1,1,0,0,1,1,0,1
"140687",0,0,0,0,0,0,0,0,0,0,0,0,0,0,0,0,0,0,0,0,0
"137902",0,0,0,0,0,0,0,0,0,0,0,0,0,0,0,0,0,0,0,0,0
"8708",0,0,0,0,0,0,0,1,0,0,0,0,0,0,0,0,0,0,0,0,0
"9677",0,0,1,1,1,0,0,1,0,1,0,1,0,1,0,0,0,1,1,1,0
"23262",1,1,1,1,1,1,1,1,1,1,1,0,1,1,1,1,1,1,1,1,1
"201595",1,1,1,1,1,1,1,1,1,1,1,1,1,1,1,1,1,1,1,1,1
"26007",0,0,1,0,1,1,0,1,0,1,1,0,0,1,0,0,1,1,0,1,0
"83468",0,0,0,0,0,0,0,0,0,0,0,0,0,0,0,0,0,0,0,0,0
"158584",1,1,1,1,1,1,1,0,1,0,0,1,0,1,0,0,1,0,0,1,0
"84752",1,1,1,1,1,0,1,0,0,1,0,1,1,1,1,1,1,1,0,0,1
"283209",1,1,1,1,1,1,0,0,1,1,0,1,0,1,1,1,0,0,1,0,1
"145173",0,0,0,0,0,1,1,0,1,1,1,1,1,0,0,0,1,0,1,0,1
"23491",0,0,1,0,1,1,1,0,0,0,1,0,0,1,1,1,0,1,0,0,1
"124872",0,0,0,0,0,0,0,0,0,0,0,0,0,0,0,0,0,0,0,0,0
"84750",0,0,0,0,0,1,0,0,1,1,1,1,1,0,0,1,0,0,1,0,1
"221223",0,0,0,0,0,0,0,0,0,0,0,0,0,0,0,0,0,0,0,0,0
"338707",0,0,0,0,0,0,0,0,0,0,0,0,0,0,0,0,0,1,0,0,0
"1066",0,1,1,1,0,1,0,1,1,0,0,0,1,1,1,0,0,0,1,1,0
"1208",1,1,0,1,0,1,0,1,0,1,0,1,0,0,1,1,0,0,1,1,0
"146802",0,0,0,0,0,0,0,0,0,0,0,0,0,0,0,0,0,0,0,0,0
"168391",0,0,0,0,0,0,0,0,0,0,0,0,0,0,0,0,0,0,0,0,0
"55244",0,0,0,0,0,0,0,0,0,0,0,0,0,0,0,0,0,0,0,0,0
"345274",0,0,0,0,0,0,0,0,0,0,0,0,0,0,0,0,0,0,0,0,0
"116085",1,1,1,1,1,0,1,1,0,0,1,1,0,1,1,1,1,0,1,1,0
"8707",0,0,0,0,0,0,0,0,0,0,0,0,0,0,0,0,0,0,0,0,0
"123688",0,0,0,0,0,0,0,0,0,0,0,0,0,0,0,0,0,0,0,0,0
"51228",1,1,0,1,0,1,1,0,1,1,1,1,0,0,0,0,1,1,1,0,1
"51171",0,1,0,1,0,0,0,1,0,0,0,1,0,1,0,0,1,1,0,0,1
"284004",1,1,1,1,1,0,1,0,0,1,0,1,0,1,0,1,0,0,0,1,0
"79411",1,1,0,0,0,1,1,0,0,0,1,1,0,1,0,0,1,0,1,1,0
"51741",0,0,1,1,0,0,1,0,1,1,0,1,0,0,0,1,1,0,0,0,1
"27090",0,1,0,0,1,1,0,1,0,1,0,1,1,0,0,1,0,0,1,1,0
"129807",0,0,0,0,0,1,0,1,0,0,1,0,1,0,1,0,0,1,0,0,1
"441282",NA,NA,NA,NA,NA,NA,NA,NA,NA,NA,NA,NA,NA,NA,NA,NA,NA,NA,NA,NA,NA
"2524",0,1,0,0,1,1,0,1,0,0,1,0,1,0,1,0,1,1,1,0,1
"10202",1,0,0,0,0,0,1,1,0,0,1,0,0,0,0,1,0,1,1,0,1
"2527",0,0,0,0,1,0,0,1,0,1,1,1,1,0,1,0,1,1,1,1,0
"10553",1,1,1,1,1,1,1,0,1,1,0,1,0,1,0,1,1,1,0,1,1
"121214",0,0,0,0,0,0,0,0,0,0,0,0,0,0,0,0,0,0,0,0,0
"374875",1,1,1,1,1,0,0,1,1,0,0,0,1,0,1,0,1,1,0,0,1
"2528",0,1,0,0,1,0,1,0,1,1,0,1,1,0,0,0,0,1,0,0,1
"113612",0,0,0,0,0,0,0,0,0,0,0,0,0,0,0,0,0,0,0,0,0
"56898",0,1,1,0,1,0,0,0,1,1,0,1,0,1,1,1,1,1,0,1,0
"493869",0,0,0,0,0,0,0,0,0,0,0,0,0,0,0,0,0,0,0,0,0
"1487",1,1,1,1,1,1,1,1,1,1,1,1,1,1,1,1,1,1,1,1,1
"64174",1,0,0,0,1,0,1,1,0,1,0,1,0,1,0,1,0,0,1,1,0
"100288072",0,0,0,0,0,0,0,0,0,0,0,0,0,0,0,0,0,0,0,0,0
"64180",1,0,1,0,0,0,1,1,0,1,1,0,0,1,1,1,1,1,0,1,0
"93517",1,1,1,1,1,1,1,0,0,0,0,0,0,1,1,1,1,0,0,1,0
"10728",1,1,1,1,1,1,1,1,1,1,1,1,1,1,1,1,1,1,1,1,1
"84869",0,1,1,0,0,1,1,0,1,1,0,0,0,1,0,1,0,1,0,0,1
"340811",0,0,0,0,0,0,0,0,0,0,0,0,0,0,0,0,0,0,0,0,0
"91179",1,1,1,1,1,0,1,1,0,1,1,1,0,0,1,1,1,1,0,0,1
"133121",0,0,0,0,0,0,1,0,0,0,0,1,1,0,0,0,0,0,0,0,0
"11102",1,1,0,0,0,1,1,0,1,0,1,0,1,0,1,1,0,0,1,0,1
"85007",0,0,0,0,0,1,1,0,1,1,0,1,0,1,1,1,1,0,0,1,0
"250",0,1,0,0,1,0,1,1,0,0,1,0,0,1,1,1,0,1,0,0,1
"8644",1,0,1,0,0,0,1,0,0,1,0,1,0,1,0,0,0,1,1,1,0
"10826",0,1,1,0,1,0,0,0,1,0,0,1,1,0,0,0,1,0,1,1,0
"251",0,1,0,0,1,0,1,1,0,0,1,0,0,0,1,0,0,1,0,0,1
"266740",0,0,0,0,0,0,0,0,0,0,0,0,0,0,0,0,0,0,0,0,0
"200931",0,0,0,0,0,0,0,0,0,0,0,0,0,0,0,0,0,0,0,0,0
"3930",1,1,1,1,1,1,1,1,1,1,1,1,1,1,1,1,1,1,1,1,1
"123264",0,0,0,0,0,0,0,0,0,0,0,0,0,0,0,0,0,0,0,0,0
"10941",0,0,0,0,0,0,0,0,0,0,0,0,0,0,0,0,0,0,0,0,0
"79799",0,0,0,0,0,0,0,0,0,0,0,0,0,0,0,0,0,0,0,0,0
"4645",0,0,0,0,0,0,0,0,0,0,0,0,0,0,0,0,0,0,0,0,0
"5446",0,0,0,0,0,0,0,0,0,0,0,0,0,0,0,0,0,0,0,0,0
"4864",0,0,0,0,1,0,1,1,0,1,0,1,0,1,0,0,0,1,0,0,1
"506",1,1,1,1,1,1,1,1,1,1,1,1,1,1,1,1,1,1,1,1,1
"3069",1,1,1,1,1,1,1,1,1,1,1,1,1,1,1,1,1,1,1,1,1
"10632",1,1,1,1,1,1,1,1,1,1,1,1,1,1,1,1,1,1,1,1,1
"515",1,1,1,1,1,1,1,1,1,1,1,1,1,1,1,1,1,1,1,1,1
"10476",1,1,1,1,1,1,1,1,1,1,1,1,1,1,1,1,1,1,1,1,1
"513",1,1,1,1,1,1,1,1,1,1,1,1,1,1,1,1,1,1,1,1,1
"522",1,1,1,1,1,1,1,1,1,1,1,1,1,1,1,1,1,1,1,1,1
"539",1,1,1,1,1,1,1,1,1,1,1,1,1,1,1,1,1,1,1,1,1
"9551",1,1,1,1,1,1,1,1,1,1,1,1,1,1,1,1,1,1,1,1,1
"516",1,1,1,1,1,1,1,1,1,1,1,1,1,1,1,1,1,1,1,1,1
"509",1,1,1,1,1,1,1,1,1,1,1,1,1,1,1,1,1,1,1,1,1
"518",1,1,1,1,1,1,1,0,1,1,1,1,1,1,1,1,1,1,1,1,1
"27109",1,1,0,1,0,1,0,1,1,1,1,0,0,1,1,0,1,1,1,1,0
"514",1,1,1,1,1,1,1,1,1,1,1,1,1,1,1,1,1,1,1,1,1
"4905",1,1,1,1,1,1,1,1,1,1,1,1,1,1,0,1,1,1,1,1,1
"517",1,1,1,1,1,1,1,1,1,1,1,1,1,1,1,1,1,1,1,1,1
"521",1,1,1,1,1,1,1,1,1,1,1,1,1,1,1,1,1,1,1,1,1
"498",1,1,1,1,1,1,1,1,1,1,1,1,1,1,1,1,1,1,1,1,1
"267020",0,0,0,0,0,0,0,0,0,0,0,0,0,0,0,0,0,0,0,0,0
"27089",1,1,1,1,1,1,1,1,1,1,1,1,1,1,1,1,1,1,1,1,1
"10975",1,1,1,1,1,1,1,1,1,1,1,1,1,1,1,1,1,1,1,1,1
"7381",0,0,0,0,1,0,1,0,1,1,0,1,0,1,1,0,1,0,1,1,0
"4519",0,0,0,0,0,1,0,1,0,0,0,0,0,0,0,0,0,0,0,1,0
