"","GSM2579315","GSM2579319","GSM2579323","GSM2579327","GSM2579331","GSM2579335","GSM3045784","GSM1414742","GSM1414743","GSM1414744","GSM1414745"
"314",1,0,0,0,1,0,0,0,1,1,1
"26",1,1,1,1,1,1,1,1,0,1,0
"8639",0,0,0,1,0,0,1,0,1,1,1
"1591",0,0,1,0,0,0,0,0,0,0,0
"1594",1,0,0,0,0,0,1,0,1,1,1
"10993",1,0,0,0,0,1,1,0,1,1,0
"6818",0,0,0,0,0,0,0,1,1,0,0
"89874",0,0,0,0,0,0,0,0,0,0,0
"3945",1,1,1,1,1,1,1,1,1,1,1
"3948",0,0,0,1,0,0,0,0,0,1,0
"55293",0,0,0,1,1,0,0,0,0,1,1
"160287",1,0,1,0,1,0,1,0,0,1,1
"92483",0,0,0,0,0,0,0,0,0,1,0
"3939",1,1,1,1,1,1,1,1,1,1,1
"9194",1,1,0,1,0,1,1,0,1,0,1
"6566",0,0,1,0,1,1,1,0,1,1,1
"9123",1,0,1,0,0,0,1,1,1,0,0
"57835",0,0,0,1,1,1,0,0,0,1,1
"8671",0,0,0,0,0,0,0,0,0,0,0
"1738",1,1,1,1,1,1,1,1,1,1,1
"4967",1,1,1,1,1,1,1,1,1,1,1
"1743",1,1,0,0,0,0,1,1,1,1,0
"8050",0,1,1,0,0,0,1,0,1,1,1
"128",1,1,1,1,1,1,1,1,1,1,1
"137872",0,0,0,1,0,1,0,0,0,1,1
"130",0,0,0,0,0,1,1,0,0,1,1
"127",0,0,0,0,0,0,0,0,0,0,0
"131",0,0,0,0,0,0,0,0,0,0,0
"126",0,0,0,0,0,0,0,0,0,0,0
"124",0,0,0,0,0,0,0,0,0,0,1
"125",0,0,0,0,0,0,0,0,0,0,0
"1312",1,1,1,1,1,1,1,1,1,1,1
"117247",0,0,0,1,1,1,0,0,1,1,1
"220",0,0,0,0,0,0,0,0,0,0,1
"221",1,1,1,1,0,0,1,0,0,1,1
"218",0,0,0,0,0,0,0,1,0,1,0
"222",0,0,0,0,0,0,0,0,0,0,0
"3242",1,1,1,0,0,0,1,1,1,0,0
"18",0,0,0,1,1,1,1,1,0,1,0
"2531",1,1,0,0,0,1,1,0,1,1,1
"23498",0,0,1,0,1,0,1,0,0,1,1
"55268",1,0,0,1,1,1,1,0,0,1,1
"883",0,1,1,0,0,1,1,0,0,1,0
"51166",0,0,0,0,0,0,0,0,0,0,0
"1644",0,0,0,1,1,1,1,0,1,1,0
"4128",0,0,0,0,0,0,0,1,0,1,0
"4129",1,1,1,1,1,1,0,0,0,1,0
"8604",1,0,0,1,0,1,1,0,1,1,1
"10165",0,1,1,0,1,0,1,0,0,1,1
"2572",1,1,1,1,1,1,0,0,1,1,0
"2571",0,0,0,0,0,0,0,0,0,0,0
"51380",1,0,0,1,1,1,0,0,0,1,1
"2805",1,1,1,1,1,1,1,1,1,1,1
"2806",1,1,1,1,1,1,1,1,1,1,1
"8659",1,0,1,0,0,0,1,1,0,0,0
"6817",1,1,0,1,0,0,1,1,0,0,0
"6799",0,1,0,1,1,0,0,1,0,1,0
"6822",0,0,0,0,0,0,0,0,0,0,0
"6573",1,1,0,0,0,1,1,1,1,1,0
"316",0,0,0,0,0,0,0,0,0,0,0
"6570",0,0,1,0,0,0,0,0,0,0,0
"6571",1,0,0,0,1,0,0,0,0,1,0
"2348",0,0,0,0,0,0,0,0,0,0,0
"2352",0,0,0,1,0,0,0,0,0,0,0
"4125",1,1,1,1,0,1,1,1,1,1,1
"53947",0,0,0,0,0,0,0,1,0,0,1
"51146",0,0,0,0,0,0,0,0,0,0,1
"28",1,0,1,0,1,0,1,0,0,0,1
"206358",1,0,0,1,0,1,0,0,0,1,1
"6538",1,1,1,1,1,1,1,1,1,1,1
"6529",0,0,0,0,0,0,0,0,0,0,0
"6539",0,0,0,0,0,1,0,0,0,0,0
"6540",0,0,0,0,1,0,1,0,0,0,1
"3032",1,1,1,1,1,1,1,1,1,1,1
"10449",1,1,0,0,0,0,0,0,1,0,0
"38",0,1,1,0,0,1,0,0,1,0,1
"3030",1,1,1,1,1,1,1,1,1,1,1
"39",1,1,1,1,1,1,1,1,1,1,1
"30",1,1,1,1,1,1,1,1,1,1,1
"32",1,1,0,0,1,0,1,1,1,0,0
"9197",0,0,1,0,1,1,0,0,0,1,1
"79611",0,0,0,0,0,0,0,0,0,0,0
"84532",1,0,1,1,1,0,0,1,1,0,0
"64841",1,1,0,0,1,0,0,0,1,1,0
"55577",1,1,1,1,1,1,1,1,1,1,1
"5238",0,1,0,0,0,1,1,0,0,0,1
"9487",1,0,0,1,0,0,1,0,0,1,1
"162417",1,1,0,0,0,1,1,1,1,0,0
"43",0,0,0,0,1,0,0,1,0,1,0
"6572",0,0,0,0,0,0,0,0,0,0,0
"47",1,1,1,1,1,1,1,1,1,1,1
"54187",1,1,1,0,1,1,1,1,1,1,1
"26503",1,1,0,1,0,1,1,1,1,0,0
"54",1,1,1,0,1,1,1,1,1,1,1
"140838",1,1,0,0,0,1,1,0,1,1,1
"51205",0,0,0,0,1,1,1,0,0,1,0
"36",1,0,0,1,0,1,1,0,1,1,1
"34",1,1,1,1,1,1,1,1,1,1,1
"35",1,1,1,1,1,1,1,1,1,1,0
"84129",0,0,0,1,0,1,0,0,1,1,0
"28976",0,0,1,0,1,1,1,1,1,1,0
"80724",0,1,0,0,1,0,0,1,1,1,0
"27034",0,0,1,0,1,1,0,0,1,1,0
"3712",1,1,1,1,1,0,1,1,1,1,0
"134526",1,1,0,0,0,0,1,1,1,1,0
"51",1,1,0,1,0,1,1,0,1,1,0
"95",0,1,0,0,1,0,1,1,0,1,0
"50",1,1,1,1,1,1,1,1,1,1,1
"48",0,1,0,1,1,1,1,0,1,0,1
"8309",0,0,0,0,0,0,0,0,0,0,0
"52",1,1,1,1,1,1,1,1,1,1,1
"55",0,0,0,1,0,0,0,0,0,1,0
"788",1,1,1,1,1,1,1,1,1,1,1
"55902",0,0,1,1,1,1,1,1,1,0,0
"65985",0,0,0,1,0,1,0,1,0,1,0
"438",1,1,1,1,1,1,1,0,0,1,1
"1571",1,0,0,0,1,1,1,1,1,0,0
"100",1,1,1,1,1,1,1,1,1,1,1
"3177",1,0,1,1,1,0,1,1,1,0,0
"205",0,1,0,0,0,0,0,0,0,1,1
"204",1,1,1,1,1,1,1,1,1,1,1
"26289",1,0,0,1,0,0,1,1,1,0,0
"50808",1,1,1,1,0,1,1,1,1,1,1
"262",1,1,1,1,1,1,1,1,1,1,1
"113",1,0,0,1,0,1,1,0,1,0,0
"109",1,0,1,0,0,1,1,1,1,0,0
"115",0,1,0,0,1,1,1,1,1,0,1
"112",0,0,0,0,0,0,0,0,0,1,1
"107",0,0,0,0,0,0,0,0,0,0,0
"114",0,0,0,0,0,0,0,0,0,0,0
"55811",1,0,1,0,1,0,0,0,1,0,1
"196883",0,1,0,0,1,0,1,1,1,0,0
"111",1,0,0,0,0,0,1,0,0,0,1
"108",0,0,0,0,0,0,0,0,0,0,0
"2030",1,0,0,0,0,0,0,1,0,1,1
"9154",0,0,0,0,0,0,0,0,0,0,0
"64078",0,0,0,0,0,0,0,1,0,0,0
"9153",1,0,1,0,0,0,0,0,1,0,0
"55315",1,0,1,1,1,0,0,1,1,0,0
"11164",1,1,1,1,1,1,1,1,1,1,1
"952",1,1,1,1,1,1,1,1,1,1,1
"1375",1,0,1,1,0,0,1,0,1,1,0
"1374",1,1,0,1,0,0,1,0,1,0,1
"126129",1,0,0,0,1,0,1,0,0,1,0
"1376",0,1,0,0,1,0,1,1,0,0,0
"9061",1,1,1,1,1,0,1,0,1,1,1
"9060",1,1,0,1,0,1,1,0,0,1,1
"158",0,0,0,0,1,1,0,0,0,1,1
"10331",1,0,0,0,1,1,0,1,1,0,0
"374907",0,0,1,0,0,1,0,1,1,1,0
"10678",1,1,1,1,1,1,1,1,1,1,1
"79369",1,1,0,0,0,0,1,1,1,0,1
"11041",0,1,0,1,1,0,1,1,1,0,0
"93010",1,1,0,0,0,0,0,1,0,0,0
"79814",1,1,1,1,1,1,1,1,1,1,1
"56894",0,0,0,1,1,1,0,1,1,0,0
"10555",1,1,0,0,1,0,1,1,0,0,0
"137964",0,1,0,1,1,1,1,1,1,0,0
"56895",0,1,0,0,1,1,0,0,0,1,1
"55326",1,0,0,1,1,0,0,0,1,1,1
"129642",1,0,0,0,1,1,1,0,0,1,1
"64850",1,0,0,0,0,0,0,0,0,0,0
"64902",0,0,0,0,0,0,0,0,0,0,0
"189",0,0,0,0,0,0,0,0,0,0,0
"3074",1,1,1,1,1,1,1,1,1,1,1
"3073",0,0,1,1,1,0,0,1,0,1,0
"10606",1,1,1,1,1,1,1,1,1,1,1
"8402",1,1,1,1,1,1,1,1,1,1,1
"1468",1,0,0,1,1,0,1,1,1,0,0
"64849",0,0,0,0,1,0,1,1,0,1,0
"1645",1,1,0,1,1,1,1,0,1,0,0
"1109",0,1,0,0,1,0,1,0,1,1,0
"6718",0,0,0,0,0,0,0,0,0,0,0
"6510",0,1,0,0,0,1,0,1,1,0,0
"6509",0,1,1,0,0,0,1,1,0,0,0
"56301",0,0,1,0,0,0,0,0,0,1,1
"6520",1,1,1,1,1,1,1,1,1,1,1
"211",1,1,0,1,1,1,1,1,1,1,1
"23464",1,0,0,1,1,1,1,1,1,0,0
"212",1,0,0,1,0,1,1,0,1,1,1
"59272",0,0,0,0,0,0,0,0,0,0,0
"6542",0,0,0,0,0,0,0,0,0,0,0
"6541",1,1,1,0,1,1,1,1,1,1,0
"84889",0,0,0,0,0,0,0,1,0,0,0
"54407",1,1,1,1,1,1,1,1,1,1,1
"81539",1,1,1,1,1,1,1,1,1,1,1
"340024",0,0,0,0,0,0,0,0,0,0,0
"11254",0,0,0,0,1,0,0,0,0,0,0
"57393",1,1,1,0,0,0,1,1,0,0,1
"55089",0,0,0,0,1,1,0,0,0,0,0
"2875",1,1,0,0,1,0,0,1,0,0,0
"84706",1,0,0,0,0,1,0,1,0,0,1
"92745",1,1,1,0,0,0,1,1,1,1,0
"10991",0,0,0,0,0,0,0,0,0,0,0
"284273",0,1,0,1,0,0,1,0,0,1,0
"10327",1,1,1,1,1,1,1,1,1,1,1
"8854",0,0,0,0,0,0,0,0,0,0,0
"224",0,1,1,0,1,1,1,0,1,1,0
"223",1,1,1,1,1,1,1,1,1,1,1
"216",0,0,0,0,0,1,1,0,0,1,1
"501",1,0,0,1,0,1,1,1,0,1,0
"217",0,0,1,1,0,1,1,1,0,0,0
"219",1,0,1,0,1,0,1,1,1,0,0
"239",0,1,0,1,0,1,0,1,0,1,0
"247",1,0,0,0,0,0,0,0,1,0,0
"246",0,1,1,1,0,0,0,1,1,0,1
"231",1,1,1,1,1,1,1,1,1,1,1
"8574",1,1,1,1,1,1,1,1,1,1,1
"23600",0,1,1,0,1,0,0,0,1,1,0
"115286",1,0,0,0,0,1,0,1,1,0,0
"271",0,0,1,0,1,1,1,1,1,0,0
"272",1,0,1,1,0,0,1,0,1,0,1
"270",0,0,0,0,0,0,0,0,1,0,0
"290",0,1,0,0,0,1,1,1,0,1,0
"278",0,0,0,0,0,0,0,0,0,0,0
"277",0,0,0,0,0,0,0,0,0,0,0
"279",0,0,0,0,0,0,0,0,0,0,0
"280",1,0,0,1,0,1,0,0,0,1,1
"6519",1,0,0,1,1,0,0,1,1,0,0
"276",0,0,0,0,0,0,0,0,0,0,0
"11136",0,0,1,0,0,0,1,0,0,1,1
"10998",0,1,1,1,1,1,0,1,1,0,0
"113451",1,1,1,0,1,0,1,1,0,1,0
"9057",1,1,1,1,1,1,1,1,1,1,1
"384",0,1,1,0,1,1,1,0,1,1,0
"445",0,0,0,0,0,1,1,1,0,1,0
"83884",1,1,1,1,1,1,1,0,0,1,0
"10166",0,0,0,1,1,1,1,1,1,0,0
"410",1,1,1,1,1,1,1,1,1,1,1
"427",1,0,1,0,1,1,1,0,0,0,1
"9963",0,0,0,1,0,1,1,0,0,1,1
"9962",0,0,0,1,1,1,1,0,1,1,1
"80150",1,0,0,0,1,1,0,1,0,1,0
"440",0,0,1,0,1,0,1,0,1,1,1
"790",1,1,0,1,1,1,1,1,1,1,1
"6505",1,0,0,0,1,1,1,0,0,1,0
"6512",0,0,0,0,0,0,0,1,0,0,0
"6511",0,0,0,0,0,0,0,0,0,0,0
"6507",0,0,0,0,0,0,0,1,0,0,1
"6506",0,1,0,0,1,0,0,1,0,0,1
"9296",1,1,1,1,1,1,1,1,1,1,1
"51606",1,1,1,1,1,1,1,1,1,1,1
"533",1,1,1,1,1,1,1,1,1,1,1
"90423",1,0,0,1,0,1,0,0,1,1,0
"528",1,0,0,1,0,1,0,0,0,1,1
"525",0,0,0,0,0,0,0,0,0,0,0
"10312",1,1,1,1,1,1,1,1,1,1,1
"127124",1,0,1,0,1,1,1,1,0,0,0
"245973",1,0,0,0,1,0,1,0,0,1,1
"50617",0,1,0,0,0,0,0,1,0,1,0
"9114",1,1,1,1,1,1,1,1,1,0,0
"23545",0,1,0,1,1,0,1,0,0,1,1
"8992",1,1,1,1,1,1,1,1,1,1,1
"535",1,0,0,1,0,1,0,0,1,1,0
"527",0,1,0,1,0,0,0,1,1,1,0
"526",1,1,1,1,0,1,1,1,1,1,1
"523",1,0,0,1,0,1,0,0,0,1,1
"529",1,1,1,1,1,1,1,1,1,1,1
"9550",1,1,1,1,1,1,1,1,1,1,1
"51382",1,1,1,1,1,1,1,1,1,1,1
"245972",0,0,0,0,0,0,0,0,0,0,1
"957",1,0,1,1,0,0,0,0,1,1,1
"956",0,1,0,0,0,0,0,1,0,0,0
"955",1,0,1,1,1,1,1,1,1,0,0
"953",1,1,0,0,1,1,1,0,0,1,1
"954",1,1,1,1,1,1,1,0,0,0,1
"377841",0,0,1,0,0,0,0,0,1,0,0
"293",1,1,1,1,1,1,1,1,1,1,1
"291",0,1,0,1,0,1,0,1,1,0,0
"292",1,1,1,1,1,1,1,1,1,1,1
"4126",0,0,0,0,1,1,1,0,1,1,1
"8706",1,1,0,1,0,0,1,1,1,0,0
"10317",0,0,0,0,0,0,0,0,0,0,0
"84002",0,0,1,0,0,0,0,1,0,1,1
"3141",1,1,0,0,1,0,1,0,0,1,0
"140679",0,0,0,0,0,0,0,0,0,0,0
"8424",0,0,0,0,0,0,0,0,0,0,0
"53630",0,0,0,0,0,0,0,0,0,0,0
"635",0,0,0,0,0,0,0,0,0,0,0
"23743",0,0,0,1,0,0,0,0,0,0,0
"10599",1,0,1,0,0,0,0,0,0,0,0
"1244",0,1,0,1,1,0,1,0,1,1,0
"8714",1,0,1,1,0,0,1,1,0,1,1
"28234",0,0,0,0,0,0,0,0,0,0,0
"645",1,1,1,1,1,1,1,1,1,1,1
"644",1,1,1,1,1,1,1,1,1,1,1
"9488",0,1,1,1,0,1,0,0,0,1,1
"10380",1,0,1,1,1,1,1,1,1,1,0
"686",1,1,0,0,1,1,0,1,0,0,0
"8884",1,1,1,1,1,1,1,1,1,1,0
"80704",0,0,0,0,0,0,0,0,0,0,0
"51733",0,1,0,0,1,0,0,0,0,1,0
"7108",1,0,0,1,0,1,1,1,1,0,0
"50814",1,1,0,0,1,1,1,1,1,1,1
"3295",0,1,1,0,0,0,1,0,1,1,1
"6307",1,1,1,1,1,1,1,0,1,1,1
"493",0,0,0,0,1,1,0,0,1,1,1
"492",0,0,0,0,0,0,0,0,0,1,0
"491",0,0,0,0,0,1,0,1,0,0,0
"490",1,1,0,1,0,0,1,0,1,0,1
"847",1,1,1,1,1,1,1,1,1,1,1
"6543",1,0,0,0,0,0,0,1,1,0,0
"6547",0,0,0,0,0,0,0,0,0,0,0
"6546",0,0,0,1,0,0,0,0,0,1,0
"166785",1,0,1,1,1,1,0,0,1,1,1
"2538",0,0,0,0,0,0,0,0,0,0,0
"92579",1,1,0,0,0,0,0,1,0,1,0
"1373",0,0,0,1,1,0,0,0,1,1,1
"873",1,1,1,1,1,1,1,1,1,1,1
"10423",1,1,1,1,1,1,1,1,1,1,1
"8760",1,1,1,1,1,1,1,1,1,1,1
"1040",0,1,0,0,0,1,0,0,1,0,1
"56994",0,0,1,1,1,1,1,1,0,0,1
"10390",1,0,0,1,0,1,1,0,0,0,1
"64781",1,0,0,0,1,1,1,1,1,0,0
"10087",1,1,0,1,0,0,0,0,0,1,1
"6565",0,0,0,1,1,0,0,0,0,1,1
"9023",0,0,0,0,1,0,1,1,1,1,0
"1103",0,0,0,0,0,0,0,0,0,0,0
"162466",0,0,0,1,0,0,0,1,0,0,0
"9468",0,0,0,0,0,0,0,0,0,1,0
"5130",0,0,0,1,1,1,1,0,1,1,0
"6579",0,0,0,0,0,0,0,0,0,0,0
"6555",0,0,0,0,0,0,0,0,0,0,0
"6554",0,1,1,1,0,0,1,1,0,1,0
"55349",0,0,0,0,0,0,0,1,0,1,0
"1120",1,0,1,1,0,0,0,1,1,0,0
"1119",0,0,1,1,1,1,1,0,0,1,1
"60482",0,0,0,0,0,0,0,0,0,0,0
"6582",0,0,0,0,0,0,0,0,0,0,0
"6584",0,0,1,1,1,1,1,0,0,1,0
"6820",0,0,1,0,0,0,1,1,0,0,1
"10948",1,1,1,1,1,1,1,1,1,1,1
"19",0,0,1,0,0,0,1,0,1,1,1
"1118",1,0,0,0,0,1,0,0,0,1,1
"27159",0,0,0,0,0,0,0,1,0,0,0
"54682",1,1,0,1,0,0,1,1,1,1,0
"9058",0,0,0,0,0,0,0,0,0,0,0
"6576",1,1,1,1,1,1,1,1,1,1,1
"1159",0,0,0,0,0,0,0,0,0,0,0
"548596",0,0,0,0,0,0,0,0,0,0,1
"1160",1,1,0,0,0,0,1,0,0,1,1
"1158",1,1,1,1,1,1,1,1,0,1,1
"1152",1,1,0,1,0,0,1,1,0,0,0
"5172",0,0,0,0,0,0,0,0,0,1,0
"65010",1,0,1,1,0,0,1,1,0,0,0
"54675",1,0,0,0,1,1,1,1,0,1,1
"10559",0,1,1,0,1,1,0,0,0,1,1
"55907",1,1,1,1,1,1,1,1,1,1,1
"8034",0,1,0,1,1,0,1,0,1,1,1
"8824",1,0,0,0,1,0,0,1,1,0,0
"51805",0,1,1,1,0,1,0,0,0,1,0
"51004",0,1,0,1,1,0,1,0,1,1,0
"10229",0,1,1,0,1,0,0,1,0,1,0
"2650",0,1,0,1,1,0,0,1,0,1,0
"9245",0,0,0,0,0,0,0,0,1,0,1
"51301",1,1,0,0,1,0,1,0,1,0,1
"192134",0,0,0,0,0,0,0,0,0,0,0
"386757",0,0,0,0,0,0,0,0,0,0,0
"6535",0,1,1,1,0,0,1,1,0,1,0
"1384",1,1,0,0,1,0,0,1,1,0,0
"6583",0,0,1,1,1,0,1,0,1,0,1
"1431",1,1,1,1,1,1,1,1,1,1,1
"54677",1,1,0,1,0,1,0,0,1,1,1
"8140",1,1,1,1,0,1,1,1,1,1,0
"23428",0,1,0,1,0,0,1,0,0,0,1
"1036",1,0,0,0,0,1,0,0,0,0,1
"23657",0,0,0,0,0,1,1,1,0,0,1
"57379",0,0,0,0,0,0,0,0,0,0,1
"978",0,0,0,0,0,1,0,1,0,0,0
"7371",1,1,1,0,0,1,0,1,0,1,0
"83549",1,1,1,1,1,1,1,1,1,1,1
"51727",1,1,1,1,1,1,1,1,1,1,1
"129607",0,0,1,1,1,1,1,0,1,1,0
"160851",0,1,0,0,1,1,1,0,1,0,1
"8526",1,0,0,0,1,1,0,0,1,1,1
"1606",1,1,1,1,1,1,1,1,1,1,1
"8527",1,1,1,1,1,0,1,1,1,1,0
"1607",0,0,0,0,0,0,0,0,0,0,0
"1608",0,1,0,0,0,0,0,1,0,1,1
"1609",0,0,1,1,1,0,1,1,1,0,0
"8525",1,1,1,1,1,1,1,1,1,1,1
"9162",0,0,0,0,0,0,0,0,0,0,0
"1610",0,0,0,0,1,0,0,0,0,0,0
"51022",1,1,0,1,0,0,0,0,0,1,1
"2745",1,1,1,1,1,1,1,1,1,1,1
"8528",0,0,0,0,0,0,0,0,0,0,0
"10455",1,1,1,0,0,0,1,0,0,1,1
"1632",1,1,1,1,1,1,1,1,1,1,1
"1633",1,1,1,1,1,1,1,1,1,1,1
"1638",1,0,0,0,1,0,1,0,0,1,1
"6319",0,0,1,0,0,1,1,1,0,0,0
"9415",1,0,1,0,0,0,1,1,0,1,0
"3992",0,0,0,1,1,1,0,1,0,0,1
"8694",1,0,0,1,1,0,1,1,1,1,1
"84649",1,1,0,0,0,0,0,1,0,0,0
"1716",1,1,1,1,1,1,1,1,1,1,1
"6513",1,1,1,1,1,1,1,1,1,1,1
"6517",0,0,0,0,0,0,0,0,0,0,0
"6515",1,1,1,1,1,1,1,1,1,1,1
"1718",0,1,0,0,1,1,1,1,1,1,0
"1581",0,0,0,0,0,0,0,0,0,0,0
"1717",1,1,0,0,1,1,1,1,1,0,0
"8560",1,1,1,1,1,1,1,1,1,1,1
"123099",0,0,0,1,0,0,1,1,1,0,0
"11309",0,0,0,0,0,0,0,0,0,1,1
"6783",0,0,0,0,0,0,0,0,0,0,0
"1723",0,1,1,0,0,0,0,1,0,1,0
"1809",0,0,0,0,0,0,0,0,0,0,0
"1808",0,1,0,0,1,1,0,1,1,0,1
"1807",0,0,0,0,1,0,0,0,0,0,0
"23539",1,1,1,1,1,1,1,0,0,1,1
"2224",1,1,1,1,1,1,1,1,1,1,1
"29958",0,0,1,1,1,0,1,1,1,0,1
"60386",1,0,1,0,1,0,1,1,0,1,0
"84920",0,0,0,1,0,0,0,0,0,0,1
"79087",1,0,1,1,0,0,1,1,1,0,0
"26002",1,0,0,0,0,1,1,1,0,1,0
"1621",1,1,0,0,0,0,0,1,0,1,1
"7299",0,0,0,0,0,0,0,0,0,0,0
"6530",0,0,0,0,0,0,0,0,0,0,0
"6581",0,0,0,0,0,0,0,0,0,0,0
"669",1,1,1,1,1,1,1,1,1,1,1
"5224",0,0,0,0,0,0,0,0,0,0,0
"5223",1,1,1,1,1,1,1,1,1,1,1
"4597",1,1,0,1,1,1,1,1,1,0,0
"51071",0,1,0,1,0,0,0,0,1,1,1
"1806",0,0,1,0,1,1,1,0,1,0,1
"7083",0,0,1,0,1,1,0,1,0,1,0
"7084",1,1,1,0,0,1,1,1,0,1,0
"1854",1,1,1,1,1,1,1,1,1,1,1
"3704",1,1,1,1,1,1,1,1,1,1,1
"10682",1,1,1,1,1,1,1,1,1,1,0
"1892",1,1,1,1,1,1,1,1,1,1,1
"549",0,0,1,1,1,0,1,0,0,1,1
"1962",1,1,1,0,0,0,1,0,1,1,1
"1891",1,1,1,1,1,1,1,1,1,1,1
"11001",0,0,0,0,1,0,1,1,0,1,1
"28231",0,1,0,0,0,0,0,1,0,0,0
"53919",0,0,0,0,0,0,0,0,0,0,0
"10257",0,1,1,0,0,0,0,0,1,1,0
"28232",0,1,1,0,1,1,1,1,1,0,0
"2109",1,1,0,1,0,0,0,1,0,0,0
"2108",1,1,1,1,1,1,1,1,1,1,1
"2110",0,1,0,0,0,1,1,0,1,1,1
"55500",1,0,1,0,0,0,0,0,1,0,1
"55224",0,1,0,0,1,1,0,1,0,1,0
"8790",1,1,0,1,1,0,1,0,0,0,1
"51086",0,0,0,0,0,0,0,0,0,0,0
"2181",1,1,1,0,0,0,0,0,1,1,1
"2180",0,0,1,0,1,1,1,0,0,1,1
"2182",0,1,0,1,0,0,0,0,1,0,1
"81616",0,1,1,1,0,0,1,0,0,1,1
"51703",1,1,1,1,1,1,1,1,1,1,1
"23305",0,1,1,0,0,1,1,0,0,1,1
"116285",0,0,1,1,0,0,0,1,1,0,0
"5167",0,0,0,1,0,0,0,0,0,0,0
"5169",0,1,0,0,1,0,0,0,1,0,1
"6785",0,1,0,0,1,1,0,0,0,0,1
"60481",1,1,1,1,1,1,1,1,1,1,1
"54898",0,0,0,0,0,1,0,0,0,0,0
"79071",1,1,1,0,0,0,1,0,1,1,0
"1579",0,0,0,0,0,0,0,0,0,0,0
"2194",1,0,0,0,1,1,1,1,1,0,0
"10999",0,1,0,0,0,1,0,1,1,0,0
"376497",1,1,1,0,0,1,0,1,0,0,0
"230",1,1,1,1,1,1,1,1,1,1,1
"226",0,0,1,0,1,1,0,1,1,0,0
"229",0,0,0,0,0,0,0,0,1,0,1
"5208",0,1,1,1,1,0,1,0,1,1,1
"5207",0,0,0,1,1,1,1,0,1,1,1
"2203",0,1,1,1,0,1,1,1,0,0,1
"5210",1,1,0,0,0,0,1,1,1,0,0
"5209",1,0,0,1,1,1,1,1,0,1,0
"8789",0,0,0,0,0,0,0,0,0,0,0
"2235",1,0,1,1,1,0,1,1,1,1,0
"10840",0,0,0,0,0,0,0,0,0,0,0
"79901",0,0,0,1,0,0,1,0,0,1,0
"197258",0,0,0,1,1,1,1,1,0,0,0
"125061",0,1,1,1,0,0,1,1,0,1,0
"1719",1,0,1,1,0,1,0,1,0,0,0
"2356",1,1,1,1,1,1,1,1,1,1,1
"155184",0,0,0,0,0,1,0,0,0,0,0
"29988",1,0,1,1,0,0,0,1,0,0,1
"66035",1,0,1,1,1,0,1,0,0,1,1
"6518",1,0,0,0,0,0,1,1,0,1,0
"6514",0,0,0,0,0,0,0,0,0,0,0
"160428",0,1,1,0,0,0,1,0,0,1,1
"25902",1,0,0,1,1,0,1,1,1,1,0
"4522",0,1,0,1,1,1,1,1,1,0,0
"2519",1,0,1,0,0,0,0,0,0,1,1
"2517",1,0,1,1,0,1,1,1,1,1,1
"2184",0,1,1,0,0,1,1,1,1,0,0
"2271",1,1,1,1,1,1,1,1,1,1,1
"2523",1,1,1,1,1,1,1,1,0,1,1
"2525",0,0,0,0,1,0,1,1,1,0,1
"10690",0,0,0,0,0,0,0,0,0,0,0
"2683",1,1,1,1,1,1,1,1,1,1,1
"9334",0,0,0,1,1,0,0,1,0,0,0
"8704",1,0,0,0,0,0,1,1,0,1,0
"8703",1,1,1,1,1,1,1,1,1,1,1
"2820",1,1,0,0,0,1,1,0,0,1,1
"5832",1,1,1,1,1,1,1,1,1,1,1
"9563",1,1,0,1,0,0,0,1,0,1,0
"2539",0,0,0,1,1,1,1,1,1,0,0
"2542",0,1,1,0,0,0,1,1,0,0,0
"2593",1,1,1,1,1,1,1,1,1,1,1
"9514",1,1,0,1,0,0,0,1,0,0,1
"5476",1,1,1,1,1,1,1,1,1,1,1
"2720",0,1,1,0,0,0,0,1,0,0,0
"2588",0,0,0,0,1,1,0,0,0,1,0
"2581",1,0,0,1,1,0,1,0,0,1,1
"2583",0,0,0,0,0,0,0,0,0,0,0
"55454",1,0,0,1,0,1,1,0,1,1,1
"55790",0,1,0,1,0,0,0,0,1,1,0
"79586",0,0,1,0,1,1,0,1,0,0,0
"337876",0,0,0,0,0,0,0,0,0,0,0
"22856",0,0,1,0,1,1,0,0,1,1,1
"63917",0,1,1,0,0,1,0,0,1,1,0
"11226",0,0,0,1,0,1,1,1,1,0,0
"55568",0,0,1,1,0,0,0,0,1,1,1
"2589",1,0,1,1,0,1,1,1,0,0,1
"51809",1,0,0,0,1,1,1,0,0,1,1
"8693",1,0,0,0,1,0,0,0,1,0,0
"2591",0,0,1,1,0,0,1,0,0,0,1
"117248",0,0,0,0,0,0,0,0,0,0,0
"26290",0,0,1,0,0,0,1,1,0,1,1
"114805",0,0,0,0,0,0,0,0,0,0,0
"79695",0,1,0,1,1,0,0,0,0,1,0
"50614",1,0,1,0,0,0,1,0,0,1,1
"79623",0,0,0,0,1,0,0,1,0,1,0
"2590",0,0,0,1,0,1,1,1,0,0,0
"11227",1,0,1,0,0,0,0,0,0,0,1
"81031",0,0,0,1,0,0,0,0,0,1,0
"126792",1,0,0,1,1,1,0,1,1,0,0
"11285",0,0,1,1,1,0,0,1,1,0,0
"8972",0,0,0,0,0,0,0,0,0,0,0
"175",1,1,1,1,1,1,1,1,1,1,1
"26301",0,1,0,1,0,0,1,1,0,1,0
"4329",0,0,1,1,1,0,1,1,1,1,0
"7915",1,0,0,0,1,1,1,0,1,1,1
"2731",0,1,0,1,0,0,1,0,0,1,1
"275",1,0,0,0,1,0,1,1,1,1,0
"2653",0,0,0,1,1,1,1,0,0,1,1
"2651",1,0,0,1,1,0,1,0,0,1,1
"55343",1,0,0,0,1,1,0,1,1,0,0
"8836",0,0,0,1,1,0,1,0,1,1,0
"79017",1,1,1,1,1,1,1,1,1,1,1
"8908",1,0,0,0,1,0,1,0,0,0,0
"2992",1,1,1,0,1,0,1,1,1,1,1
"2997",0,1,0,0,1,1,1,1,0,0,0
"2998",0,0,0,0,0,0,0,0,0,0,1
"2687",0,0,0,0,0,0,0,0,0,0,0
"6472",1,1,1,1,1,1,1,1,1,1,1
"6470",0,0,0,1,0,1,1,1,1,0,0
"2717",1,1,0,0,0,1,1,1,1,0,0
"2632",0,0,0,1,1,1,0,0,1,1,0
"2990",1,1,1,1,1,1,1,1,1,1,1
"8372",1,1,0,1,0,1,1,1,1,1,0
"26035",0,0,0,1,1,0,0,0,1,1,1
"54480",1,1,1,1,1,0,1,1,1,0,0
"2131",1,1,0,1,0,1,0,1,0,1,0
"2132",1,0,1,0,1,0,1,1,1,0,0
"27087",1,0,0,0,0,0,1,1,0,0,1
"26229",1,1,1,1,1,1,1,1,1,1,1
"135152",1,0,0,1,1,1,0,0,0,0,1
"4669",0,1,1,1,1,0,0,1,0,0,0
"64579",0,0,0,0,0,0,0,0,0,0,0
"9348",0,1,0,0,0,0,0,0,0,0,1
"8509",0,0,1,1,0,1,0,1,1,1,0
"3340",1,0,0,1,1,0,0,1,0,0,0
"2137",1,0,1,1,0,1,1,1,1,0,0
"2135",1,0,0,1,1,1,1,1,0,0,1
"2134",1,0,0,0,1,0,0,1,0,0,0
"144195",1,0,0,1,0,0,1,1,0,1,0
"154091",0,0,0,1,0,0,0,0,1,0,0
"11182",0,1,0,0,1,0,1,1,0,1,0
"56606",1,1,0,1,0,1,1,0,1,0,1
"6523",0,0,0,0,0,0,0,0,0,0,0
"178",1,1,1,0,0,1,1,0,1,0,1
"5837",0,0,0,1,1,1,0,1,1,0,0
"5834",1,1,1,1,1,1,1,1,1,1,1
"5836",0,1,0,1,0,1,1,1,0,0,1
"2729",1,1,0,0,0,1,1,0,1,1,0
"2730",1,0,1,0,1,0,0,0,1,1,1
"2746",1,1,1,1,1,1,1,1,1,1,1
"2747",1,0,1,1,1,1,1,0,0,1,1
"10841",1,1,0,0,0,1,1,0,0,0,1
"27165",1,1,0,0,1,0,1,0,0,1,1
"2744",1,1,1,1,1,1,1,1,1,1,1
"79751",1,0,0,0,1,0,0,1,1,0,0
"83733",1,1,1,1,1,1,1,1,0,1,0
"2639",1,1,1,1,1,1,1,1,1,1,1
"57084",0,0,0,0,0,0,0,0,0,0,0
"57030",0,0,0,0,0,0,0,0,0,0,0
"246213",0,0,0,0,0,0,0,0,0,0,0
"51179",0,0,0,0,0,0,0,0,0,0,0
"54363",0,0,0,0,0,0,0,0,0,0,0
"2628",1,0,1,0,0,0,0,1,0,1,1
"9380",1,1,1,1,1,1,1,1,1,1,1
"2712",0,0,0,0,0,0,0,0,0,0,0
"2713",1,0,1,0,0,1,0,0,0,1,1
"2710",0,0,1,1,1,1,0,0,0,1,1
"3029",1,0,1,0,1,0,1,1,1,0,0
"6536",0,0,0,0,0,0,0,1,1,0,0
"5226",1,1,1,1,1,1,1,1,1,1,1
"27232",0,1,0,1,0,0,1,1,0,1,0
"57678",1,0,1,1,0,0,1,0,1,1,1
"80055",0,1,0,1,0,1,0,0,1,0,1
"54965",1,1,0,0,1,1,1,0,1,1,1
"93183",1,1,1,1,0,0,1,0,0,1,1
"2936",0,0,0,0,1,1,0,1,1,0,0
"2876",1,1,1,1,1,1,1,1,1,1,1
"7001",1,1,1,1,1,1,1,1,1,1,1
"5052",1,1,1,1,1,1,1,1,1,1,1
"2879",1,1,1,1,1,1,1,1,1,1,1
"2877",0,1,1,1,0,0,1,0,1,1,0
"257202",0,0,0,0,0,0,0,0,0,0,0
"2878",0,1,0,0,0,1,1,0,1,0,0
"2882",1,1,1,1,1,1,1,1,1,1,1
"10935",1,1,1,1,1,1,1,1,1,1,1
"2937",1,1,1,1,1,1,1,1,1,1,1
"2678",1,0,0,0,1,1,1,0,0,1,0
"2679",0,0,0,0,0,0,0,0,0,0,0
"2983",0,1,1,0,0,0,0,0,0,1,0
"4881",0,0,0,0,0,0,0,0,0,0,0
"3000",0,0,0,0,1,0,0,0,0,0,0
"2974",0,1,0,1,0,0,1,0,0,0,1
"4882",0,1,0,1,1,0,1,0,0,1,1
"2986",0,0,0,0,0,0,0,0,0,0,0
"2982",1,1,1,1,1,1,1,0,0,1,1
"2984",0,0,0,0,0,0,0,1,0,0,1
"2977",0,0,0,0,0,0,0,0,0,0,0
"9615",0,0,0,1,0,1,0,0,0,0,1
"763",0,0,0,0,0,0,0,0,0,1,0
"11238",1,1,0,1,1,0,0,0,1,1,0
"23556",1,1,1,0,0,0,1,0,1,0,1
"55650",1,0,0,0,1,1,0,1,1,0,0
"53905",0,0,1,0,1,1,0,0,0,1,1
"50506",1,1,1,1,1,1,1,1,0,0,1
"343",0,0,0,1,0,1,1,0,1,1,0
"5281",0,0,0,1,0,1,0,0,0,0,1
"84720",0,1,0,1,1,0,0,1,0,0,0
"54872",0,1,1,1,0,1,0,0,1,1,1
"80235",1,0,0,0,1,0,0,1,0,0,1
"128869",1,1,0,1,1,1,1,1,1,1,1
"10026",1,0,1,0,0,0,0,0,1,0,1
"51604",0,1,1,0,1,0,1,1,0,0,0
"94005",1,1,1,1,1,1,1,1,1,1,1
"8733",1,1,1,1,1,1,1,1,1,1,1
"3028",1,1,1,1,1,1,1,1,1,1,1
"3033",1,0,0,0,0,1,0,0,1,1,0
"3037",0,0,0,0,0,0,0,0,0,0,0
"3038",0,0,0,0,1,0,1,0,1,1,0
"3036",1,0,0,0,0,0,1,1,1,0,0
"27235",1,0,1,1,0,1,0,1,1,0,0
"6522",0,0,1,1,1,0,0,1,1,0,0
"83697",0,0,1,0,0,0,1,0,0,1,1
"6521",1,0,0,0,0,1,0,1,0,0,0
"6508",1,1,1,1,1,1,1,1,0,1,0
"2645",1,0,1,0,1,1,0,1,1,1,0
"3098",1,1,1,1,1,1,1,1,1,1,1
"3099",1,1,0,1,1,0,0,1,1,0,0
"80201",1,1,0,0,1,1,0,1,1,0,0
"3101",0,0,0,1,0,1,1,1,0,0,1
"3081",1,0,1,1,1,0,1,0,1,1,0
"11112",1,1,1,1,1,1,1,1,1,1,1
"3067",0,1,0,0,0,1,0,1,0,1,0
"496",0,0,0,0,0,0,0,0,1,0,0
"495",0,0,0,0,0,1,0,0,0,0,0
"8942",0,0,0,0,0,1,1,1,0,0,1
"3157",0,1,1,0,0,1,0,0,1,1,1
"3158",0,0,0,0,0,0,0,0,0,0,0
"54511",0,0,0,0,0,0,0,0,0,0,0
"3155",1,0,1,1,0,0,1,1,0,1,0
"3162",1,1,0,0,0,1,1,1,0,0,1
"26062",0,0,0,0,0,0,0,0,0,0,0
"197257",0,1,0,0,1,0,0,1,0,0,1
"6448",1,1,1,1,1,1,1,1,1,1,1
"3290",0,0,0,0,0,1,1,0,0,1,1
"3291",1,1,1,1,1,1,1,0,1,0,1
"3292",1,0,1,1,1,0,1,1,0,0,0
"3294",0,0,0,0,1,0,0,0,1,0,0
"51478",1,1,0,1,0,1,0,0,0,1,1
"3283",0,0,0,0,0,0,0,0,0,0,0
"3284",0,0,0,0,0,0,0,0,0,0,0
"80270",0,1,0,0,1,0,1,1,1,0,1
"57026",0,0,1,0,0,0,0,1,0,0,0
"3419",1,1,0,0,0,0,1,0,1,1,1
"3421",1,1,1,1,1,1,1,1,1,1,1
"3420",1,1,1,1,1,1,1,1,1,1,1
"3417",1,1,1,0,0,1,1,0,0,1,1
"3418",1,1,1,1,1,1,1,1,1,1,1
"7173",0,0,0,0,0,0,0,0,0,0,0
"3425",0,1,0,1,0,1,0,1,0,0,0
"587",0,0,1,0,1,1,1,1,1,0,0
"8501",1,1,0,0,1,0,0,1,0,0,0
"55586",1,0,0,0,0,0,0,0,0,1,1
"114134",0,0,0,1,1,1,1,0,0,0,1
"6526",0,1,0,1,1,1,0,0,1,0,1
"3422",1,1,1,1,1,1,1,1,1,1,1
"91734",1,1,1,1,1,1,1,0,1,1,0
"160728",0,0,0,0,0,0,0,0,0,0,0
"8801",1,1,1,1,1,1,1,1,1,1,1
"8802",1,1,1,1,1,1,1,1,1,1,1
"8803",1,1,0,0,0,1,1,0,0,0,1
"9990",1,0,0,1,1,0,1,0,1,1,1
"6560",1,0,1,1,0,0,0,1,1,0,0
"57468",1,0,0,0,1,0,0,1,0,1,0
"3795",1,0,1,0,0,1,1,1,0,1,0
"84679",0,1,0,1,1,0,1,0,0,1,1
"23315",1,0,0,1,0,1,0,0,0,1,0
"8564",0,0,0,0,1,1,0,1,0,1,1
"3938",0,0,1,0,0,0,1,1,0,0,0
"53",1,0,1,1,0,1,1,1,1,0,0
"3931",1,1,0,1,1,0,0,1,0,0,0
"387775",0,0,0,0,0,0,0,0,0,0,0
"124637",0,1,0,0,1,0,0,0,1,1,0
"366",0,0,1,0,0,0,0,0,0,0,0
"11283",0,0,0,0,0,0,0,0,0,0,0
"4047",0,0,1,0,1,1,1,1,1,1,0
"1178",1,1,0,0,0,0,1,1,1,0,0
"5321",0,0,0,0,1,0,0,0,0,0,0
"29124",0,0,0,0,0,0,0,0,0,0,0
"51268",1,1,0,0,1,1,1,1,0,0,0
"4023",1,1,1,1,1,1,1,1,0,0,0
"1056",1,1,0,0,0,0,1,1,1,0,0
"3990",1,0,0,0,0,1,1,0,0,1,0
"80339",0,1,0,0,1,0,0,0,1,1,0
"11343",1,0,1,0,0,0,1,1,0,1,1
"50487",0,0,0,0,0,0,0,0,0,0,0
"9227",0,0,0,0,0,0,0,0,0,0,0
"6309",1,1,0,1,0,1,0,0,0,1,1
"4048",1,1,1,1,1,1,1,1,1,1,1
"4258",1,0,1,0,0,0,1,1,0,1,0
"4259",1,1,1,1,0,0,0,1,0,1,0
"4056",1,1,0,1,1,0,0,1,0,0,0
"2954",0,1,1,1,1,1,1,1,0,0,0
"2548",1,0,0,0,1,0,1,1,0,0,0
"56922",0,1,0,1,1,0,1,0,1,0,0
"64087",1,1,1,1,0,0,1,0,0,1,1
"23417",0,1,0,0,1,1,1,0,0,1,0
"4357",1,1,1,1,0,0,1,1,0,1,0
"4190",1,1,1,1,1,1,1,1,1,1,1
"4191",1,1,1,1,1,1,1,1,1,1,1
"4200",0,1,1,0,0,1,0,0,1,1,1
"4199",0,0,0,0,0,0,0,0,0,0,0
"10873",0,1,0,1,1,0,0,1,0,0,1
"3620",1,1,1,1,1,1,1,0,0,1,0
"1545",1,0,0,0,0,0,0,0,1,0,1
"1543",0,0,0,0,0,1,0,1,0,0,1
"1557",0,0,0,0,0,0,0,0,0,0,0
"1544",0,0,0,0,0,0,0,0,0,1,0
"27430",1,1,1,1,1,1,1,1,1,1,1
"4144",1,1,1,1,1,1,1,1,1,1,1
"4143",0,0,0,0,0,0,0,0,0,0,0
"4548",0,1,1,0,1,0,0,0,0,1,1
"4598",1,0,0,0,0,1,1,1,0,0,0
"8867",1,0,0,1,0,1,1,0,1,1,1
"3635",1,1,1,1,1,1,1,1,1,1,1
"3632",0,0,1,1,1,0,1,1,0,0,0
"3636",1,0,1,1,0,0,1,1,0,0,0
"27124",0,0,0,0,0,0,0,0,0,0,1
"3633",1,0,1,1,1,0,0,1,0,1,0
"56623",1,1,0,0,0,1,1,1,1,0,0
"3628",0,0,1,1,0,0,0,0,0,1,1
"3706",1,1,1,1,1,1,1,1,0,1,0
"3707",1,1,1,1,1,1,1,1,1,1,1
"80271",0,1,0,1,1,0,1,1,1,0,0
"51477",1,1,1,1,1,1,1,1,1,1,1
"8821",1,1,1,1,1,1,1,0,1,0,1
"3631",1,1,1,1,1,1,1,0,1,1,1
"2595",1,0,0,1,1,1,1,0,1,1,1
"84693",1,0,1,0,1,0,1,0,1,1,1
"4594",1,1,1,0,0,1,0,0,0,1,1
"80168",0,0,0,0,0,0,0,0,0,0,0
"116255",0,0,1,0,0,0,0,0,0,0,0
"4507",1,0,0,1,0,1,0,0,1,1,1
"10797",1,1,1,1,1,1,1,1,1,1,1
"56913",0,1,1,0,1,1,1,0,1,1,1
"91703",1,1,0,1,0,0,0,1,0,0,0
"443",0,0,0,0,0,0,0,0,0,0,0
"4668",1,1,0,0,1,1,1,1,0,0,0
"9498",0,0,0,1,1,1,1,0,0,1,1
"57282",0,1,0,0,0,0,0,0,0,0,0
"6528",1,1,0,0,1,0,1,1,1,0,0
"482",1,1,0,0,0,1,0,0,1,1,0
"476",1,1,1,1,1,1,1,1,1,1,1
"480",0,0,0,0,0,0,0,0,0,0,0
"483",1,1,1,1,1,1,1,1,1,1,1
"23439",0,0,0,0,0,0,0,0,0,0,0
"477",0,0,0,0,0,0,0,0,0,0,0
"481",1,0,0,0,1,1,1,1,0,1,1
"478",0,0,1,1,1,1,0,1,1,0,0
"6549",0,1,0,0,0,1,1,1,0,0,0
"6550",1,1,0,0,0,1,1,1,1,1,0
"6548",1,0,0,0,1,1,0,1,1,0,0
"84735",0,0,0,1,0,0,0,0,0,1,1
"55748",1,1,1,1,1,1,1,1,1,1,1
"6559",0,1,0,0,0,0,0,1,0,0,0
"57419",0,0,0,0,0,0,0,0,0,0,0
"123041",0,1,0,0,0,0,0,0,0,1,0
"9187",0,0,0,1,1,1,1,0,0,1,1
"25769",0,0,0,0,0,0,0,0,0,0,0
"124583",0,0,1,0,0,1,1,1,1,0,0
"79077",1,1,1,1,1,1,1,1,1,1,1
"9583",1,0,0,1,1,1,1,0,0,1,1
"1841",1,1,1,1,1,1,1,1,1,1,1
"4832",1,1,1,1,1,1,1,1,1,1,1
"4830",1,1,1,1,1,1,1,1,1,1,1
"29922",1,1,1,0,0,1,1,0,0,0,1
"10201",1,0,1,0,0,1,1,0,1,1,1
"4831",0,0,0,0,0,0,0,0,0,0,0
"4833",1,1,1,1,1,1,1,1,1,1,1
"57127",0,0,0,1,0,0,0,0,0,0,0
"6005",0,0,0,0,0,0,0,0,0,0,0
"6557",0,0,0,0,0,1,0,0,0,0,0
"6558",1,0,0,1,1,1,1,0,1,1,1
"349565",0,1,0,1,0,1,1,1,1,1,0
"64802",1,1,0,0,0,1,1,1,1,0,0
"23057",0,0,0,0,0,0,0,0,0,0,0
"10135",1,1,1,0,0,0,0,0,1,0,1
"4837",0,0,0,0,0,0,0,0,0,0,0
"5409",0,0,0,0,1,0,1,1,0,0,0
"4843",0,1,0,0,0,0,1,1,0,0,0
"4846",0,1,0,0,1,1,1,1,1,0,0
"4842",0,0,0,0,0,0,0,0,0,0,0
"4860",1,1,1,1,1,1,1,1,1,1,0
"6580",0,1,0,1,1,0,0,1,0,0,1
"55808",1,0,1,1,0,1,0,1,1,0,0
"30833",1,1,1,1,1,1,1,1,1,1,1
"5251",1,1,0,0,0,0,1,1,0,0,1
"56953",0,0,0,1,1,1,1,1,0,1,0
"4907",1,0,1,1,1,0,0,1,0,1,0
"6476",1,1,1,1,1,1,0,1,1,1,1
"5009",0,0,0,0,0,0,0,0,0,0,0
"5019",1,1,1,1,1,1,1,1,1,1,1
"64064",0,0,0,0,0,0,0,1,0,0,0
"1629",0,1,1,0,0,1,0,0,1,1,1
"594",0,1,0,1,0,0,1,0,1,1,1
"593",0,1,1,0,0,1,0,1,1,0,0
"26873",1,0,0,1,0,0,1,1,0,0,0
"4942",1,1,1,1,1,1,1,1,1,1,1
"7372",0,1,1,0,0,1,1,0,1,1,0
"10861",1,1,1,0,1,0,0,1,0,1,0
"1811",0,0,0,0,1,0,0,0,1,0,1
"1836",1,1,0,0,1,0,1,0,0,1,1
"1583",0,0,0,0,0,0,0,0,0,0,0
"1584",0,0,0,0,0,0,0,0,0,0,0
"1585",0,0,0,0,0,0,0,0,0,1,0
"1586",0,0,0,0,0,0,0,0,0,0,0
"1588",0,0,0,0,0,0,0,0,0,0,0
"1576",0,0,1,0,0,1,0,0,1,0,1
"1593",0,1,0,0,1,0,0,0,0,0,1
"1548",0,0,0,0,1,0,1,1,1,1,0
"1553",0,0,0,0,0,0,0,1,0,0,0
"1562",0,0,0,0,0,0,0,0,0,0,0
"1558",0,0,1,0,0,0,1,0,0,1,1
"1559",0,0,0,0,0,0,0,0,0,0,0
"1565",0,0,1,1,1,1,1,1,0,1,0
"1572",1,1,1,0,0,0,0,0,1,0,0
"51302",0,0,0,0,0,0,0,1,0,0,0
"64816",0,0,0,0,1,0,0,0,0,1,1
"1577",1,1,0,1,0,0,1,0,0,1,1
"1551",0,0,1,0,0,0,1,0,0,1,1
"10858",0,0,1,0,0,0,0,0,0,1,0
"66002",0,0,0,0,0,0,0,0,0,0,0
"8529",0,0,0,0,0,0,0,0,0,0,0
"4051",0,0,0,0,0,0,0,0,0,0,0
"9420",1,1,1,1,1,1,1,0,0,0,1
"1582",0,0,0,0,1,0,0,0,0,0,0
"5831",0,1,1,0,0,1,0,1,1,0,0
"5050",1,1,1,1,1,1,1,1,1,1,1
"5051",0,1,0,0,1,0,1,1,1,0,0
"5049",1,1,1,1,0,1,1,0,1,1,1
"5048",1,1,1,1,1,1,1,1,1,1,1
"7941",0,0,0,1,0,0,1,0,1,0,1
"347734",1,1,1,1,1,1,1,1,1,1,1
"57194",1,1,1,1,1,0,1,1,1,1,0
"5337",0,0,0,0,0,0,0,0,0,1,1
"5338",1,1,0,0,0,0,1,1,1,0,0
"130013",1,1,1,0,1,0,0,0,1,1,1
"5091",0,0,1,1,1,1,0,1,1,0,0
"5244",1,0,0,0,0,1,0,1,0,1,1
"5136",0,0,0,0,0,0,0,0,0,0,0
"5142",1,1,1,1,0,1,1,1,1,1,1
"5137",0,0,0,0,0,0,0,0,0,0,0
"5151",1,0,1,1,0,0,1,0,0,1,1
"50940",0,0,0,0,0,0,0,0,0,0,0
"5139",0,0,0,0,0,0,0,0,0,0,0
"5140",1,1,1,1,1,1,1,0,1,1,1
"27115",0,0,0,0,1,1,1,0,1,1,1
"5144",1,0,1,1,1,0,1,0,1,1,1
"5153",1,1,0,0,1,1,0,0,0,1,1
"5150",1,1,1,1,1,1,1,1,1,1,1
"5138",1,0,1,0,1,0,1,1,0,1,0
"8622",0,0,0,1,1,0,1,0,0,0,1
"5141",0,1,1,0,0,1,0,1,1,0,0
"5143",0,0,0,0,1,0,0,0,0,0,0
"10846",0,0,0,0,0,0,0,0,0,0,0
"5152",0,0,1,1,1,0,0,1,0,1,0
"5148",0,0,1,1,1,1,0,1,0,0,1
"8654",0,1,0,1,1,0,0,0,0,0,1
"5145",0,0,0,0,0,0,0,1,0,0,0
"5147",1,1,1,1,1,1,1,1,1,1,1
"5146",1,0,0,1,0,1,1,0,0,0,1
"5158",1,1,0,0,1,0,1,1,0,0,0
"5149",0,0,0,0,0,0,0,1,0,1,0
"1737",1,0,1,0,0,0,0,0,1,0,1
"5162",1,1,1,1,1,1,1,1,1,1,1
"5160",1,1,1,1,1,1,1,1,1,1,1
"5161",0,0,0,0,0,1,0,0,0,0,0
"55163",0,1,1,0,0,1,1,1,0,0,0
"10396",1,1,0,0,1,0,0,0,0,0,1
"5105",0,0,0,0,0,0,0,0,0,0,0
"5106",1,1,1,1,0,1,1,1,1,1,1
"8310",1,1,1,1,0,0,0,1,1,0,0
"5833",0,0,1,0,1,1,0,1,1,0,0
"10400",1,1,1,1,1,1,1,1,1,1,1
"26227",1,1,1,1,0,0,1,1,0,0,0
"5730",1,0,0,0,0,1,0,0,1,0,0
"27306",0,0,0,0,0,1,0,1,0,1,0
"9536",0,0,0,0,1,0,0,1,0,0,1
"80142",1,1,1,1,1,1,1,1,1,1,1
"5740",1,0,0,1,0,0,1,1,0,0,0
"114971",1,1,0,0,1,0,0,1,1,1,0
"9489",1,1,1,1,1,1,1,1,1,1,1
"5743",1,1,0,1,0,0,1,1,0,1,0
"5742",1,0,0,0,1,1,1,1,0,1,0
"6898",1,0,1,0,1,0,0,0,0,0,1
"5053",0,0,0,0,0,0,0,0,0,0,0
"5264",1,0,0,1,0,1,1,1,1,0,0
"5728",0,1,1,1,1,1,1,0,1,0,1
"8871",1,0,0,1,1,1,0,0,1,0,0
"8395",0,1,1,0,0,1,1,1,0,1,0
"8394",1,0,1,1,1,0,1,0,1,1,0
"23396",0,0,0,1,1,1,1,1,0,0,0
"5297",0,1,0,1,0,1,1,1,1,0,1
"55361",0,1,1,1,0,0,1,1,0,0,0
"5298",1,1,1,1,1,1,1,1,1,1,1
"5295",1,1,0,1,0,0,1,0,1,0,1
"23533",1,1,0,1,1,1,1,1,1,1,0
"5290",1,0,0,1,1,1,1,0,1,0,1
"5293",1,1,1,1,1,1,1,1,1,1,1
"5296",0,0,0,0,0,0,0,0,0,0,0
"8503",0,0,0,0,0,0,0,0,0,1,1
"5291",1,1,0,0,0,1,1,0,1,1,0
"5294",1,0,0,1,0,1,1,0,1,1,0
"10870",1,1,1,1,1,1,1,1,1,1,1
"4952",1,1,1,1,0,0,0,0,1,1,0
"23236",0,1,0,0,1,0,1,1,1,0,0
"5336",1,0,0,0,0,0,1,1,0,1,1
"5335",1,1,1,1,1,1,1,1,1,1,1
"5334",1,0,1,0,1,0,1,0,1,1,1
"5331",1,0,1,0,1,1,0,1,1,0,0
"257068",1,0,1,0,1,1,1,0,1,1,1
"84812",1,1,1,0,1,0,0,0,1,1,0
"5330",1,0,1,1,1,1,1,1,1,1,0
"23007",0,0,0,1,0,0,1,0,1,1,0
"51196",0,0,0,0,1,1,1,0,0,1,1
"5332",0,1,0,0,0,0,0,0,0,0,0
"113026",0,1,0,1,0,1,1,1,1,0,0
"5333",0,1,1,1,0,0,1,1,0,0,0
"89869",0,0,0,0,0,1,0,0,0,0,0
"5288",0,0,0,0,0,0,0,0,0,0,0
"5286",1,1,0,1,0,1,1,0,0,0,1
"5287",0,0,0,1,1,1,0,1,0,0,0
"200576",0,0,0,1,1,1,1,0,0,1,1
"5305",1,1,1,1,1,1,1,1,1,1,1
"79837",1,1,1,1,1,1,1,1,1,1,1
"5289",1,0,1,1,0,0,1,0,1,0,1
"5277",1,1,1,1,0,0,0,0,0,1,1
"51227",1,1,0,0,0,0,0,1,1,0,0
"8818",1,1,1,1,1,1,1,1,1,1,1
"9091",1,1,0,0,1,0,0,1,1,0,0
"5279",1,1,1,1,1,1,1,1,1,1,1
"5283",1,1,1,1,1,1,1,1,1,1,1
"123745",0,0,0,0,0,0,0,0,0,0,0
"8398",1,1,0,0,1,1,1,1,0,1,0
"64600",0,0,0,0,0,0,0,0,0,0,0
"81579",1,0,0,1,1,1,1,0,1,1,1
"100137049",0,1,0,1,0,0,1,1,1,0,0
"5322",0,0,0,0,0,0,0,0,0,0,0
"5320",0,0,0,0,0,0,0,0,0,0,0
"30814",0,0,0,0,0,0,0,0,0,0,0
"26279",0,1,0,0,0,0,0,0,0,0,1
"5319",0,1,1,1,0,0,0,0,0,0,1
"10654",1,1,1,1,1,1,1,1,1,1,1
"117283",0,0,0,0,0,0,0,0,0,0,0
"9807",1,1,1,1,1,1,1,1,1,1,0
"51447",1,1,1,1,1,1,1,1,1,1,1
"8876",0,0,0,0,0,0,0,0,0,1,1
"8875",0,1,0,1,1,0,1,0,0,0,1
"55350",0,1,0,0,0,0,1,1,0,0,1
"27068",1,1,1,1,1,1,1,1,1,1,1
"8613",0,0,0,0,0,0,0,1,0,1,1
"8611",1,1,1,1,1,0,1,1,1,1,1
"8612",0,0,1,0,0,0,0,1,0,0,0
"5498",1,0,1,1,0,0,1,1,0,0,0
"8288",0,1,0,0,0,0,0,0,1,1,0
"9588",1,1,1,1,1,1,1,1,1,1,1
"4353",0,0,0,0,0,1,0,1,0,0,0
"5625",1,0,0,0,0,0,1,0,1,1,0
"6578",0,0,0,0,0,0,0,0,0,0,0
"23761",1,1,1,1,1,1,1,1,1,1,1
"9791",1,1,1,1,1,1,1,1,1,1,1
"81490",1,1,0,1,1,1,1,1,0,0,0
"10005",1,0,1,0,1,0,1,1,0,0,0
"10965",1,1,1,1,1,1,1,1,1,1,1
"122970",0,0,1,1,0,0,0,1,0,0,1
"5805",1,1,0,1,0,0,1,0,1,1,0
"6303",1,1,1,1,1,1,1,1,1,1,1
"112483",1,1,1,1,1,1,1,1,1,1,1
"8566",0,0,1,0,1,1,1,1,1,0,0
"151531",1,0,0,0,0,1,0,0,0,0,0
"7378",1,1,1,1,1,1,1,1,1,1,1
"2944",0,0,0,1,1,0,1,1,0,1,1
"64080",0,0,1,1,0,0,1,1,0,0,0
"5959",1,0,1,1,0,0,0,0,0,1,1
"8608",0,0,1,1,0,1,1,0,0,1,0
"112724",0,1,0,1,1,0,1,1,1,0,0
"157506",0,0,1,1,0,1,1,0,1,1,0
"51109",1,1,1,1,1,1,1,1,1,1,1
"57665",1,1,1,1,1,1,1,1,1,1,1
"195814",0,0,0,0,0,0,0,0,0,0,0
"145226",0,0,0,0,1,0,0,0,1,1,0
"50700",0,0,1,0,0,0,0,0,0,0,0
"8228",0,0,0,1,1,1,1,1,0,1,0
"113278",0,0,0,0,0,1,0,0,1,0,0
"54981",1,1,1,1,1,1,1,1,1,1,1
"6482",1,1,1,1,1,1,1,1,1,1,1
"6484",1,0,0,0,1,1,0,1,0,0,0
"6483",1,0,1,0,1,1,1,1,1,0,0
"10090",1,0,1,0,0,1,0,0,0,1,1
"9653",1,1,0,0,0,1,1,0,0,1,1
"3423",1,1,1,1,0,0,0,0,1,1,1
"222537",0,0,0,0,0,0,0,0,0,0,0
"9957",1,1,1,1,1,1,1,1,0,1,1
"9951",0,0,0,0,0,0,0,0,0,0,0
"9956",0,0,0,0,0,0,0,0,0,0,0
"9955",1,1,0,1,0,1,1,0,1,1,0
"9953",1,1,0,1,0,0,0,0,0,1,1
"55501",1,0,1,1,0,1,1,1,0,0,0
"113189",1,0,1,0,1,0,1,1,0,0,0
"50515",1,1,0,1,1,0,1,1,0,1,0
"166012",0,0,0,0,0,1,0,0,0,0,0
"411",0,0,0,1,1,0,1,1,1,0,0
"23563",0,0,0,0,0,0,0,0,0,0,0
"4166",0,0,0,0,0,0,0,0,0,0,0
"10164",1,1,1,1,1,1,1,1,0,0,1
"9435",0,0,1,0,1,1,1,1,0,0,1
"8534",0,0,0,0,0,0,0,0,0,0,0
"9469",0,0,0,0,0,0,0,0,0,0,0
"56548",1,0,0,0,1,1,1,1,0,0,0
"266722",0,0,0,0,0,0,0,0,0,0,0
"9394",0,0,1,1,1,0,0,1,1,0,0
"90161",0,0,0,0,0,0,0,0,0,0,0
"2799",1,1,0,1,1,0,0,0,1,1,0
"10157",0,0,1,1,1,0,0,0,0,0,1
"118881",1,1,1,1,1,0,1,0,0,1,1
"3176",0,0,1,0,0,0,0,0,0,0,1
"1757",1,1,0,0,1,1,1,1,0,0,1
"81537",0,1,0,1,0,0,0,0,0,1,1
"6652",0,0,1,1,0,0,0,1,1,0,0
"6342",1,1,1,1,1,1,1,1,1,1,1
"9056",1,0,1,1,0,0,1,1,0,1,0
"55304",0,1,0,0,0,0,0,0,0,1,1
"9517",1,0,1,0,1,1,1,0,1,1,1
"10558",1,1,1,1,1,0,1,1,1,1,1
"2098",1,1,1,1,1,1,1,1,1,1,1
"8879",1,1,0,1,0,1,0,1,1,0,0
"8869",0,0,0,1,1,0,0,0,1,1,1
"56848",1,1,0,1,0,0,1,1,0,0,0
"8877",1,1,0,1,0,0,0,1,0,0,0
"130752",1,0,0,1,0,0,0,0,0,1,1
"339221",0,0,0,0,0,0,0,0,0,0,1
"55627",1,1,0,0,1,1,1,1,1,1,0
"55512",0,0,0,1,0,1,0,0,0,1,1
"6609",1,1,1,1,1,1,1,1,1,1,1
"6610",0,1,1,1,0,0,0,1,0,0,0
"259230",1,1,0,0,0,0,0,0,0,1,1
"116369",0,0,0,1,0,0,0,0,0,0,0
"115111",0,0,0,0,0,0,0,0,0,0,0
"115019",0,0,0,0,0,0,0,0,0,0,0
"284129",1,0,0,1,0,0,1,1,1,0,0
"26266",0,1,0,1,1,1,1,0,0,0,1
"6646",1,1,0,1,1,1,1,0,1,1,1
"6649",0,0,0,0,0,0,0,0,0,0,0
"6648",1,1,1,0,0,0,1,0,1,1,0
"6647",1,1,1,1,1,1,1,1,1,1,1
"6697",0,0,0,0,0,0,0,0,1,1,0
"6723",1,1,1,1,1,1,1,1,1,1,1
"6611",1,1,1,1,1,1,1,1,1,1,1
"6713",1,0,0,0,1,1,1,1,0,1,0
"2222",1,1,1,1,1,1,1,1,1,1,1
"6715",1,0,1,0,1,0,0,0,1,1,1
"6716",0,0,0,0,0,0,0,0,0,0,0
"15",1,1,1,1,1,1,1,1,0,0,0
"6532",1,0,0,0,0,0,1,1,1,0,1
"6487",0,0,0,1,1,1,1,0,0,1,1
"10402",0,0,0,1,1,0,1,0,0,1,1
"10610",0,0,0,0,0,1,0,1,0,0,0
"81849",1,1,1,1,1,1,1,0,1,0,1
"256435",0,0,0,1,1,0,0,0,1,0,1
"30815",1,0,0,0,1,1,1,1,0,1,0
"6489",0,1,0,1,0,0,0,0,0,1,1
"29906",0,0,0,0,0,0,0,0,0,0,0
"412",0,1,1,1,1,0,0,1,0,1,1
"6391",0,1,1,0,0,0,0,1,0,0,0
"6390",1,1,1,1,1,1,1,1,1,1,1
"6392",1,1,1,1,1,1,1,1,1,1,1
"6389",0,1,0,0,1,1,1,1,1,0,0
"6821",1,0,0,1,0,1,0,0,0,0,1
"6533",1,1,1,0,0,0,1,0,1,1,0
"5092",1,1,0,1,0,1,1,1,1,1,0
"23530",1,1,0,0,0,0,0,0,1,1,1
"79178",0,1,0,1,0,1,0,1,1,0,0
"6567",0,0,1,1,0,0,1,1,0,0,0
"1890",0,1,0,1,1,1,0,1,0,1,0
"55217",1,0,1,0,0,0,0,0,1,0,1
"7296",1,1,1,1,1,1,1,1,1,1,1
"11181",0,0,0,0,1,0,0,0,0,0,0
"80162",1,1,1,1,1,1,1,1,1,1,1
"7166",1,0,0,1,0,1,1,1,0,0,1
"121278",0,0,0,0,0,0,0,0,0,0,0
"169355",0,0,0,1,0,0,0,0,0,1,0
"6999",1,0,0,0,0,0,1,1,1,1,1
"6561",0,0,0,0,0,0,0,0,0,0,0
"6916",0,1,1,0,1,0,1,1,0,1,1
"7054",0,0,0,0,0,0,0,0,0,0,0
"7306",0,0,0,0,0,0,0,0,0,0,0
"10020",1,1,1,1,1,0,0,0,1,1,0
"29880",1,1,1,1,1,1,1,1,1,1,1
"7355",1,0,0,1,1,1,0,1,1,0,0
"7358",0,1,1,0,0,1,0,0,1,0,1
"23169",1,0,0,1,1,1,1,0,1,1,1
"80146",1,1,1,1,1,1,1,1,1,1,1
"5168",1,1,0,1,1,0,1,0,1,1,1
"84912",1,0,0,0,0,1,0,0,1,1,0
"3906",0,0,0,0,0,0,0,0,0,0,0
"7357",1,1,1,1,1,0,1,1,1,1,1
"11046",1,0,0,0,1,0,1,1,0,0,1
"54576",0,0,0,0,0,0,0,0,0,0,0
"54575",0,0,0,0,0,0,0,0,0,0,0
"54657",0,0,0,0,0,0,0,0,0,0,0
"54659",0,0,0,0,0,0,0,0,0,0,0
"54658",0,0,0,0,0,0,0,0,0,0,0
"54577",0,0,0,0,0,0,0,0,0,0,0
"54600",0,0,0,0,0,0,0,0,0,0,0
"54579",0,0,0,0,0,0,0,0,0,0,0
"54578",0,0,0,0,0,0,0,0,0,0,0
"7364",0,0,0,0,0,0,0,0,0,0,0
"54490",0,0,0,0,0,0,0,0,0,0,1
"7367",0,0,0,0,0,0,0,0,0,1,1
"7365",0,0,0,0,0,0,0,0,0,0,0
"10720",0,0,0,0,0,0,0,0,0,0,0
"7363",0,0,0,0,0,0,0,0,0,0,0
"54963",1,1,1,1,1,1,1,1,1,1,1
"7498",0,0,0,0,1,0,0,0,1,0,0
"9942",1,1,1,0,0,0,0,0,1,0,0
"64132",0,1,0,1,1,0,1,1,1,0,0
"64131",0,0,0,1,1,1,1,0,1,0,0
"51181",1,1,1,1,1,1,1,1,1,1,1
"64077",1,0,1,0,1,0,1,1,0,0,0
"5464",1,1,1,1,1,1,1,1,1,1,1
"10724",1,1,1,1,1,1,1,1,1,1,1
"94033",0,0,0,1,0,0,0,0,0,0,0
"2495",1,1,1,1,1,1,1,1,1,1,1
"1356",0,1,0,1,1,0,1,0,0,1,0
"2512",1,1,1,1,1,1,1,1,1,1,1
"1727",1,1,1,1,1,1,1,1,1,1,1
"51706",1,1,1,1,1,1,1,1,1,1,1
"51700",0,0,0,1,0,1,1,1,1,1,0
"10587",1,0,0,1,0,1,1,1,0,0,0
"80347",1,1,1,1,1,1,1,1,1,1,1
"84618",0,0,0,0,0,0,1,0,0,1,1
"22978",0,0,1,0,1,0,0,0,1,1,1
"51251",1,1,1,1,1,1,1,1,1,1,1
"93034",0,0,0,0,1,1,0,0,1,1,1
"100526794",0,0,0,0,0,0,0,0,0,0,0
"353",1,1,1,1,1,1,1,1,1,1,1
"3251",1,1,1,1,1,1,1,1,1,1,1
"56954",0,1,0,1,0,0,1,0,0,1,1
"5313",0,0,0,0,0,0,0,0,0,0,0
"728441",0,0,0,0,0,0,0,1,0,1,0
"124975",0,0,1,1,0,0,0,0,1,1,0
"91227",0,0,0,0,0,0,0,0,0,0,0
"102724197",0,0,0,0,0,0,0,1,0,1,0
"92086",0,0,0,0,0,0,0,0,0,0,0
"2686",1,1,1,1,1,1,1,1,1,1,1
"5211",1,1,1,1,1,1,1,1,1,1,1
"1491",1,0,1,0,1,1,1,0,1,1,0
"2819",1,1,0,0,0,0,1,1,0,1,1
"29925",1,1,0,1,1,0,0,1,1,0,0
"29926",1,0,0,1,1,1,1,1,1,1,0
"102724560",0,0,0,0,0,0,0,0,0,0,0
"875",0,0,0,0,0,0,0,0,0,0,0
"249",1,1,1,1,1,1,0,1,0,1,0
"22934",1,1,1,1,1,1,1,1,1,1,1
"2766",1,0,0,0,1,1,1,1,1,0,0
"51292",1,1,1,1,1,1,1,1,1,1,1
"57571",1,1,0,1,1,0,1,1,0,1,0
"8833",1,1,1,1,1,1,1,1,1,1,1
"5538",1,1,1,1,1,1,1,1,1,1,1
"641371",0,1,1,1,0,0,1,1,0,1,0
"11332",1,1,0,0,0,1,1,1,1,0,0
"55825",0,0,1,0,0,1,0,0,1,1,0
"51102",1,1,0,0,0,1,1,1,0,1,0
"37",1,1,1,1,1,1,1,1,1,1,1
"33",0,0,0,0,0,0,0,0,0,0,0
"132158",0,0,1,1,1,0,1,1,0,0,0
"641649",1,1,0,1,0,0,0,1,0,1,0
"23475",1,0,1,1,0,1,0,1,0,0,0
"50484",0,1,1,0,1,0,1,0,0,1,1
"6240",1,1,1,0,1,1,1,1,1,1,0
"6241",1,0,1,0,1,0,1,1,0,1,1
"3156",0,1,1,1,0,1,1,0,1,1,0
"79966",0,1,0,1,0,0,0,0,1,1,0
"10588",0,1,1,0,0,0,1,1,1,1,0
"84890",1,1,0,0,1,1,0,0,1,0,0
"80025",0,1,1,0,0,1,0,0,1,1,1
"53354",1,0,1,1,0,1,1,0,1,1,1
"79646",0,1,1,0,0,1,0,0,1,0,1
"83594",0,0,1,1,1,0,0,0,1,0,1
"7263",1,0,0,1,0,0,1,1,0,1,1
"26275",1,1,1,0,1,0,1,0,0,1,1
"29920",1,1,1,1,1,1,1,1,1,1,1
"7389",1,1,1,1,1,1,1,1,1,1,1
"1595",1,1,1,0,0,0,0,1,1,1,0
"130367",0,1,0,0,0,0,1,1,0,1,1
"10478",0,1,1,1,1,1,1,1,1,1,1
"23443",1,1,0,1,1,0,0,0,0,1,1
"64240",0,0,0,0,0,0,0,0,0,0,1
"64241",0,0,0,1,0,0,0,1,1,0,0
"284111",0,1,1,0,1,0,0,0,1,0,1
"8435",0,0,0,1,0,0,0,1,1,0,0
"3988",1,1,1,1,1,1,1,1,1,1,1
"377677",1,0,1,1,0,0,1,0,1,1,1
"767",0,1,1,0,0,1,0,0,0,1,1
"765",0,1,1,0,1,0,1,1,1,0,0
"759",1,0,0,0,0,0,0,0,0,0,0
"760",1,1,0,0,0,0,0,1,1,0,0
"23632",1,0,1,0,1,0,0,1,1,1,0
"766",0,0,0,0,0,0,0,0,0,1,1
"771",0,0,0,0,0,0,0,0,0,0,0
"768",0,0,0,0,0,0,0,0,1,0,0
"762",0,0,0,0,0,0,0,0,0,0,0
"10057",0,0,0,1,1,1,1,0,1,1,1
"6556",0,0,0,0,1,1,1,1,0,0,0
"6568",0,0,1,0,0,0,1,1,0,0,0
"7779",1,0,1,1,1,1,1,0,0,1,1
"54020",1,1,0,1,0,1,0,1,1,0,0
"215",1,0,0,1,0,1,0,1,0,0,0
"5825",1,0,1,1,0,1,0,0,0,1,1
"641372",1,0,0,0,1,1,1,1,0,0,1
"9045",1,1,1,1,1,1,1,1,1,1,1
"4017",1,0,0,0,1,1,1,1,1,0,0
"84105",0,1,1,1,0,0,0,0,0,1,0
"25830",0,0,0,0,0,1,0,0,0,0,0
"84569",0,0,0,0,0,0,0,1,0,0,0
"4025",0,0,0,0,0,0,0,1,0,0,0
"54995",1,0,1,0,1,1,0,0,1,1,1
"93492",0,0,1,1,0,0,1,1,0,1,0
"1267",1,1,1,1,1,1,1,1,1,1,0
"10249",0,0,0,0,1,0,0,0,0,0,0
"1573",1,1,0,1,0,0,1,0,1,1,0
"1580",0,0,0,0,1,0,0,0,0,0,0
"199974",0,0,0,0,0,0,0,0,0,0,0
"260293",0,0,0,0,0,0,0,0,0,0,0
"1555",1,0,0,0,0,0,0,0,0,0,0
"1549",0,1,1,0,0,0,1,0,1,1,0
"57834",0,0,0,0,0,0,0,0,0,0,0
"29785",1,1,1,1,1,1,1,1,0,1,0
"1215",0,0,0,0,1,0,0,0,0,1,0
"1357",0,0,0,0,0,0,0,0,1,0,0
"93979",0,0,0,0,1,1,1,0,0,1,0
"57094",0,0,0,0,0,0,0,0,0,0,0
"1358",1,0,0,0,1,0,0,0,0,0,0
"7177",1,1,1,1,1,1,1,0,0,1,0
"64499",1,1,1,1,1,1,1,0,0,1,0
"23430",0,0,0,0,0,0,0,0,0,1,0
"1636",0,1,0,0,0,0,0,1,0,0,0
"9365",0,0,0,1,0,1,1,1,0,0,1
"9331",0,0,0,0,0,1,1,0,1,0,1
"7368",0,1,0,0,0,0,1,1,0,1,1
"5315",1,1,1,1,1,1,1,1,1,1,1
"1666",1,1,1,1,1,1,1,1,1,1,1
"874",1,1,0,1,0,0,1,1,1,0,0
"10901",0,0,0,1,0,1,1,1,1,0,0
"126410",0,0,1,0,0,0,1,1,0,0,0
"2053",1,1,1,1,1,1,1,1,1,1,1
"8897",0,0,0,1,1,0,1,1,1,0,0
"8898",1,1,1,0,0,0,1,0,1,1,1
"9152",0,0,0,0,0,0,0,0,0,0,0
"9497",1,0,1,1,0,1,0,0,0,1,1
"115584",0,0,0,0,1,0,0,0,1,0,0
"6575",1,1,0,1,1,0,1,1,1,0,0
"6574",1,1,1,1,1,1,1,1,1,1,1
"142680",0,0,1,0,0,0,1,1,0,0,0
"6534",0,0,1,0,0,0,0,0,0,0,0
"3293",0,0,0,0,0,0,0,0,0,0,0
"1622",1,1,1,1,1,1,1,1,1,1,1
"225",1,0,0,0,1,1,1,0,0,0,1
"28965",0,0,0,0,0,0,0,1,0,0,0
"23205",1,0,0,0,0,0,0,0,0,1,1
"26061",1,1,1,1,1,1,1,1,1,1,1
"54716",1,0,0,0,0,0,1,1,0,0,1
"6564",0,0,0,0,0,0,0,0,0,0,0
"113235",1,0,1,1,0,0,1,1,1,0,0
"1200",1,1,1,1,1,1,1,1,1,1,1
"2168",0,0,0,0,0,0,0,0,0,0,0
"51056",1,1,1,1,1,1,1,1,1,1,1
"9390",1,0,0,0,0,0,1,0,0,1,1
"5184",1,1,1,1,1,1,1,1,1,1,1
"4891",0,1,0,1,1,1,1,0,1,1,1
"30061",1,0,0,0,1,1,1,1,1,0,0
"248",0,0,0,0,0,0,0,0,0,0,0
"4524",0,1,0,0,1,1,1,1,1,0,0
"25796",1,1,1,1,1,1,1,1,1,1,1
"28982",1,0,1,0,1,0,1,0,0,1,1
"6120",1,0,1,0,0,1,1,0,0,1,1
"10864",0,1,1,0,0,1,0,1,0,1,0
"9376",0,0,0,0,0,0,0,0,0,0,0
"9356",0,0,0,0,0,0,0,0,0,0,0
"348932",0,0,0,0,0,0,0,0,0,0,0
"120103",1,0,0,1,1,0,0,0,0,0,1
"1080",0,0,0,0,0,0,0,0,0,0,0
"85320",1,1,0,0,0,0,0,0,0,1,0
"222962",1,0,1,1,0,1,0,1,0,0,0
"10351",0,1,0,0,1,0,0,0,0,0,0
"9429",0,0,1,0,1,0,1,0,1,0,1
"55867",0,0,0,0,0,0,0,0,0,0,0
"364",0,1,1,0,1,1,0,1,0,1,0
"89872",0,1,0,0,0,0,0,0,0,0,0
"360",1,1,1,1,1,1,1,1,1,1,1
"21",0,0,1,1,0,1,1,1,1,0,0
"24",0,0,0,0,0,0,0,0,0,0,0
"125206",0,0,0,1,1,1,1,1,0,0,1
"200010",1,0,0,1,0,1,1,0,1,0,1
"6524",1,1,1,0,1,0,1,1,1,0,0
"159963",0,0,0,0,0,0,0,0,0,0,0
"55065",0,1,0,1,0,0,0,1,1,0,0
"79581",1,1,1,1,1,1,1,1,1,1,1
"3767",0,0,0,0,0,0,0,0,0,1,1
"6833",0,0,0,0,0,0,0,0,0,0,0
"10060",0,0,0,0,0,0,0,0,0,0,0
"3764",0,0,0,0,0,0,0,0,0,0,0
"5947",0,0,0,0,0,0,0,0,0,0,0
"64220",0,0,0,0,0,0,0,0,0,0,0
"5950",0,0,0,0,0,0,0,0,0,0,0
"5948",0,0,0,0,0,1,0,0,0,0,1
"949",0,1,0,0,1,0,1,1,0,1,0
"29881",0,0,0,0,0,0,0,1,0,0,0
"2350",0,0,0,1,0,1,1,1,0,0,1
"3248",0,0,1,1,0,1,0,1,1,0,1
"166929",0,0,0,0,0,0,0,0,0,1,1
"56261",1,1,1,1,1,1,1,0,1,1,1
"3658",0,1,0,1,1,1,1,0,1,1,1
"203",0,0,0,1,0,1,1,1,0,1,0
"122481",0,0,1,0,0,0,0,0,1,1,0
"159",1,1,1,1,1,1,1,1,1,1,1
"122622",0,0,1,1,0,1,1,1,0,0,0
"11212",1,1,1,1,1,1,1,1,1,1,1
"383",0,1,0,1,1,0,0,0,1,0,1
"1371",1,0,1,1,1,0,1,0,0,1,1
"1503",1,0,0,0,1,1,0,0,1,1,0
"56474",1,1,0,0,1,1,1,0,1,1,1
"2987",1,1,1,1,1,1,1,1,1,1,1
"5860",1,1,1,1,1,1,1,1,1,1,1
"9453",1,0,1,0,0,0,1,0,1,1,1
"2027",0,0,1,0,1,0,1,1,1,0,0
"2026",1,1,1,1,1,1,1,1,1,1,1
"2023",1,1,1,1,1,1,1,1,1,1,1
"9843",0,0,0,0,0,0,0,0,0,0,1
"80308",1,1,1,1,1,1,1,1,1,1,1
"7360",1,1,1,1,1,1,1,1,1,1,1
"26330",0,0,0,0,0,0,0,1,0,1,0
"2597",1,1,1,1,1,1,1,1,1,1,1
"9945",0,1,0,0,0,0,1,0,1,0,1
"2673",1,0,1,0,1,0,1,0,1,1,1
"2752",0,0,1,0,1,1,1,1,1,0,0
"51557",0,0,0,0,0,0,0,1,0,0,0
"1800",0,0,0,0,0,0,1,1,0,0,1
"2762",1,0,1,1,1,1,1,1,1,0,0
"2643",1,1,1,1,1,1,1,1,1,1,1
"761",1,1,0,0,0,1,1,0,0,0,1
"359",0,0,0,0,0,0,0,0,0,0,0
"4284",1,0,0,1,1,0,0,0,0,0,1
"361",0,0,0,0,0,0,0,0,0,0,0
"358",1,1,1,1,1,1,1,1,1,1,0
"362",0,0,0,0,0,0,0,1,1,0,0
"3145",1,1,1,1,0,1,1,1,1,1,1
"586",0,0,0,0,1,0,1,0,0,1,1
"3614",1,1,1,1,1,1,1,1,1,1,1
"3615",1,1,1,1,1,1,1,1,1,1,1
"682",1,1,1,1,1,1,1,1,1,1,1
"4351",1,1,1,1,1,1,1,1,1,1,0
"441024",0,0,1,1,1,1,0,0,0,1,1
"100287639",0,0,0,0,0,0,0,0,0,0,0
"65220",1,0,1,1,0,0,1,1,0,0,0
"389015",0,0,0,0,0,0,0,0,0,1,0
"6553",0,0,0,0,1,1,1,1,0,1,0
"2821",1,1,1,1,1,1,1,1,1,1,1
"5230",1,1,1,1,1,1,1,1,1,1,1
"5232",1,0,1,0,1,0,0,0,0,0,0
"375056",1,1,0,0,0,1,0,0,1,0,1
"5236",1,0,1,0,1,1,1,1,1,0,0
"55276",1,1,1,1,1,0,1,0,1,1,1
"5373",1,0,0,0,1,1,1,1,0,1,0
"5372",0,0,0,1,1,0,0,1,1,0,0
"210",0,1,0,1,0,1,1,1,1,0,0
"60490",0,1,0,1,1,0,1,1,0,0,0
"79717",1,1,1,1,1,1,1,1,1,1,1
"58510",0,0,0,0,0,0,0,0,0,1,0
"153201",0,0,0,0,0,0,0,0,0,0,0
"5634",1,1,1,1,1,1,1,1,1,1,1
"5631",1,1,1,1,1,1,1,1,1,1,1
"221823",0,0,0,0,1,0,0,1,0,0,0
"29968",1,0,1,1,1,1,1,1,1,1,1
"5723",0,0,1,1,1,0,1,0,0,0,1
"55312",1,0,1,0,0,0,1,0,1,1,1
"6888",1,1,1,1,1,1,1,1,1,1,1
"79896",0,1,1,0,1,0,0,0,1,0,1
"84076",0,0,0,0,0,0,0,0,0,0,0
"7086",1,1,1,1,1,1,1,1,1,1,1
"8277",0,1,0,0,1,1,1,1,1,0,0
"27010",1,0,0,1,0,0,1,0,1,1,0
"7167",1,1,1,1,1,1,1,1,1,1,1
"286016",1,1,0,0,0,0,1,1,0,1,0
"2582",0,0,1,0,1,1,0,1,1,0,0
"6675",0,0,0,1,0,1,1,0,0,1,1
"91373",1,1,0,0,1,0,0,1,0,0,0
"7390",0,1,0,0,1,1,0,1,0,0,0
"8170",0,0,0,0,1,0,1,1,0,1,0
"6563",1,1,0,0,1,1,0,0,0,1,1
"374569",0,0,0,0,0,0,0,0,0,0,1
"100507855",0,1,0,0,0,0,0,0,0,1,1
"55191",1,0,0,1,1,0,1,0,1,0,1
"132",1,1,1,1,1,1,1,1,1,1,1
"97",1,1,1,0,0,1,1,0,0,1,1
"98",0,0,0,1,1,1,1,1,1,0,0
"112611",1,0,0,1,0,0,1,0,1,1,1
"51005",0,1,1,1,0,0,1,1,0,0,0
"471",1,1,1,1,1,1,1,1,1,1,1
"435",1,0,0,1,1,0,1,1,1,0,0
"171425",0,0,1,0,1,1,1,1,1,0,0
"10007",1,1,1,1,1,1,1,1,1,1,1
"132789",1,0,1,1,0,1,1,0,1,0,1
"2584",0,0,1,1,1,1,1,1,0,0,0
"2585",0,1,0,1,1,0,0,0,1,1,0
"2592",1,1,1,1,1,1,1,1,1,1,1
"5471",0,1,1,0,0,1,1,0,1,0,1
"84264",1,1,0,0,1,0,1,1,0,0,1
"3034",0,1,0,0,0,1,1,0,0,0,1
"144193",1,0,1,0,0,1,1,1,0,1,1
"2739",1,1,1,1,1,1,1,1,1,1,1
"3613",0,1,0,1,0,0,0,1,1,0,0
"3612",1,0,0,1,1,1,0,0,0,0,1
"8776",0,0,0,1,1,1,1,0,0,1,1
"2978",0,0,0,0,0,0,0,0,0,0,0
"4953",1,1,1,1,1,1,1,1,1,1,1
"5214",1,1,1,1,1,1,1,1,1,1,1
"5213",0,1,0,1,1,0,1,1,1,1,0
"6569",0,0,0,1,0,0,0,0,0,1,0
"10050",0,0,0,0,1,0,0,0,0,0,0
"10568",0,0,0,0,0,0,0,0,0,0,1
"10786",1,0,1,0,1,0,0,1,1,1,0
"10246",0,0,0,0,0,0,0,0,0,0,0
"5198",1,1,0,0,1,0,0,1,0,0,0
"113675",0,1,0,0,0,0,1,0,0,0,1
"7298",1,1,0,1,0,0,1,1,0,1,0
"131669",0,0,0,0,0,0,0,1,0,0,0
"5973",0,0,0,1,0,1,0,1,1,0,0
"1635",1,1,1,1,1,1,1,1,1,1,1
"286297",0,0,0,0,0,0,0,0,0,0,0
"10560",0,0,1,1,1,0,0,0,0,1,1
"191",1,1,1,1,1,1,1,1,1,1,1
"10768",1,1,1,1,1,1,1,1,1,1,1
"25874",1,1,1,1,1,1,1,1,1,1,1
"51660",1,1,1,1,1,1,1,1,1,1,1
"57198",0,0,0,1,1,0,0,1,1,1,0
"5205",0,0,1,0,1,0,1,0,0,1,1
"23250",0,1,0,0,1,0,1,0,1,1,1
"286410",1,1,1,1,0,0,1,0,1,0,1
"5243",1,1,0,1,0,1,0,0,0,0,1
"55856",0,0,1,1,1,0,1,0,1,1,1
"7350",0,1,0,0,0,0,0,0,0,0,1
"26027",0,0,0,1,0,1,1,1,0,1,0
"10058",0,0,0,1,0,0,0,0,1,1,1
"51458",1,1,1,1,1,1,1,0,1,0,0
"948",0,1,0,1,0,0,0,0,0,0,0
"10928",1,0,0,0,0,1,0,1,1,0,0
"1728",1,1,1,0,0,1,1,1,1,0,0
"2946",0,0,1,1,0,0,1,0,0,1,1
"125981",1,0,0,1,0,1,0,1,1,0,1
"55331",0,0,0,1,1,1,1,0,0,1,1
"340485",1,0,1,0,0,0,1,0,0,1,1
"2760",0,0,1,0,1,1,0,1,0,0,0
"5660",1,1,1,1,1,1,1,1,1,1,1
"57704",1,1,0,1,1,0,1,1,1,0,0
"4759",0,0,0,0,0,0,0,0,0,0,0
"10825",0,1,0,0,1,0,0,0,1,1,0
"7903",1,1,1,0,0,1,1,0,0,0,1
"5407",0,0,0,0,0,0,0,0,0,0,0
"119548",0,0,0,0,0,0,0,0,0,0,0
"5408",0,0,0,0,0,0,0,0,0,0,0
"221955",0,0,0,0,1,1,0,1,1,0,0
"9388",0,0,0,0,0,0,0,0,0,0,0
"13",0,0,0,0,0,0,0,0,0,0,0
"57104",1,1,1,1,1,1,1,1,1,1,1
"3991",0,1,0,1,1,0,1,1,1,0,0
"747",0,0,0,0,0,1,1,1,1,0,0
"8513",1,0,0,0,0,0,0,0,0,0,0
"5406",0,0,0,0,0,0,0,0,0,1,0
"2170",0,1,1,0,0,1,0,0,0,1,1
"2171",1,0,0,1,1,0,0,1,0,1,0
"2167",0,0,0,0,0,0,0,0,0,0,1
"2172",0,0,0,0,0,1,0,0,0,0,0
"646480",0,0,0,0,0,0,0,0,0,0,0
"2173",0,0,0,0,0,0,0,0,0,0,0
"646486",0,0,0,0,0,0,0,0,0,0,0
"2169",0,1,0,0,0,1,0,0,0,0,1
"6296",1,1,0,1,1,0,0,0,1,0,1
"341392",0,0,0,0,0,0,0,0,0,0,0
"54988",0,0,0,0,0,0,0,0,0,0,0
"123876",0,0,0,0,0,0,0,0,0,0,0
"348158",0,0,0,0,0,0,0,0,0,0,0
"344967",0,1,0,0,1,0,0,1,0,1,0
"154141",1,1,0,1,0,1,0,0,0,1,1
"51099",1,1,0,0,0,1,1,0,1,1,1
"253558",1,0,0,1,0,0,0,0,1,0,1
"84513",1,1,0,1,0,0,1,0,0,1,1
"64748",1,1,1,0,1,0,1,0,0,1,1
"9890",0,0,0,0,0,0,0,0,0,0,0
"9663",1,1,1,1,1,1,1,1,1,1,1
"196051",0,0,0,0,0,0,0,0,0,0,0
"79948",0,1,1,0,1,0,1,0,0,1,0
"23175",1,1,1,1,1,0,1,0,1,1,1
"64900",1,1,0,0,0,0,0,1,0,0,0
"85465",0,0,1,1,0,1,1,0,0,1,1
"122618",0,1,0,1,0,1,1,1,0,1,0
"201164",1,1,0,1,0,0,1,1,1,0,0
"23646",1,1,1,1,1,1,1,1,1,1,1
"590",0,0,0,0,0,0,0,0,0,0,0
"91012",1,1,1,1,1,1,1,1,1,1,1
"204219",1,0,1,0,0,0,1,0,1,1,0
"10715",0,0,0,0,0,0,0,0,0,0,0
"253782",0,1,0,1,1,0,1,0,1,1,1
"29956",1,1,1,1,1,1,1,1,1,1,1
"79603",0,0,1,0,1,1,1,1,0,0,0
"56624",0,1,0,0,1,0,1,0,1,0,1
"55757",0,0,0,0,0,0,0,0,0,0,1
"145173",1,1,0,1,0,0,1,0,1,0,1
"644974",1,0,0,1,0,0,1,1,0,1,0
"56886",1,0,0,1,1,1,0,0,1,1,1
"152586",0,0,0,0,0,0,0,0,0,0,0
"55830",1,1,1,1,1,1,1,1,1,1,1
"170384",1,1,0,0,1,0,1,1,0,0,0
"283358",0,0,0,1,0,0,1,1,0,1,0
"148789",1,0,1,1,0,0,0,0,1,1,1
"2526",0,1,0,1,0,0,1,1,1,1,0
"84750",0,1,0,1,1,1,0,0,1,1,1
"644378",0,0,0,0,0,0,0,0,1,0,1
"55624",1,0,1,0,0,1,0,1,0,0,0
"83468",0,0,0,0,0,1,0,0,0,1,1
"168391",0,0,0,0,0,0,0,0,0,0,0
"338707",1,0,0,0,1,0,1,1,1,0,0
"146664",1,0,0,0,0,1,1,1,0,1,0
"360203",0,0,0,0,0,0,0,1,0,0,0
"56983",1,1,1,1,1,1,1,0,1,1,1
"3703",1,1,1,1,1,1,1,1,1,1,1
"124872",0,0,0,0,0,0,0,0,0,0,0
"8473",1,1,1,1,1,1,1,1,1,1,1
"8708",0,0,0,0,0,0,0,0,0,0,0
"2529",1,1,0,0,1,1,0,1,0,1,0
"8702",0,1,0,1,0,1,0,0,1,0,1
"8707",0,0,0,0,0,1,1,1,1,0,0
"200810",0,1,1,0,1,1,0,1,0,0,0
"84752",0,1,1,1,0,0,0,1,0,0,0
"201595",1,1,1,1,1,1,1,1,1,1,1
"140687",0,1,1,0,1,1,1,0,0,1,1
"51228",1,1,1,1,1,1,1,1,1,1,1
"284004",1,0,1,1,1,1,1,1,1,1,0
"79411",1,1,0,0,0,0,0,1,0,1,0
"27090",1,1,1,0,1,1,1,1,1,1,0
"129807",0,0,1,0,0,0,0,0,0,1,0
"2524",1,1,0,0,1,1,1,0,0,1,1
"2528",1,1,1,1,1,1,1,1,0,1,0
"2527",0,0,0,0,0,0,0,0,1,0,0
"113612",1,1,0,0,0,1,1,0,1,0,1
"493869",0,0,0,0,0,0,0,0,0,0,0
"64180",1,1,0,1,0,0,1,0,0,1,1
"64174",1,0,1,1,1,1,1,1,1,1,1
"10728",1,1,1,1,1,1,1,1,1,1,1
"11102",1,1,1,0,1,0,0,1,1,0,0
"91179",1,0,0,0,1,1,0,1,0,1,0
"10826",1,0,0,1,1,0,1,0,1,1,0
"266740",0,0,0,0,0,0,0,0,0,0,0
"3930",1,1,1,1,1,1,1,1,1,1,1
"4645",1,0,0,0,0,1,0,0,1,0,1
"3069",1,1,1,1,1,1,1,1,1,1,1
"4864",1,0,1,0,1,1,0,0,1,1,1
"285440",1,1,1,1,0,0,1,0,1,0,1
"79644",0,1,1,1,0,0,0,1,0,0,0
"1646",1,0,1,0,0,0,1,0,0,0,1
"51170",1,1,1,1,1,1,1,1,1,1,1
"51144",0,0,1,1,0,0,0,0,1,1,1
"8630",1,0,1,0,0,1,0,0,1,1,1
"158160",0,1,0,1,1,1,1,0,1,0,1
"83401",0,0,0,0,1,0,0,1,0,0,0
"64834",1,1,1,1,1,1,1,1,1,1,1
"79993",0,1,0,0,0,0,1,0,1,1,0
"401494",0,1,0,1,0,0,1,0,1,0,1
"192286",1,1,1,1,1,1,1,1,1,1,1
"201562",0,0,1,1,0,1,1,0,1,1,1
"9200",0,1,0,1,0,1,0,1,0,1,0
"51495",1,1,1,1,1,1,1,1,1,1,1
"253017",0,0,0,0,0,0,0,0,0,0,0
"9524",1,1,1,1,1,1,1,1,1,1,1
"283985",0,0,0,0,0,1,0,0,0,0,0
"3995",0,1,1,1,0,1,1,1,0,1,1
"1155",1,1,1,1,1,1,1,1,1,1,1
"114571",1,0,0,0,0,1,0,0,0,0,0
"123096",1,0,1,1,1,0,1,1,1,0,1
"57016",0,0,0,0,0,0,0,0,0,0,0
"55277",1,0,1,1,0,0,0,1,0,1,0
"79707",1,0,0,1,1,1,1,1,1,1,1
"64122",0,1,0,0,0,1,0,1,1,0,0
"9917",1,1,1,1,0,0,0,1,1,1,0
"79672",1,0,0,1,1,1,1,1,1,1,1
"92370",0,1,0,0,1,1,0,0,0,1,1
"390928",0,0,0,1,0,0,0,0,0,0,0
"93650",1,0,0,1,0,0,1,1,1,1,0
"139596",0,1,1,0,0,0,1,0,1,0,0
"55066",0,1,0,1,1,0,0,0,1,1,0
"283208",0,0,0,0,1,1,0,0,0,1,1
"5033",1,1,1,1,1,1,1,1,1,1,1
"8974",1,1,1,1,1,1,1,1,0,0,1
"58478",1,1,1,1,1,1,1,1,1,1,1
"55256",1,1,1,1,1,1,1,1,1,1,1
"259307",1,0,0,0,0,0,1,1,0,1,0
"81894",1,1,1,1,1,1,1,1,1,1,1
"51312",1,0,0,0,1,1,1,0,1,1,0
"138639",0,0,0,1,1,0,1,0,1,1,1
"23203",1,1,1,1,1,1,1,1,1,1,1
"9896",1,1,0,0,1,1,1,0,1,1,1
"374462",0,0,0,0,0,1,1,1,0,0,0
"163404",0,0,0,0,0,0,0,0,0,0,0
"22908",1,1,1,1,1,1,1,0,1,1,1
"22876",1,1,0,1,0,0,1,0,0,1,1
"84814",1,1,0,0,0,1,0,1,0,0,1
"51559",1,0,0,1,0,1,1,0,1,1,1
"29085",1,1,1,1,1,1,1,1,1,1,1
"64419",1,1,1,1,1,1,1,1,1,1,1
"145553",0,0,1,1,0,0,0,1,1,0,0
"51496",0,1,0,1,0,1,0,0,1,0,1
"8446",1,1,1,1,1,1,1,1,1,1,1
"9107",1,1,1,1,1,1,1,1,1,1,1
"23371",0,1,0,0,1,1,1,1,1,0,0
"9108",1,1,0,0,0,0,0,0,1,0,1
"55613",1,1,1,1,0,1,1,0,1,1,1
"403313",0,0,0,1,1,1,1,0,1,0,1
"9562",1,1,0,1,0,1,0,0,0,1,1
"3705",1,0,1,0,1,0,1,1,1,0,0
"138429",1,1,0,1,0,0,1,0,1,0,0
"10170",0,0,0,0,0,0,1,1,0,1,1
"9249",1,1,1,1,1,1,1,1,1,1,1
"220074",1,0,0,0,1,1,1,0,0,1,1
"1733",0,0,1,1,1,0,1,0,0,1,1
"1735",0,0,0,0,0,0,0,0,0,0,0
"1734",0,0,0,0,0,0,0,0,0,0,0
"6819",0,0,0,0,0,0,0,0,0,0,0
"27284",0,1,0,1,0,1,1,0,1,0,1
"84274",1,1,1,1,1,1,1,1,1,1,1
"4297",0,0,0,1,1,1,0,0,1,1,1
"55904",1,1,1,1,1,1,1,1,1,1,1
"55870",1,0,0,1,1,0,0,0,1,1,1
"79723",0,1,0,1,1,1,0,0,1,0,1
"79813",0,0,0,0,1,1,1,1,1,0,0
"387893",0,0,0,1,1,0,1,0,0,1,0
"8085",0,1,0,0,1,1,1,0,1,0,0
"58508",0,1,0,0,1,1,1,0,1,1,1
"9869",1,0,1,0,1,0,1,0,1,1,1
"9757",1,1,1,0,0,0,1,1,0,0,0
"80854",1,1,0,1,0,1,1,0,0,1,1
"9739",1,0,1,0,0,1,1,1,1,0,0
"64754",1,0,0,1,1,0,1,1,1,0,0
"84444",0,1,0,1,1,0,1,1,1,0,0
"10919",0,0,1,1,1,1,0,1,1,0,0
"64324",0,0,1,1,1,1,0,0,1,1,0
"23067",0,1,1,0,1,0,0,0,0,1,0
"6839",0,1,0,0,1,1,0,1,1,0,0
"83852",1,0,0,1,0,0,1,0,0,1,1
"54904",1,1,1,1,1,1,1,1,1,1,1
"84787",1,1,0,1,1,0,1,1,0,0,0
"29072",1,1,1,1,1,1,1,0,1,1,1
"7468",0,1,0,0,1,1,1,0,1,1,1
"51111",0,1,0,1,0,0,1,0,1,1,1
"6419",0,0,0,1,1,1,1,0,1,1,1
"90701",1,1,1,1,1,1,1,1,1,1,1
"9789",1,1,1,1,1,1,1,1,1,1,1
"23478",1,1,1,1,1,1,1,1,1,1,1
"28972",1,1,1,1,1,1,1,1,1,1,1
"60559",1,1,1,1,1,1,1,1,1,1,1
"57171",1,1,0,1,0,1,1,1,1,0,0
"4249",1,0,1,0,1,0,1,0,1,1,0
"25834",0,0,0,0,0,0,0,0,0,0,0
"137902",0,0,1,1,1,0,1,0,0,1,1
"7837",0,0,1,0,0,1,0,0,1,1,0
"9677",0,1,0,1,0,0,0,1,1,0,0
"23262",1,1,0,1,0,1,1,0,1,0,1
"26007",1,0,0,1,0,0,1,1,0,0,0
"158584",1,1,1,1,1,1,1,1,1,1,1
"283209",0,0,0,1,0,1,1,0,0,1,1
"23491",0,0,0,0,0,0,0,1,0,0,1
"221223",0,0,0,0,0,0,0,0,0,0,0
"1208",0,0,0,0,0,0,0,0,0,0,0
"55244",0,1,0,0,0,0,0,0,1,0,1
"146802",1,0,0,0,0,0,1,0,0,1,1
"345274",0,0,0,0,0,0,0,0,1,0,0
"116085",0,0,0,0,0,0,0,0,0,0,0
"123688",0,0,0,1,1,0,0,0,0,1,1
"56898",0,0,1,1,0,0,1,0,1,1,1
"51171",0,1,0,1,0,1,0,1,0,0,0
"84869",1,1,0,1,1,0,0,0,0,1,1
"51741",0,1,1,1,0,0,1,1,1,0,0
"10202",0,0,0,0,0,0,0,0,0,0,0
"1487",1,1,1,1,1,1,1,1,1,1,1
"93517",0,1,0,0,1,1,0,0,1,1,1
"121214",0,0,0,0,0,0,0,0,0,0,0
"10553",1,1,1,1,1,1,1,1,1,1,1
"100288072",1,1,1,0,1,0,0,1,1,0,0
"374875",0,0,0,1,1,0,1,1,0,0,0
"441282",0,0,0,0,0,1,0,0,0,0,0
"340811",0,0,0,1,0,0,0,0,0,1,1
"133121",0,0,0,0,0,0,0,0,0,0,0
"85007",1,1,1,1,1,1,1,1,1,1,1
"250",0,1,0,0,0,0,0,0,0,0,0
"251",0,0,0,0,0,0,0,0,0,0,0
"123264",0,0,0,0,0,0,0,0,0,0,0
"200931",1,0,0,0,1,0,1,0,1,1,0
"10941",1,0,0,0,0,0,0,0,0,0,1
"79799",0,0,0,0,0,0,0,0,0,0,0
"10476",1,1,1,1,1,1,1,1,1,1,1
"518",1,1,1,1,1,1,1,1,1,1,1
"498",1,1,1,1,1,1,1,1,1,1,1
"516",1,1,1,1,1,1,1,1,1,1,1
"522",1,1,1,1,1,1,1,1,1,1,1
"515",1,1,1,1,1,1,1,1,1,1,1
"9551",1,1,1,1,1,1,1,1,1,1,1
"27109",1,1,1,1,1,1,1,1,1,1,1
"267020",0,1,0,0,1,1,0,1,1,0,0
"509",1,1,1,1,1,1,1,1,1,1,1
"513",1,1,1,1,1,1,1,1,1,1,1
"514",1,1,1,1,1,1,1,1,1,1,1
"517",1,1,1,1,1,1,1,1,1,1,1
"521",1,1,1,1,1,1,1,1,1,1,1
"10632",1,1,1,1,1,1,1,1,1,1,1
"506",1,1,1,1,1,1,1,1,1,1,1
"539",1,1,1,1,1,1,1,1,1,1,1
"29796",1,1,1,1,1,1,1,1,1,1,1
"4519",1,1,1,1,1,1,1,1,1,1,1
"1537",1,1,1,1,1,1,1,1,1,1,1
"7381",1,1,1,1,1,1,1,1,1,1,1
"10975",1,1,1,1,1,1,1,1,1,1,1
"27089",1,1,1,1,1,1,1,1,1,1,1
"7384",1,1,1,1,1,1,1,1,1,1,1
"7386",1,1,1,1,1,1,1,1,1,1,1
"7388",1,1,1,1,1,1,1,1,1,1,1
"7385",1,1,1,1,1,1,1,1,1,1,1
"9481",0,1,0,0,0,0,1,0,0,1,0
"9016",0,0,1,0,0,1,1,0,1,1,1
"7351",1,1,1,1,1,1,1,1,1,1,1
"7352",0,0,0,0,1,1,0,0,1,1,1
"4535",1,1,1,1,1,1,1,1,1,1,1
"4540",1,1,1,1,1,1,1,1,1,1,1
"4541",1,1,1,1,1,1,1,1,1,1,1
"4729",1,1,0,1,1,0,1,0,1,1,1
"126328",0,0,0,1,1,1,1,1,0,0,0
"4717",1,1,1,1,1,1,1,1,1,1,1
"4719",1,1,0,0,1,1,0,0,1,1,0
"7991",0,0,0,0,1,0,0,0,0,1,1
"4539",1,1,1,1,1,1,1,1,1,1,1
"4707",1,1,1,1,1,1,1,1,1,1,1
"4705",1,1,1,1,1,1,1,1,1,1,1
"4536",1,1,1,1,1,1,1,1,1,1,1
"4713",1,1,1,1,1,1,1,1,1,1,1
"4538",1,1,1,1,1,1,1,1,1,1,1
"4731",1,0,1,1,1,0,1,1,1,0,0
"4695",1,1,1,1,1,1,1,1,1,1,1
"4708",1,1,1,1,1,1,1,1,1,1,1
"4711",1,1,1,1,1,1,1,1,1,1,1
"4723",1,1,1,1,1,1,1,1,1,1,1
"4706",1,1,1,1,1,1,1,1,1,1,1
"4701",1,0,0,1,0,0,1,1,0,1,0
"4724",1,1,1,1,1,1,1,1,1,1,1
"4718",1,1,1,1,1,1,1,1,1,1,1
"4698",1,1,1,1,0,1,1,1,1,1,1
"4537",1,1,1,1,1,1,1,1,1,1,1
"55967",1,1,1,1,1,1,1,1,1,1,1
"4728",1,1,1,1,1,1,1,1,1,1,1
"4715",1,1,1,1,1,1,1,1,1,1,1
"51079",0,0,1,0,1,0,1,1,0,0,0
"54539",1,1,1,1,1,1,1,1,1,1,1
"4714",1,1,1,1,1,1,1,1,1,1,1
"4720",1,1,1,1,1,1,1,1,1,1,1
"4712",1,1,1,1,1,1,1,1,1,1,1
"4722",1,1,1,1,1,1,1,1,1,1,1
"4704",0,0,1,1,1,0,1,1,1,0,0
"4694",1,1,1,1,1,1,1,1,1,1,1
"4702",1,1,1,1,1,1,1,1,1,1,1
"4709",1,1,1,1,1,1,1,1,1,1,1
"4725",1,1,1,1,1,1,1,1,1,1,1
"4710",1,1,1,1,1,1,1,1,1,1,1
"4697",1,1,1,1,1,1,1,1,1,1,1
"4726",1,1,1,1,1,1,1,1,1,1,1
"4716",1,1,1,1,1,1,1,1,1,1,1
"374291",0,0,1,0,0,1,0,1,1,0,0
"1345",1,1,1,1,1,1,1,1,1,1,1
"1340",1,1,1,1,1,1,1,1,1,1,1
"1329",1,1,1,1,1,1,1,1,1,1,1
"4514",1,1,1,1,1,1,1,1,1,1,1
"4513",1,1,1,1,1,1,1,1,1,1,1
"1327",1,1,1,1,1,1,1,1,1,1,1
"1351",1,1,1,1,1,1,1,1,1,1,1
"1349",1,1,1,1,1,1,1,1,1,1,1
"1346",1,1,1,1,1,1,1,0,1,0,1
"1347",1,1,1,1,1,1,1,1,1,1,1
"9377",1,1,1,1,1,1,1,1,1,1,1
"1337",1,1,1,1,1,1,1,1,1,1,1
"4512",1,1,1,1,1,1,1,1,1,1,1
"1350",1,1,1,1,1,1,1,1,1,1,1
"9167",1,1,1,1,1,1,1,1,1,1,1
"125965",0,0,0,0,0,0,0,0,1,1,0
"1339",0,0,0,0,1,0,0,1,0,0,0
"170712",0,0,0,0,0,0,0,0,0,0,0
"84701",0,0,0,0,0,0,0,1,0,0,0
"4363",0,1,1,0,0,1,0,1,1,0,0
"146712",1,0,0,1,1,1,1,0,0,1,1
"10554",1,0,1,0,0,1,1,1,1,0,0
"240",0,1,0,0,1,1,1,1,0,1,1
"534",1,0,1,0,1,0,1,0,1,1,1
"8705",1,1,0,1,1,0,1,1,0,0,0
"570",0,1,0,0,0,0,1,1,0,0,1
"622",1,0,1,0,1,0,1,1,1,0,0
"57818",0,0,0,0,0,0,0,0,0,0,0
"8647",0,0,0,0,0,0,0,0,0,0,0
"124935",1,0,1,1,0,0,1,1,0,1,0
"6531",0,0,0,0,0,0,0,0,0,1,0
"11000",1,1,0,0,1,1,0,1,0,1,0
"4758",0,1,0,1,1,1,1,1,1,0,0
"2618",1,1,1,1,1,1,1,1,1,1,1
"2629",0,1,1,1,0,0,1,1,0,1,0
"7264",1,1,1,1,1,1,1,1,1,1,1
"284098",1,0,1,1,1,0,0,0,1,1,1
"3163",1,1,1,1,1,1,1,1,1,1,1
"7923",1,1,1,1,1,1,1,1,1,1,1
"10723",1,1,0,1,1,1,1,1,1,0,1
"201288",0,0,0,0,0,0,0,0,0,0,0
"645740",0,0,0,0,0,0,0,0,0,0,0
"1589",1,1,1,1,1,1,1,1,0,0,0
"9651",1,0,0,1,0,0,1,1,0,1,0
"8396",1,1,0,1,0,1,1,1,1,1,0
"8399",0,0,0,0,0,1,1,0,1,1,0
"64711",0,0,0,0,0,0,0,0,0,0,0
"7366",0,0,0,0,0,0,0,0,0,0,0
"9374",1,0,1,1,0,1,0,1,0,0,0
"93100",0,0,1,1,1,0,1,1,0,0,0
"55229",0,1,1,0,0,1,1,1,1,0,0
"26063",1,0,0,1,1,1,1,1,1,0,0
"2880",0,0,0,0,0,0,0,0,0,0,0
"65263",0,0,0,0,1,0,1,1,0,0,0
"8781",0,0,1,0,1,0,1,0,0,1,1
"31",1,0,1,0,0,1,1,0,1,1,0
"55750",1,0,0,1,0,1,0,0,0,1,1
"8644",1,0,0,1,0,1,1,0,1,0,0
"1066",1,0,0,0,1,0,0,0,0,0,0
"5446",0,0,0,0,0,0,0,1,0,0,0
"4905",1,1,0,0,0,1,0,0,1,1,1
"4700",1,1,1,1,1,1,1,1,1,1,1
"4696",1,1,1,1,1,1,1,1,1,1,1
"341947",0,0,0,0,0,0,0,0,1,1,0
