"","GSM662182","GSM662183","GSM662190","GSM662212","GSM662213","GSM662214","GSM662215","GSM662216","GSM662217","GSM662218","GSM2086285","GSM2086286","GSM2086287","GSM2086288","GSM2086289","GSM2086290"
"26",0,0,0,0,0,0,1,0,0,1,0,0,0,0,0,0
"314",0,0,0,0,0,0,0,0,1,0,0,0,0,0,1,0
"8639",0,0,0,0,0,0,0,0,0,0,0,0,0,0,0,0
"1591",0,0,0,0,0,0,0,0,0,0,0,0,0,0,0,0
"1594",0,0,1,0,0,1,0,1,1,0,0,1,0,1,1,0
"10993",0,1,1,1,1,1,0,0,0,1,1,0,0,1,1,0
"6818",0,0,0,0,0,1,1,1,1,0,0,1,0,1,0,1
"89874",0,0,0,0,0,0,0,0,0,0,0,0,0,0,0,0
"55293",0,1,1,1,0,1,0,1,0,0,1,0,1,0,1,1
"3945",1,1,1,1,1,1,1,1,1,1,1,1,1,1,1,1
"92483",0,0,0,0,0,0,0,0,0,0,0,0,0,0,0,0
"160287",0,0,0,0,0,0,0,0,0,0,0,0,0,0,0,0
"3948",0,0,0,0,0,0,1,0,1,0,1,1,0,0,0,0
"3939",1,1,1,1,1,1,1,1,1,1,1,1,1,1,1,1
"134526",0,0,0,0,0,0,0,0,0,0,0,0,0,0,0,0
"51",0,1,1,1,1,1,1,0,0,0,1,1,1,1,0,0
"95",1,1,1,0,0,0,1,1,0,0,0,1,1,0,1,0
"50",1,1,1,1,1,0,1,1,1,1,1,1,1,1,1,1
"48",1,1,0,1,1,0,0,1,0,0,1,1,0,0,1,0
"8309",0,0,0,0,0,0,0,0,0,1,1,1,0,0,0,0
"52",1,1,1,1,1,1,1,1,1,1,1,1,1,1,1,1
"55",0,0,0,0,0,0,0,0,0,0,0,0,0,0,0,0
"788",1,1,1,1,1,1,1,1,1,1,1,1,1,1,1,1
"9194",0,0,1,1,0,1,0,1,0,1,1,1,0,0,1,0
"55902",0,0,0,1,1,1,0,0,0,0,0,0,0,0,0,0
"9123",0,0,1,0,1,0,1,1,1,0,0,1,0,1,0,0
"6566",1,0,1,0,1,1,0,1,1,0,1,1,1,0,1,0
"57835",1,0,0,0,0,0,0,0,0,0,0,0,0,0,0,0
"65985",0,0,1,1,1,1,0,1,0,0,1,1,0,0,1,1
"8671",1,0,1,1,1,0,1,0,1,0,1,1,1,0,1,0
"438",0,0,0,0,0,0,0,0,0,0,0,0,0,0,0,0
"1571",0,0,0,0,0,0,0,0,0,0,0,0,0,0,0,0
"4967",0,0,0,0,0,0,1,1,1,1,0,1,0,1,0,1
"100",1,1,1,1,1,1,1,1,1,1,1,1,1,1,1,1
"8050",1,1,1,1,1,1,1,1,1,1,1,1,1,1,1,1
"1738",1,1,1,1,1,1,1,1,1,1,1,1,1,1,1,1
"3177",1,0,0,0,1,1,1,0,1,1,0,0,1,0,1,1
"1743",1,1,1,1,1,1,1,1,1,1,1,1,1,1,1,1
"126",0,0,0,0,0,0,0,0,0,0,0,0,0,0,0,0
"205",0,1,1,1,1,0,1,0,1,0,0,1,0,0,1,0
"128",0,1,1,1,1,1,1,1,1,1,1,1,1,1,1,1
"204",1,1,1,1,1,1,1,1,1,1,1,1,1,1,1,1
"130",1,0,0,0,0,0,0,0,0,1,0,0,0,0,0,0
"127",0,0,0,0,0,0,0,0,0,0,0,0,0,0,0,0
"131",0,0,0,0,0,0,0,0,0,0,0,0,0,0,0,0
"124",0,0,0,0,0,0,0,0,0,0,0,0,0,0,0,0
"125",0,0,0,0,0,0,0,0,0,0,0,0,0,0,0,0
"26289",1,1,0,0,0,0,0,1,0,1,0,1,0,1,1,1
"137872",0,0,0,1,0,1,0,1,1,1,0,0,0,0,0,0
"1312",0,1,0,0,0,0,1,0,0,1,0,1,0,0,0,1
"50808",1,0,0,0,0,1,0,0,0,1,0,0,0,0,0,0
"262",1,1,1,1,1,1,1,1,1,1,1,1,1,1,1,1
"117247",0,0,0,0,0,0,0,0,0,0,0,0,0,0,0,0
"222",0,0,0,0,0,0,0,0,0,0,0,0,0,0,0,0
"113",1,1,1,1,1,1,1,1,1,1,1,1,0,1,1,1
"218",1,1,0,1,1,1,1,0,0,1,0,1,0,1,0,1
"108",0,1,1,1,0,1,1,0,0,0,0,1,1,0,0,1
"220",0,0,0,0,0,0,0,0,0,0,0,0,0,0,0,0
"221",1,1,1,0,0,1,1,0,0,0,0,1,1,0,0,1
"114",1,1,0,0,0,0,1,0,0,0,0,0,0,0,0,1
"111",0,0,0,0,0,0,0,0,0,0,0,0,0,0,0,0
"3242",0,0,0,0,0,0,1,1,0,1,1,1,1,0,0,0
"115",1,1,1,1,0,0,0,0,0,0,0,1,0,1,0,0
"18",0,1,0,0,0,1,0,1,1,1,1,0,1,0,1,0
"109",0,1,0,0,0,0,1,0,1,1,1,1,0,1,0,0
"55811",0,0,0,0,0,0,0,0,0,0,0,0,0,0,0,0
"196883",0,0,0,0,0,0,0,0,0,0,0,0,0,0,0,0
"2531",1,0,1,0,1,1,0,1,1,0,0,1,0,1,0,1
"107",1,1,0,0,0,0,1,0,1,0,1,1,0,1,0,0
"23498",1,0,0,0,1,1,0,0,0,1,1,1,0,1,0,0
"112",1,1,1,0,1,0,0,0,1,0,0,0,1,0,1,0
"55268",0,0,0,1,0,1,0,1,1,1,0,0,0,1,1,1
"51166",0,0,0,0,0,0,0,0,0,0,0,0,0,0,0,0
"2030",1,0,1,1,0,0,1,1,1,0,1,1,0,0,1,0
"883",1,0,1,1,0,0,0,1,0,0,1,1,0,0,0,1
"1644",1,1,0,0,1,0,1,1,1,1,1,1,0,0,0,1
"4129",0,0,0,0,0,0,0,0,0,0,0,0,0,0,0,0
"9154",0,1,0,0,1,0,1,0,0,0,0,1,1,0,0,1
"64078",0,0,0,0,0,0,0,0,0,0,0,0,0,0,0,1
"4128",0,0,0,0,0,0,0,0,0,0,0,0,0,0,0,0
"9153",1,0,1,1,0,1,1,0,1,0,0,1,1,1,0,1
"10165",1,0,0,1,1,1,1,1,1,0,1,0,0,0,1,1
"55315",1,1,1,1,0,0,1,1,0,1,1,0,1,0,1,0
"8604",0,1,1,1,1,1,0,1,0,1,1,1,0,1,1,1
"245972",0,0,0,0,0,0,0,0,0,0,0,0,0,0,0,0
"2572",0,0,0,0,0,0,0,0,0,0,0,0,0,0,0,0
"9114",1,1,1,1,1,1,1,1,1,1,1,1,1,1,1,1
"11164",0,0,1,1,0,0,0,1,0,0,1,1,1,1,1,1
"2571",0,0,0,0,0,0,0,0,0,0,0,0,0,0,0,0
"952",1,1,1,1,0,0,0,0,1,1,0,0,1,0,1,1
"51380",0,0,1,0,1,0,0,1,1,0,0,1,0,1,0,1
"1375",0,0,1,1,0,0,1,0,1,1,0,0,0,1,0,1
"533",1,1,1,1,1,1,1,1,1,1,1,1,1,1,1,1
"2805",1,0,1,1,1,1,1,1,1,1,1,1,1,1,1,1
"50617",0,0,0,0,0,0,0,0,0,0,0,0,0,0,0,0
"1374",0,0,1,1,0,1,1,1,0,0,1,1,0,1,0,0
"2806",1,1,1,1,1,1,1,1,1,1,1,1,1,1,1,1
"8659",1,1,0,0,0,0,1,0,0,1,0,1,0,0,1,1
"126129",0,0,0,0,0,0,0,0,0,0,0,0,0,0,0,0
"10312",1,1,1,1,1,1,1,1,1,1,1,1,1,1,1,1
"6817",0,0,0,0,0,1,1,1,1,0,0,1,0,1,0,1
"535",0,0,0,0,1,0,1,1,0,1,1,1,0,0,0,1
"127124",0,0,0,0,0,0,0,0,0,0,0,0,0,0,0,0
"523",1,1,1,1,1,1,1,1,1,1,1,1,1,1,1,1
"1376",0,0,1,0,1,0,1,1,1,1,1,0,1,0,1,0
"6799",0,0,0,0,0,1,1,1,1,1,0,1,0,1,0,1
"9060",1,0,0,1,0,0,0,1,0,0,0,0,0,1,0,0
"8992",1,1,1,1,1,1,1,1,1,1,1,1,1,1,1,1
"9061",1,1,1,1,1,1,1,1,1,1,1,1,1,1,1,1
"158",1,1,1,1,1,1,1,1,1,1,1,1,1,1,1,1
"9550",1,1,1,1,1,1,1,1,1,1,1,1,1,1,1,1
"4363",1,1,1,1,1,1,1,1,1,1,1,1,1,1,1,1
"529",1,1,1,1,1,1,1,1,1,1,1,1,1,1,1,1
"6822",0,0,0,0,0,0,0,0,0,0,0,0,0,0,0,0
"6573",1,1,0,0,1,0,1,0,1,1,0,1,0,1,0,0
"146712",1,0,1,0,1,1,1,0,0,1,0,0,1,1,1,1
"528",1,0,1,1,1,1,0,0,0,0,1,1,1,0,1,0
"316",0,0,0,0,0,0,0,0,0,0,0,0,0,0,0,0
"10678",1,1,1,1,1,1,1,1,1,1,1,1,1,1,1,1
"6571",1,1,0,0,1,1,0,0,0,0,1,0,0,0,0,1
"6570",0,0,0,0,0,0,0,0,0,0,0,0,0,0,0,0
"10331",1,0,1,0,1,0,0,0,1,1,0,0,0,0,1,1
"51382",1,1,1,1,1,1,0,1,1,1,1,1,1,1,1,1
"2348",0,1,0,0,1,0,0,0,0,0,0,1,0,0,1,0
"90423",0,0,0,1,1,1,0,1,1,0,0,0,0,0,0,0
"534",0,0,1,0,0,1,1,1,1,0,0,1,1,1,0,0
"374907",0,0,0,0,0,0,0,0,0,0,0,0,0,0,0,0
"2352",1,0,0,1,0,1,1,1,0,1,0,0,0,1,1,1
"51606",1,1,1,1,1,1,1,1,1,1,1,1,1,1,1,1
"11041",0,0,0,0,0,0,1,1,1,1,0,1,0,1,0,1
"93010",0,1,1,0,1,1,0,0,1,1,0,0,0,0,0,0
"9296",1,1,1,1,1,1,1,1,1,1,1,1,1,1,1,1
"79369",0,0,1,0,0,0,0,1,0,0,1,1,1,1,0,0
"4125",1,1,1,1,1,1,1,1,1,1,1,1,1,1,1,1
"954",0,1,0,0,1,1,0,0,0,1,0,0,1,0,1,0
"79814",1,1,1,1,0,0,1,1,1,0,0,0,0,0,1,1
"53947",1,1,0,0,0,1,1,0,1,1,0,0,1,0,1,1
"51146",0,0,1,0,1,1,1,1,0,0,0,1,1,0,1,1
"28",1,1,0,0,0,1,0,0,0,1,0,1,0,1,0,0
"953",0,0,0,1,1,0,0,0,1,1,1,1,0,0,0,0
"206358",0,1,1,1,0,0,1,1,1,1,0,1,1,1,0,1
"957",0,0,0,1,1,0,1,1,0,0,0,1,1,1,1,0
"56895",1,1,0,0,1,1,0,0,0,1,0,1,1,0,0,1
"6540",0,1,0,1,0,1,0,0,0,0,0,0,1,0,0,0
"137964",0,1,0,0,1,0,1,0,1,1,1,1,1,1,1,1
"129642",0,0,0,0,0,1,1,0,1,0,0,1,1,0,0,0
"956",0,0,0,0,0,0,0,0,0,0,0,0,0,0,0,0
"955",0,1,0,0,0,0,1,1,1,1,0,1,0,1,1,1
"6539",0,0,0,0,0,0,0,0,1,1,0,0,0,0,1,0
"56894",1,1,0,0,0,0,1,1,1,0,1,0,1,1,1,0
"10555",1,1,1,0,0,0,1,0,0,1,1,0,1,0,1,0
"55326",1,0,1,1,1,0,1,1,1,0,1,0,1,0,1,0
"10554",1,0,1,1,0,0,1,1,0,0,0,1,0,1,0,1
"6529",0,0,0,0,0,0,0,0,0,0,0,0,0,0,0,0
"6538",1,1,1,1,0,0,0,0,1,0,1,1,0,0,1,0
"10449",1,1,1,1,1,1,1,1,0,0,1,1,1,1,1,1
"38",1,1,1,1,1,1,1,1,1,1,1,1,1,1,1,1
"64850",0,0,0,0,0,0,0,0,0,0,0,0,0,0,0,0
"377841",NA,NA,NA,NA,NA,NA,NA,NA,NA,NA,NA,NA,NA,NA,NA,NA
"3032",1,1,1,1,1,1,1,1,1,1,1,1,1,1,1,1
"292",1,1,1,1,1,1,1,1,1,1,1,1,1,1,1,1
"293",1,1,1,1,1,1,1,1,1,1,1,1,1,1,1,1
"64902",0,0,0,0,0,0,0,0,0,0,0,0,0,0,0,0
"3030",1,1,1,1,1,1,1,1,1,1,1,1,1,1,1,1
"189",1,0,0,0,1,0,1,0,0,1,1,0,1,0,0,1
"291",0,0,1,1,0,0,1,1,0,1,1,1,1,1,0,0
"39",1,1,1,1,1,1,1,1,1,1,1,1,1,1,1,1
"30",1,1,1,1,1,1,1,1,1,1,1,1,1,1,1,1
"32",1,0,0,0,1,1,1,1,1,0,1,0,0,1,0,1
"9197",1,0,1,1,0,1,0,1,0,0,1,1,1,0,1,0
"4126",0,0,0,0,0,1,0,1,1,1,1,1,0,0,1,1
"3073",0,0,1,1,1,1,0,0,0,0,0,1,0,1,0,0
"3074",1,1,1,1,1,1,1,1,1,1,1,1,1,1,1,1
"79611",0,0,0,0,0,0,0,0,0,0,0,0,0,0,0,0
"10606",1,0,1,1,1,0,0,0,1,0,1,1,0,0,1,0
"8706",0,0,0,0,0,0,0,0,0,0,0,0,0,0,0,0
"84532",0,1,1,1,1,0,1,0,1,1,1,1,1,1,1,1
"64841",1,1,0,1,0,1,1,1,1,0,1,1,1,1,1,1
"55577",1,1,1,1,1,1,1,1,1,1,1,1,1,1,1,1
"5238",1,0,1,1,1,1,0,0,0,0,1,0,1,0,0,0
"8705",1,1,0,0,0,0,0,1,0,0,1,0,0,0,0,1
"9487",1,0,1,1,1,1,0,0,1,0,0,0,1,1,1,1
"10317",0,0,0,0,0,0,0,0,0,0,0,0,0,0,0,0
"162417",0,0,0,0,0,1,0,0,1,0,0,0,0,0,0,0
"43",0,1,0,0,1,1,1,0,1,1,1,0,0,1,0,0
"6572",1,1,0,1,0,1,1,1,0,0,1,0,0,1,1,0
"84002",0,0,0,0,1,0,0,0,0,0,0,0,0,0,0,0
"47",1,1,1,1,1,1,1,1,1,1,1,1,1,1,1,1
"570",0,0,0,1,0,1,1,1,0,0,0,0,1,0,1,0
"3141",0,0,1,1,0,1,1,1,0,0,0,0,1,1,1,1
"54187",0,0,1,1,1,1,1,1,1,1,1,1,1,1,1,1
"140679",0,1,0,0,0,0,0,0,0,0,0,0,0,0,0,0
"26503",1,0,0,0,0,0,1,1,1,1,1,1,1,1,0,0
"54",1,1,1,1,0,0,1,1,1,1,0,1,0,1,0,1
"8424",0,0,0,0,0,0,0,0,0,0,0,0,0,0,0,0
"51205",0,0,1,1,1,0,1,1,1,0,0,1,0,0,1,0
"53630",0,0,0,0,0,0,0,0,0,0,0,0,0,0,0,0
"140838",1,0,1,1,1,1,0,0,0,0,1,1,1,1,1,1
"622",0,0,1,1,0,1,1,1,1,1,0,1,0,1,1,0
"36",0,0,1,1,1,1,0,0,0,1,1,1,0,0,1,1
"34",1,0,1,1,1,1,0,1,1,1,1,1,1,1,1,1
"84129",0,0,0,1,0,1,1,1,1,1,1,1,1,1,1,1
"23743",0,0,0,0,0,0,0,0,0,0,0,0,0,0,0,0
"80724",1,1,0,0,1,1,0,1,0,1,1,0,0,0,1,1
"635",0,0,0,0,0,0,0,0,0,0,0,0,0,0,0,0
"27034",0,0,0,0,1,1,1,1,1,1,0,1,0,0,1,1
"10599",0,0,0,0,0,0,0,0,0,0,0,0,0,0,0,0
"28976",0,0,1,1,0,0,1,1,1,1,0,0,0,0,0,0
"1244",1,0,1,0,0,1,1,0,1,1,0,0,1,0,1,1
"35",0,1,0,1,0,0,1,0,0,1,0,0,0,1,1,1
"3712",0,1,1,0,0,0,1,1,1,1,0,1,1,1,1,0
"1607",0,0,0,0,0,0,0,0,0,0,0,0,0,0,0,0
"8714",1,0,0,0,0,0,0,0,0,1,0,1,0,0,1,0
"28234",0,0,0,0,0,0,0,0,0,0,0,0,0,0,0,0
"644",1,1,1,1,1,1,1,1,1,1,1,1,1,1,1,1
"1468",1,1,1,1,1,1,0,0,0,1,0,1,0,1,1,1
"8402",0,1,1,1,0,0,1,1,1,1,1,1,0,1,0,1
"64849",0,1,0,0,0,0,1,1,0,1,0,0,0,0,1,1
"645",1,1,0,0,0,1,1,0,1,1,0,0,1,1,1,1
"9488",1,0,1,1,1,1,0,0,0,0,1,1,0,0,0,1
"1610",0,0,0,0,0,1,1,1,1,1,1,0,1,0,1,0
"10380",1,0,1,1,0,0,0,1,0,0,1,1,1,1,1,1
"686",0,1,0,0,1,1,1,1,0,1,1,1,0,0,1,1
"1645",0,0,0,1,0,0,1,1,1,1,1,0,1,0,0,0
"2745",1,1,1,1,1,1,1,1,1,1,1,1,1,1,1,1
"1109",0,0,0,0,0,0,0,0,0,0,0,0,0,0,0,0
"8884",0,1,1,1,1,1,1,1,1,1,1,1,1,1,1,1
"80704",0,0,0,0,0,0,0,0,0,0,0,0,0,0,0,0
"51022",1,1,1,1,1,1,1,1,1,1,1,1,1,1,1,1
"51733",1,1,1,0,0,1,0,0,1,0,1,1,0,1,0,0
"7108",1,1,0,0,1,0,1,0,0,1,1,1,0,1,0,1
"6718",0,0,0,0,0,0,0,0,0,0,0,0,0,0,0,0
"8528",0,0,0,0,0,0,0,0,0,0,0,0,0,0,0,0
"6510",1,0,0,0,1,1,1,0,1,1,1,1,1,0,1,0
"50814",0,0,1,0,0,0,1,1,1,1,1,0,1,1,1,0
"3295",1,1,1,1,1,1,1,1,1,1,1,1,1,1,1,1
"6307",1,1,1,1,1,1,1,1,1,1,1,1,1,1,1,1
"6509",1,1,1,1,1,1,1,1,1,1,1,1,1,1,1,1
"1632",0,0,1,1,0,0,1,1,1,0,1,1,0,0,0,0
"56301",1,0,0,0,1,1,0,0,1,1,0,0,1,0,1,1
"492",0,0,0,0,0,0,1,0,1,1,1,0,1,1,0,0
"10455",1,1,1,1,1,1,1,1,1,1,1,1,1,1,1,1
"490",1,1,0,0,1,1,1,0,0,0,1,0,1,0,1,0
"6520",1,1,0,0,1,0,1,1,1,0,0,0,1,1,1,0
"1633",1,1,1,1,1,1,1,1,1,1,1,1,1,1,1,1
"211",0,0,1,1,1,1,1,1,1,1,1,1,1,1,1,1
"493",1,1,1,1,1,1,1,1,1,1,1,1,1,1,1,1
"6319",1,1,1,1,0,0,0,0,1,0,1,1,0,0,1,0
"9415",1,1,0,1,0,0,1,1,0,1,1,1,0,0,1,0
"491",0,0,0,0,0,0,0,0,0,0,0,0,0,0,0,0
"23464",0,1,1,0,0,0,0,1,1,1,0,1,1,0,1,0
"3992",1,1,0,1,0,0,1,1,0,1,1,1,0,0,0,0
"212",0,0,0,1,0,1,0,0,0,0,1,0,1,1,1,0
"8694",1,1,0,1,0,0,1,1,1,0,1,1,0,1,0,0
"847",1,1,1,1,1,1,1,1,1,1,1,1,1,1,1,1
"84649",0,0,0,0,0,0,0,0,0,0,0,0,0,0,0,0
"1716",1,1,1,1,1,1,1,1,1,1,1,1,1,1,1,1
"6546",0,0,0,0,0,0,0,0,0,0,0,0,0,0,0,0
"6547",0,0,0,0,0,0,0,0,0,0,0,0,0,0,0,0
"54407",1,1,1,1,1,1,1,1,1,1,1,1,1,1,1,1
"6541",1,1,1,1,0,0,1,1,1,1,1,1,1,1,1,0
"6543",1,1,1,0,0,0,1,1,0,0,1,0,1,0,1,1
"6515",1,1,1,1,1,1,1,1,1,1,1,1,1,1,1,1
"59272",0,0,0,0,0,0,0,0,0,0,0,0,0,0,0,0
"84889",0,0,0,0,0,0,0,0,0,0,0,0,0,0,0,0
"6517",0,0,0,0,0,0,0,0,0,0,0,0,0,0,0,0
"81539",1,1,1,1,1,1,1,1,1,1,1,1,1,1,1,1
"340024",0,0,0,0,0,0,0,0,0,1,0,0,0,0,0,0
"6513",0,1,0,0,1,1,1,0,0,0,1,1,0,1,0,0
"55089",0,0,0,0,0,0,0,0,0,0,0,0,0,0,0,0
"1718",1,1,1,1,0,1,0,1,0,0,1,0,1,1,1,0
"2538",0,0,0,0,0,0,0,0,0,0,0,0,0,0,0,0
"1581",0,0,0,0,0,0,0,0,0,0,0,0,0,0,0,0
"57818",0,1,0,0,1,1,0,0,1,1,0,1,1,0,1,0
"92579",0,0,0,0,0,0,1,1,1,1,1,1,1,0,0,0
"1373",0,0,0,0,0,0,0,0,0,0,0,0,0,0,0,0
"873",0,0,1,1,0,0,1,1,0,0,0,0,0,1,1,1
"11254",0,0,0,0,0,0,0,0,0,0,0,0,0,0,0,0
"57393",0,0,0,0,0,0,0,0,0,0,0,0,0,0,0,0
"6542",0,0,0,0,0,0,0,0,0,0,0,0,0,0,0,0
"84706",0,0,0,0,0,1,0,0,0,0,0,0,0,0,0,0
"1717",0,0,0,0,1,1,1,0,1,0,0,1,0,0,1,0
"2875",1,1,0,0,0,1,0,0,1,1,1,0,1,1,0,0
"8560",1,1,1,1,1,1,1,1,1,1,1,1,1,1,1,1
"10423",1,1,1,1,1,1,1,1,1,1,1,1,1,1,1,1
"123099",0,1,0,1,1,1,1,0,0,1,0,0,0,0,0,0
"92745",0,0,0,0,0,0,0,0,1,0,0,0,0,0,0,0
"10991",0,1,0,1,1,1,1,1,0,1,0,1,1,1,0,0
"1040",0,0,0,0,0,0,0,0,0,0,0,0,0,0,0,0
"11309",0,1,0,1,1,1,0,1,0,1,0,0,1,0,1,1
"8760",1,1,1,1,1,1,1,1,1,1,1,1,1,1,1,1
"284273",1,0,1,1,1,1,0,0,0,0,0,0,0,0,0,0
"6783",0,0,0,0,0,0,0,0,0,0,0,0,0,0,0,0
"1723",0,1,1,0,1,1,0,1,0,0,1,0,1,1,1,0
"10327",1,1,1,1,1,1,1,1,1,1,1,1,1,1,1,1
"10390",1,1,0,1,0,1,1,1,0,0,1,1,1,0,0,0
"56994",1,0,0,0,1,1,1,1,1,0,1,1,0,0,0,0
"1807",0,0,0,0,0,0,0,0,0,0,0,0,0,0,0,0
"64781",1,1,1,1,1,1,1,1,1,1,1,1,1,1,1,1
"1809",0,0,0,0,0,0,0,0,0,0,0,0,0,0,0,0
"8854",0,0,0,0,0,0,0,0,0,1,0,0,0,0,0,0
"1808",1,1,1,1,1,1,1,1,1,1,1,1,1,1,1,1
"10087",1,1,1,1,1,1,1,1,1,1,1,1,1,1,1,1
"23539",1,1,0,0,1,1,0,0,0,1,1,1,1,1,0,0
"6565",1,0,0,0,1,1,1,1,0,0,0,1,0,0,0,0
"9023",0,1,0,0,0,0,0,0,0,0,0,0,0,0,0,0
"224",0,0,1,1,1,1,0,1,0,0,1,1,0,1,0,0
"501",0,0,0,0,0,0,0,0,0,0,0,0,0,0,0,0
"2224",1,1,1,1,1,1,1,1,1,1,1,1,1,1,1,1
"1103",0,1,0,1,0,0,1,1,1,1,1,0,0,1,0,1
"29958",0,0,0,0,0,0,0,0,0,0,0,0,0,0,0,0
"60386",0,1,1,1,1,0,1,1,0,0,0,0,0,0,0,0
"223",1,1,1,1,1,1,1,1,1,1,1,1,1,1,1,1
"216",0,0,0,0,0,0,0,0,0,0,0,0,0,0,0,0
"162466",0,0,0,0,0,0,1,0,1,1,1,1,1,1,1,1
"84920",0,0,1,1,1,1,0,1,0,0,0,0,0,0,0,0
"5130",0,1,1,1,0,0,1,1,0,1,1,1,0,0,0,0
"9468",1,1,1,0,1,0,0,0,1,0,1,0,1,0,0,1
"6579",0,0,0,0,0,0,0,0,0,0,0,0,0,0,0,0
"217",0,0,1,0,1,0,0,0,0,0,1,0,0,1,1,1
"219",1,1,1,0,0,0,1,0,0,1,1,0,1,1,1,0
"79087",1,1,0,0,0,0,0,0,1,1,0,0,1,1,0,1
"239",0,0,1,1,0,0,0,1,1,0,0,0,0,0,0,0
"6555",0,0,0,0,0,0,0,0,0,0,0,0,0,0,0,0
"6554",1,1,1,0,1,1,1,0,0,0,0,0,1,1,1,0
"26002",0,0,0,0,0,0,0,0,0,0,0,0,0,0,0,0
"1621",1,1,0,0,0,0,0,0,0,1,0,1,1,1,0,0
"8647",0,0,0,0,0,0,0,0,0,0,0,0,0,0,0,0
"247",0,0,0,0,0,0,0,0,0,0,0,0,0,0,0,0
"7299",0,1,0,0,1,0,0,0,1,1,1,0,1,0,1,0
"55349",0,0,0,0,0,0,0,0,0,0,0,0,0,0,0,0
"6530",1,1,1,1,0,0,0,0,1,0,0,1,1,1,0,1
"246",0,0,0,0,0,0,0,0,0,0,0,0,0,0,0,0
"6531",1,0,1,1,1,1,0,0,0,1,1,0,0,1,0,0
"6581",0,0,0,0,0,0,0,0,0,0,0,0,0,0,0,0
"240",1,1,1,1,0,1,0,0,0,0,1,1,0,0,0,1
"231",1,1,1,1,1,1,1,1,1,1,1,1,1,1,1,1
"8574",1,1,1,1,1,1,1,1,1,1,1,1,1,1,1,1
"23600",1,0,0,1,1,0,1,1,1,0,1,1,1,0,1,0
"1119",0,1,0,0,1,1,1,1,1,0,0,0,1,0,1,0
"1120",1,1,1,1,1,1,1,1,1,1,1,1,1,1,1,1
"5224",0,0,1,1,1,0,1,1,1,1,1,0,1,1,1,0
"60482",0,0,0,0,0,0,0,0,0,0,0,0,0,0,0,0
"6582",0,0,1,1,0,1,1,1,0,1,0,1,0,1,1,0
"115286",1,0,0,0,1,1,0,1,1,1,1,1,1,1,1,1
"5223",1,1,1,1,1,1,1,1,1,1,1,1,1,1,1,1
"6584",0,0,1,1,1,0,0,0,1,0,0,0,1,1,1,0
"669",1,1,1,1,1,1,1,1,1,1,1,1,1,1,1,1
"271",0,0,1,1,0,0,0,1,1,1,0,1,1,1,0,1
"6820",1,1,0,1,1,1,1,0,0,0,1,0,0,1,1,0
"4597",0,1,1,0,0,0,1,1,1,0,0,1,0,1,0,0
"51071",1,1,1,1,1,1,1,1,1,1,1,1,1,1,1,1
"10948",1,1,0,0,0,0,1,1,1,1,0,1,0,1,0,0
"19",0,0,0,0,0,0,0,0,1,0,0,0,0,0,0,0
"272",0,1,1,1,1,0,1,1,1,0,0,1,0,1,0,1
"1806",1,1,1,1,1,1,0,0,0,0,1,0,1,0,1,1
"270",0,0,0,0,0,0,0,0,0,0,0,0,0,0,0,0
"7083",0,0,1,1,0,0,0,0,1,1,1,1,0,0,0,0
"290",0,0,0,0,0,0,0,0,0,0,0,0,0,0,0,0
"1118",1,1,1,0,1,0,1,0,0,1,1,1,0,0,0,0
"7084",0,0,1,1,0,0,0,0,1,1,1,1,0,1,0,1
"54682",0,0,0,0,0,0,0,0,0,0,0,0,0,0,0,0
"27159",0,1,0,0,1,1,0,0,0,1,0,0,1,1,0,1
"3704",1,1,1,1,1,1,1,1,1,1,1,1,1,1,1,1
"279",0,0,1,1,1,1,0,1,1,1,0,0,0,1,0,1
"277",0,0,1,1,1,1,0,1,1,1,0,0,0,1,0,1
"1854",1,1,1,1,1,1,1,1,1,1,1,1,1,1,1,1
"10682",1,1,1,1,1,1,1,1,1,1,1,1,1,1,1,1
"9058",1,1,1,1,0,1,1,0,1,1,1,1,0,1,0,0
"276",0,0,1,1,1,1,0,1,1,1,0,0,0,1,0,1
"278",0,0,1,1,1,1,0,1,1,1,0,0,0,1,0,1
"1892",1,1,1,1,1,1,1,1,1,1,1,1,1,1,1,1
"549",1,1,1,1,1,1,1,1,1,1,1,1,1,1,1,1
"11136",0,0,0,1,0,0,0,0,0,1,0,0,1,0,1,1
"6519",1,0,1,1,0,1,0,0,0,0,1,0,1,0,0,1
"1962",0,0,1,1,1,1,0,0,1,0,1,0,0,1,0,1
"280",0,1,1,1,1,1,0,1,1,0,0,0,0,1,0,1
"6576",1,0,1,0,0,0,1,1,1,1,1,1,0,0,1,0
"1891",1,1,1,1,1,1,1,1,1,1,1,1,1,1,1,1
"1160",0,1,0,0,0,0,0,0,0,0,0,0,0,0,0,1
"11001",0,0,1,1,1,0,0,0,1,0,0,1,0,1,0,1
"1159",0,1,0,1,0,1,0,0,0,0,1,1,1,0,0,1
"548596",0,1,0,1,0,1,0,0,0,0,1,1,1,0,0,1
"1152",1,0,0,0,0,1,1,1,0,0,0,1,1,1,1,1
"1158",0,0,0,0,0,0,0,0,0,0,0,0,0,0,0,0
"5172",0,0,0,0,0,0,0,0,0,0,0,1,0,1,0,0
"65010",1,0,1,0,0,0,1,1,1,0,1,1,0,1,0,1
"10998",1,0,1,0,1,1,0,1,1,1,1,1,0,0,0,1
"113451",0,0,0,0,0,0,0,0,0,0,0,0,0,0,0,0
"53919",0,0,0,0,0,0,0,0,0,0,0,0,0,0,0,0
"9057",0,1,1,0,0,0,1,1,1,0,0,0,1,1,1,0
"384",1,1,1,1,1,1,1,1,1,1,1,1,1,1,1,1
"28231",1,1,1,0,0,1,1,0,1,0,0,1,0,1,0,1
"54675",1,1,1,1,0,1,0,0,0,0,1,1,1,1,1,1
"10257",1,0,1,1,0,1,0,0,0,0,1,1,1,0,1,0
"10559",1,1,1,1,1,1,1,1,1,1,1,1,1,1,1,1
"445",1,1,1,1,1,0,1,1,1,0,0,1,0,1,0,0
"28232",1,1,0,0,0,0,1,1,0,0,1,1,0,0,0,0
"55907",1,1,1,1,1,1,1,1,1,1,1,1,1,1,1,1
"2108",1,1,1,1,1,1,1,1,1,1,1,1,1,1,1,1
"8034",0,0,0,0,0,0,1,1,1,1,1,0,1,0,1,0
"2109",1,1,1,1,1,1,1,1,1,1,1,1,1,1,1,1
"83884",0,0,0,0,0,0,0,0,1,0,0,0,0,0,0,0
"10166",1,0,1,1,0,0,1,1,1,0,0,1,0,1,0,1
"8824",0,0,0,0,0,0,1,1,1,1,0,0,1,1,1,1
"410",1,1,0,0,0,0,1,0,0,1,0,1,0,1,0,1
"2110",0,0,1,1,0,1,1,1,1,0,1,0,1,1,1,0
"51805",0,0,1,1,1,1,0,0,1,0,0,1,0,1,0,0
"55500",1,1,1,1,1,1,0,1,0,0,1,1,1,1,1,1
"427",1,1,1,1,1,1,1,1,1,1,1,1,1,1,1,1
"55224",0,0,0,0,1,1,1,1,0,0,1,0,1,1,0,0
"51004",0,0,1,1,1,1,0,0,0,0,1,1,1,1,0,0
"10229",0,0,1,1,1,1,0,1,1,0,1,1,1,1,0,0
"9962",1,1,1,1,0,0,1,0,0,0,0,1,0,0,1,0
"2181",1,1,1,1,0,0,0,0,1,0,1,0,0,0,1,1
"9245",1,0,0,0,0,1,0,0,0,0,0,0,1,0,0,1
"2650",0,0,1,1,0,0,0,1,1,1,1,1,1,1,0,0
"51301",1,1,1,0,1,0,0,0,0,0,0,0,0,1,1,1
"2182",0,0,1,1,0,0,0,0,1,1,1,0,0,0,1,0
"9963",0,1,0,0,0,0,0,0,0,0,0,0,0,0,0,0
"2180",1,1,0,1,1,1,0,0,1,0,1,0,1,0,1,0
"192134",1,1,0,0,1,0,0,0,1,1,1,1,1,1,1,1
"386757",1,0,0,0,0,1,0,0,1,1,0,1,1,0,1,1
"80150",0,0,1,1,0,0,1,1,1,0,0,0,0,1,1,1
"51703",1,1,1,1,1,1,1,1,1,1,1,1,1,1,1,1
"81616",0,0,0,1,1,0,0,0,1,0,0,0,1,0,0,1
"23305",0,0,1,1,1,1,0,0,1,0,1,1,0,0,0,1
"440",0,1,1,1,1,1,1,1,1,1,1,1,1,1,1,1
"6535",1,0,0,0,0,1,1,0,1,1,0,1,1,0,1,1
"1384",0,0,0,0,1,0,1,1,1,1,1,1,0,1,0,1
"116285",0,0,0,0,0,1,1,0,0,1,0,0,0,0,0,0
"6583",0,0,0,0,0,0,0,0,0,0,0,0,0,0,0,0
"5167",0,0,0,0,0,0,0,0,0,0,0,0,0,0,0,0
"790",1,1,1,0,0,0,1,1,1,0,0,1,0,1,1,1
"5169",0,0,0,0,0,0,0,0,0,0,0,0,0,0,0,0
"54898",0,0,0,0,0,0,0,0,0,0,0,0,0,0,0,0
"6511",0,0,0,0,0,0,0,0,0,0,0,0,0,0,0,0
"1431",1,1,1,1,1,1,1,1,1,1,1,1,1,1,1,1
"6785",0,0,1,0,1,1,0,1,1,0,1,1,1,1,0,1
"6505",0,0,0,0,0,0,0,0,0,0,0,0,0,0,0,0
"54677",0,0,0,0,1,1,0,1,1,1,1,0,0,1,0,1
"60481",1,1,1,1,1,1,1,1,1,1,1,1,1,1,1,1
"6507",1,1,1,1,0,1,0,1,0,1,1,0,1,1,0,0
"79071",0,1,1,1,0,1,0,1,0,0,1,1,0,1,0,1
"1579",0,0,0,0,0,0,0,0,0,0,0,0,0,0,0,0
"6512",0,1,0,0,0,1,0,1,1,1,1,1,0,0,1,0
"2194",0,1,0,0,0,0,1,0,0,1,0,1,0,1,1,1
"6506",1,1,1,0,1,1,0,0,0,0,0,0,1,1,1,0
"376497",0,0,0,0,0,0,0,0,0,1,0,0,0,0,0,0
"10999",0,0,0,0,0,0,1,1,0,1,0,0,0,0,0,0
"525",0,1,1,0,0,0,0,1,1,1,0,0,0,1,0,0
"11000",0,1,0,1,0,0,1,1,1,1,0,0,0,1,0,1
"230",0,1,0,0,0,0,1,1,0,1,0,0,0,1,1,1
"226",1,1,1,1,1,1,1,1,1,1,1,1,1,1,1,1
"527",1,1,1,1,1,1,1,1,1,1,1,1,1,1,1,1
"8140",1,1,1,1,1,1,1,1,1,1,1,1,1,1,1,1
"229",0,0,0,0,0,0,0,0,0,0,0,0,0,0,0,0
"23545",0,1,1,1,1,0,1,0,1,0,0,1,0,1,1,0
"5207",0,0,0,0,0,0,0,0,1,0,1,0,1,1,1,0
"526",1,1,1,1,1,1,1,1,1,1,1,1,1,1,1,1
"23428",0,1,1,0,1,0,1,0,1,1,0,1,1,0,0,1
"5208",0,0,0,0,0,1,0,0,0,0,0,0,0,0,0,0
"1036",0,0,0,0,0,0,0,0,0,0,0,0,0,0,0,0
"245973",1,0,0,0,0,0,0,0,0,0,0,0,0,0,0,0
"5210",1,1,0,1,0,1,1,1,1,1,0,0,0,0,1,1
"8789",1,1,1,1,0,1,0,0,0,1,0,1,1,0,1,0
"5209",1,1,1,1,1,1,1,1,1,1,1,1,1,1,1,1
"124935",0,1,0,0,1,1,0,1,1,1,1,1,1,1,1,1
"2203",0,1,0,1,1,1,0,0,1,1,1,0,1,1,0,0
"2235",0,0,0,1,1,1,0,1,0,0,0,1,0,1,1,0
"23657",0,0,0,0,0,0,0,0,0,0,1,0,0,0,0,0
"57379",0,0,0,0,0,0,0,0,0,0,0,0,0,0,0,0
"2629",0,1,0,0,1,0,0,1,0,1,1,1,0,0,0,0
"10840",0,0,0,1,0,1,0,0,0,1,1,0,1,0,1,0
"26301",0,0,0,0,0,0,0,0,0,0,0,0,0,0,0,0
"79901",0,1,0,1,0,0,0,0,0,0,0,0,0,0,0,1
"978",0,0,0,0,1,0,0,0,0,0,0,1,0,0,1,1
"7371",1,1,1,1,1,1,1,1,1,1,1,1,1,1,1,0
"83549",0,0,0,0,0,0,1,0,1,1,0,0,0,0,0,0
"7915",0,0,1,1,0,0,1,1,1,1,1,1,0,0,1,0
"125061",0,0,0,0,0,0,0,0,0,0,0,0,0,0,0,0
"4329",0,0,1,1,1,1,0,0,0,0,1,1,0,0,1,1
"51727",1,1,1,1,1,1,1,1,1,1,1,1,1,1,1,1
"1719",1,1,1,1,1,1,1,1,1,1,1,1,1,1,1,1
"129607",0,0,0,0,1,1,1,1,1,0,0,0,0,0,0,0
"2356",0,0,0,1,0,0,1,1,1,1,0,0,1,1,1,1
"2731",1,1,1,1,1,0,0,0,0,0,0,1,0,1,0,0
"29988",0,0,0,1,0,1,1,1,1,1,1,1,1,1,0,0
"275",0,1,1,0,0,0,1,1,1,1,0,1,0,1,0,1
"2653",1,1,1,1,1,1,1,1,1,1,1,1,1,1,1,1
"1609",1,1,0,0,0,0,0,1,0,0,1,1,0,1,0,0
"155184",NA,NA,NA,NA,NA,NA,NA,NA,NA,NA,NA,NA,NA,NA,NA,NA
"2651",0,1,1,0,0,0,0,0,1,0,0,0,0,1,1,1
"6514",0,0,0,0,0,0,0,0,0,0,0,0,0,0,0,0
"6518",1,1,0,0,0,1,0,0,0,1,0,1,1,1,1,0
"8525",1,1,0,1,0,0,1,0,1,1,0,1,1,1,0,1
"66035",0,0,1,0,1,0,1,1,1,0,0,1,0,1,0,1
"55343",0,1,0,0,0,0,1,0,1,1,1,1,1,1,1,0
"7264",1,1,0,1,1,1,1,1,1,1,1,1,1,1,1,1
"160428",0,0,0,0,0,0,0,0,0,0,0,0,0,0,0,0
"8836",0,0,0,1,1,1,1,1,1,0,1,1,0,0,0,1
"4522",1,1,1,1,1,1,1,1,1,1,1,1,1,1,1,1
"25902",1,0,1,1,0,0,1,0,1,0,0,0,0,0,0,0
"1608",0,0,0,0,0,0,0,0,0,0,0,0,0,0,0,0
"79017",1,1,1,1,1,1,1,1,1,1,1,1,1,1,1,1
"2519",0,1,1,1,0,0,1,0,1,1,1,1,1,1,1,1
"2997",1,1,0,0,0,0,1,1,0,0,0,1,0,1,0,1
"160851",0,0,1,1,1,1,0,0,1,0,1,1,0,1,1,0
"9162",0,0,0,0,0,0,0,0,0,0,0,0,0,0,0,0
"2184",0,0,0,0,1,1,1,1,0,0,0,1,1,1,1,0
"8527",1,1,1,1,1,1,1,1,1,1,1,1,1,1,1,1
"8908",0,0,1,1,1,0,1,0,0,1,0,0,1,1,1,0
"2271",1,1,1,1,1,1,1,1,1,1,1,1,1,1,1,1
"2992",1,1,1,1,1,1,1,1,1,1,1,1,1,1,1,1
"2523",0,1,0,0,1,1,0,1,1,1,0,1,0,0,1,1
"8526",1,0,1,1,1,1,0,0,0,0,0,1,0,1,1,0
"2998",0,0,0,0,0,0,0,0,0,0,0,0,0,0,0,0
"2525",1,0,0,0,0,1,1,0,0,1,0,0,0,1,1,1
"2687",0,0,0,0,0,0,0,1,0,1,0,1,1,1,0,0
"6470",0,0,1,1,0,0,0,1,1,1,1,1,0,0,1,0
"1606",1,0,0,0,0,0,1,1,1,1,0,1,0,1,0,1
"6472",1,1,1,1,1,1,1,1,1,1,1,1,1,1,1,1
"10690",0,0,0,0,0,0,0,0,0,0,0,0,0,0,0,0
"9334",1,1,1,1,1,1,1,1,1,1,1,1,1,1,1,1
"8704",1,0,1,0,0,0,0,0,1,1,1,0,1,0,1,0
"2717",1,1,1,1,1,1,1,1,1,1,1,1,1,1,1,1
"8703",0,0,1,1,0,0,1,1,1,1,0,1,0,1,0,1
"2632",0,0,1,1,1,1,0,1,0,1,1,1,0,0,1,0
"2683",1,1,1,1,1,1,1,1,1,1,1,1,1,1,1,1
"2820",1,0,1,1,0,0,0,0,0,0,0,0,1,0,1,0
"5832",0,1,1,1,1,1,1,1,1,1,1,1,1,1,1,1
"2990",1,1,1,1,1,1,1,1,1,1,1,1,1,1,1,1
"9563",1,0,1,0,0,0,1,0,0,1,1,1,0,0,0,0
"8372",0,0,0,1,1,0,1,0,1,0,1,0,1,1,1,0
"3290",1,0,0,0,0,1,0,1,0,1,0,0,0,1,0,1
"2539",0,1,0,0,0,0,1,1,1,1,0,1,1,1,0,1
"3291",1,0,0,0,1,1,0,1,0,1,0,0,1,0,1,0
"3292",1,1,0,0,0,1,0,1,0,0,0,0,0,1,1,0
"26035",0,0,1,1,1,1,1,1,1,0,1,0,0,0,0,0
"2542",1,0,0,0,1,1,1,1,1,0,1,1,0,0,0,1
"2593",1,1,0,0,0,1,1,0,0,1,1,0,1,0,0,0
"54480",0,1,1,1,1,0,1,1,1,1,1,1,1,1,1,1
"2132",0,1,0,1,1,0,0,1,0,0,1,1,0,1,1,0
"7923",1,1,1,1,1,1,1,1,1,1,1,0,1,1,1,1
"3294",0,0,0,0,0,0,0,0,0,0,0,0,0,0,0,0
"2131",1,0,0,1,0,0,1,1,1,0,1,1,0,1,0,1
"51478",1,0,1,1,0,1,1,1,0,1,0,1,0,1,0,1
"9514",1,1,0,0,0,0,0,0,0,1,1,0,0,1,1,0
"3283",0,0,0,0,0,0,0,0,0,0,0,0,0,0,0,0
"2720",1,1,1,1,1,1,1,1,1,1,1,1,1,1,1,1
"3284",0,0,0,0,0,0,0,0,0,0,0,0,0,0,0,0
"27087",0,1,0,0,0,1,0,1,0,1,0,0,1,1,0,0
"4758",0,0,1,1,0,1,0,1,0,0,0,1,0,1,0,1
"80270",0,0,0,0,0,0,0,0,0,0,0,0,0,0,0,0
"57026",0,1,1,0,0,0,0,1,1,1,1,1,1,1,1,1
"5476",1,1,1,1,1,1,1,1,1,1,1,1,1,1,1,1
"135152",1,1,0,0,1,1,0,0,1,0,1,1,1,1,1,1
"2588",0,0,0,0,0,0,0,0,1,1,0,1,0,1,0,1
"26229",0,1,1,1,0,0,1,1,0,1,0,0,1,1,1,1
"2581",1,1,1,1,1,1,1,1,1,1,1,1,1,1,1,1
"4669",0,1,0,0,0,0,1,1,0,0,0,1,1,0,0,1
"3421",1,1,1,1,0,0,1,1,1,1,1,1,1,1,1,1
"2583",1,0,0,0,0,0,1,1,1,0,1,1,0,1,0,0
"55454",1,1,1,1,1,1,1,1,1,1,1,1,1,1,1,1
"3420",1,1,1,1,1,1,1,1,1,1,1,1,1,1,1,1
"3340",0,1,1,1,1,0,0,1,1,1,0,1,1,0,0,1
"8509",0,0,1,1,0,0,1,1,1,1,1,1,0,1,0,1
"9348",0,0,0,0,0,0,0,0,0,0,0,0,0,0,0,0
"55790",1,1,0,0,0,0,1,1,0,1,1,1,0,0,0,0
"64579",0,0,0,0,0,0,0,0,0,1,0,0,0,0,0,0
"3419",0,0,1,1,0,0,1,1,1,1,0,1,0,1,1,0
"79586",1,1,0,0,0,1,0,1,1,1,0,0,1,1,1,1
"3417",1,0,1,1,1,1,0,1,0,0,1,1,0,1,0,1
"2137",0,1,0,0,0,0,1,1,0,1,0,0,1,1,0,0
"3418",1,1,1,1,1,1,1,1,1,1,1,1,1,1,1,1
"22856",1,1,1,1,1,1,1,1,1,1,1,1,1,1,1,1
"337876",0,0,0,0,0,0,0,0,0,0,0,0,0,0,0,0
"7173",0,1,1,0,0,1,1,0,0,0,1,1,1,0,1,0
"2135",0,1,0,0,1,1,0,1,1,1,1,0,1,0,1,0
"2134",1,1,0,1,1,0,1,0,1,0,1,0,1,1,1,0
"55568",0,1,0,0,1,1,1,1,0,0,0,1,0,1,0,1
"56606",1,0,0,0,0,0,0,0,0,0,0,1,1,1,1,0
"2590",0,0,0,0,0,0,1,1,1,1,0,1,0,1,0,1
"154091",1,0,1,1,0,1,0,1,1,0,1,1,1,1,1,1
"3425",1,1,0,0,1,0,1,1,0,1,0,1,0,1,0,1
"2591",0,0,1,0,1,1,0,0,1,0,1,1,0,0,0,0
"144195",1,1,1,1,1,1,1,1,1,1,1,1,1,1,1,1
"11182",0,1,0,0,0,0,1,0,1,0,1,0,1,1,1,0
"114805",0,0,0,0,0,0,0,0,0,0,0,0,0,0,0,0
"6523",1,1,1,0,1,1,1,0,0,0,0,1,0,0,1,0
"587",0,1,1,0,0,1,1,0,0,1,1,1,0,1,0,1
"8693",0,1,1,1,1,1,0,0,0,0,1,1,0,1,0,0
"63917",1,1,1,1,1,1,1,1,1,1,1,1,1,1,1,1
"50614",1,1,0,0,0,1,1,0,0,1,1,1,1,1,1,1
"8501",1,1,0,1,0,0,1,1,0,0,1,1,0,0,0,0
"2589",1,1,1,1,1,1,1,1,1,1,1,1,1,1,1,1
"178",1,1,1,1,1,1,1,1,1,1,1,1,1,1,1,1
"51809",1,1,1,1,1,1,1,1,1,1,1,1,1,1,1,1
"55586",0,0,0,0,0,0,0,0,0,0,0,0,0,0,0,0
"114134",1,0,1,0,1,1,0,0,1,0,0,0,0,0,0,0
"117248",0,0,0,0,0,0,0,0,0,0,0,0,0,0,0,0
"11227",0,0,0,0,0,0,0,0,0,0,0,0,0,0,0,0
"6526",0,0,1,1,0,1,0,0,0,0,0,0,1,0,0,1
"11226",0,1,1,1,0,0,1,1,1,1,1,1,1,1,1,0
"79695",0,0,1,1,1,1,0,1,1,1,1,1,0,0,1,0
"79623",1,0,0,0,1,1,0,1,0,1,0,1,1,1,0,0
"3422",1,1,1,1,1,1,1,1,1,1,1,1,1,1,1,1
"91734",1,1,1,0,1,1,0,0,0,1,1,1,1,1,1,1
"26290",1,1,1,1,0,0,1,1,1,0,1,0,1,0,1,1
"81031",0,0,0,0,0,0,0,0,0,0,0,0,0,0,0,0
"126792",0,0,0,0,1,0,0,1,1,1,0,0,0,0,0,0
"5837",0,0,0,0,1,0,1,1,1,0,1,1,0,1,0,0
"5836",0,0,0,0,0,0,0,0,0,0,0,0,0,0,0,0
"5834",0,0,0,0,0,0,1,1,1,1,0,1,1,1,0,1
"160728",0,0,0,0,0,0,0,0,0,0,0,0,0,0,0,0
"8801",1,1,1,1,1,1,1,1,1,1,1,1,1,1,1,1
"11285",1,0,0,1,0,0,1,1,1,1,0,0,1,0,1,1
"8802",1,1,1,1,1,1,0,0,0,0,1,1,0,1,0,1
"2729",1,1,1,1,1,1,0,1,1,0,1,1,1,1,1,1
"8972",1,1,0,1,0,0,1,1,0,0,1,1,0,0,1,1
"2618",1,0,1,1,0,0,1,1,0,0,1,1,0,1,1,0
"2730",1,1,1,1,1,1,1,1,1,1,1,1,1,1,1,1
"8803",1,1,1,1,1,1,1,1,1,1,1,1,1,1,1,1
"10723",1,1,0,1,1,1,1,1,1,1,1,1,1,1,1,1
"9990",1,1,0,0,0,0,1,1,1,1,0,0,1,1,1,0
"2746",1,1,1,1,1,1,1,1,1,1,1,1,1,1,1,1
"6560",1,1,0,0,0,0,1,0,0,1,0,0,1,1,1,0
"2747",1,1,1,1,0,1,0,0,0,0,1,1,0,1,0,0
"5019",1,1,1,1,1,1,1,1,1,1,1,1,1,1,1,1
"10841",1,1,0,0,0,1,0,0,0,1,0,1,1,0,1,1
"57468",0,0,1,1,0,0,0,0,0,0,1,0,0,0,0,0
"3795",0,0,1,0,1,1,1,1,1,1,0,1,0,1,0,1
"1629",1,0,1,1,0,1,0,1,0,0,1,0,1,0,0,0
"27165",1,1,1,1,1,0,0,0,1,0,0,0,1,1,0,0
"594",0,0,1,1,1,1,0,1,0,0,1,1,0,0,1,0
"2744",1,1,1,1,1,1,1,1,1,0,1,1,1,1,1,1
"8564",0,0,0,0,0,0,0,0,0,0,0,0,0,0,0,0
"3938",0,0,0,0,1,1,0,0,0,0,1,1,1,0,0,0
"593",0,0,0,0,0,0,1,1,1,1,1,1,1,1,0,0
"26873",1,0,0,0,0,0,0,0,0,1,1,0,0,0,0,1
"79751",1,0,0,0,0,0,1,1,1,1,0,0,1,1,1,0
"83733",0,0,0,0,0,0,1,1,1,0,0,0,0,0,0,0
"4942",1,1,1,1,1,1,1,1,1,1,1,1,1,1,1,1
"2639",0,0,0,0,0,0,1,1,1,1,0,0,1,1,1,1
"53",0,0,0,0,1,0,0,1,1,1,0,1,0,1,0,1
"3931",1,1,1,1,0,0,1,1,0,1,0,1,0,1,0,1
"7372",0,0,1,0,1,1,0,1,0,0,1,0,1,1,1,0
"57084",0,0,0,0,0,0,0,0,0,0,0,0,0,0,0,0
"1811",0,0,0,0,0,0,0,0,0,0,0,0,0,0,0,0
"246213",0,0,0,0,0,0,0,0,0,0,0,0,0,0,0,0
"57030",1,1,0,1,0,0,1,0,1,1,0,1,1,1,0,0
"387775",NA,NA,NA,NA,NA,NA,NA,NA,NA,NA,NA,NA,NA,NA,NA,NA
"10861",1,1,0,0,0,0,1,1,0,1,1,0,1,0,0,0
"1836",0,0,1,1,0,1,0,1,0,0,1,0,1,0,0,0
"124637",0,1,0,0,1,0,1,1,0,0,0,0,0,0,0,0
"51179",1,0,0,0,0,0,0,0,0,0,1,0,1,0,1,1
"54363",0,0,0,0,0,0,0,0,0,0,0,0,0,0,0,0
"366",0,0,0,1,1,1,0,0,0,0,1,0,1,1,0,0
"1583",0,0,0,0,0,0,0,0,0,0,0,0,0,0,0,0
"2628",0,0,0,0,0,0,0,0,0,0,0,0,0,0,0,0
"1584",0,0,0,0,0,0,0,0,0,0,0,0,0,0,0,0
"1585",1,1,1,1,0,1,0,0,0,0,0,0,1,0,1,1
"11283",0,0,0,0,0,0,0,0,0,0,0,0,0,1,0,0
"9380",1,1,1,1,1,1,1,1,1,1,1,1,1,1,1,1
"1586",0,1,0,1,0,0,1,1,0,0,0,0,0,1,1,0
"2713",1,1,1,1,0,1,0,0,1,0,1,1,0,0,1,0
"4047",0,1,1,1,0,0,1,1,0,0,1,1,0,0,0,0
"1588",0,0,0,0,0,0,0,0,0,0,0,0,0,0,0,0
"29124",0,0,0,0,0,0,0,0,0,0,0,0,0,0,0,0
"5321",0,0,0,0,0,0,0,0,0,0,0,0,0,0,0,0
"2710",1,1,1,1,1,1,0,0,1,0,1,1,0,0,0,0
"1576",0,1,1,1,0,1,0,1,0,0,1,1,1,0,0,1
"2712",0,0,0,0,0,0,0,0,0,1,0,0,0,0,0,0
"1178",0,0,0,0,0,0,0,0,0,0,0,0,0,0,0,0
"51268",1,0,1,1,0,0,1,0,0,0,0,0,1,1,0,1
"1056",0,0,0,0,0,0,0,0,0,0,0,0,0,0,0,0
"3029",1,1,1,1,1,1,1,1,1,1,1,1,1,1,1,1
"6536",1,0,0,0,0,1,1,1,1,0,1,1,0,1,0,0
"1589",1,1,0,0,0,1,1,0,1,1,0,0,0,1,0,1
"1593",0,1,0,0,1,0,1,0,1,0,0,1,1,1,0,0
"3990",0,0,1,1,0,0,0,0,0,0,0,0,0,1,1,1
"1548",0,0,0,0,1,1,0,0,0,1,0,0,1,1,1,0
"80339",0,0,0,0,0,0,0,0,0,0,0,0,0,0,0,0
"4023",0,0,0,0,0,0,0,0,0,1,0,0,0,0,0,0
"5226",0,0,0,0,0,0,1,1,1,1,1,1,0,0,1,1
"1553",1,1,1,1,1,1,0,0,0,0,1,0,1,0,1,1
"11343",1,1,1,0,0,0,1,0,0,1,0,1,0,0,0,0
"1562",0,0,0,0,0,0,0,0,0,0,0,0,0,0,0,0
"27232",0,1,0,1,0,0,1,1,1,0,0,1,1,0,1,1
"1558",0,0,0,0,0,0,0,0,0,0,0,0,0,0,0,0
"57678",0,0,1,0,1,1,0,1,1,0,1,1,1,1,1,1
"50487",0,0,1,0,1,0,0,0,1,1,1,1,0,1,0,0
"284098",1,0,1,1,1,0,0,1,0,0,1,1,1,1,1,1
"1559",0,0,0,0,0,0,0,0,0,0,0,0,0,0,0,0
"93183",0,0,1,1,0,0,0,0,0,0,0,0,0,0,0,0
"9227",0,0,0,0,0,0,0,0,0,0,0,0,0,0,0,0
"1565",1,1,0,0,0,1,1,1,0,1,0,1,1,1,0,0
"54965",0,0,0,0,0,0,1,1,1,1,0,0,0,0,0,0
"1572",0,0,0,0,0,0,0,0,0,0,0,0,0,0,0,0
"51302",0,0,0,0,0,0,0,0,0,0,0,0,0,0,0,0
"2936",1,1,1,1,1,1,1,1,1,1,1,1,1,1,1,1
"6309",0,0,0,0,1,1,1,1,0,0,1,0,1,0,1,0
"64816",0,0,0,0,0,0,0,0,0,0,0,0,0,0,0,0
"4048",1,1,1,1,1,1,1,1,1,1,1,1,1,1,1,1
"1577",1,0,1,0,0,0,0,0,0,0,0,0,0,0,0,0
"4056",1,1,0,1,1,0,0,0,1,0,0,1,1,1,0,0
"5052",1,1,1,1,1,1,1,1,1,1,1,1,1,1,1,1
"7001",1,1,1,1,1,1,1,1,1,1,1,1,1,1,1,1
"1551",0,0,0,0,0,0,0,0,0,0,0,0,0,0,0,0
"4259",1,1,1,1,1,1,1,1,1,1,1,1,1,1,1,1
"10858",1,1,0,1,0,1,0,0,0,1,1,1,0,0,1,0
"2876",1,1,1,1,1,1,1,1,1,1,1,1,1,1,1,1
"66002",0,1,0,0,1,1,0,0,1,0,1,0,1,0,1,1
"8529",0,1,0,0,1,1,0,1,1,0,0,1,1,0,0,1
"2879",1,1,1,1,1,1,1,1,1,1,1,1,1,1,1,1
"4258",0,0,0,1,0,0,0,1,1,1,1,1,0,0,0,1
"4051",0,0,0,0,0,0,0,0,0,0,0,0,0,0,0,0
"9420",0,0,0,0,0,0,0,0,0,0,0,0,0,0,0,0
"1582",0,0,0,0,0,0,0,0,0,0,0,0,0,0,0,0
"2877",0,0,0,0,0,0,0,1,0,0,0,1,1,1,0,0
"5831",0,1,1,0,0,1,1,0,0,1,1,1,1,0,1,0
"2878",1,1,1,1,0,0,1,0,0,0,0,0,1,0,0,1
"2954",0,0,0,0,1,0,0,0,1,1,1,1,1,0,1,0
"257202",NA,NA,NA,NA,NA,NA,NA,NA,NA,NA,NA,NA,NA,NA,NA,NA
"2882",0,0,1,1,1,1,1,1,0,0,1,1,0,0,0,1
"5048",1,1,1,1,1,1,1,1,1,1,1,1,1,1,1,1
"2548",0,1,1,0,0,0,1,1,1,1,0,0,0,1,0,1
"10935",0,0,1,1,0,0,0,1,1,1,1,1,0,0,0,0
"5051",0,0,0,1,0,1,1,1,1,1,0,1,0,1,0,0
"5050",1,0,0,0,0,0,1,0,1,1,0,1,0,1,0,1
"2937",1,1,1,1,1,1,1,1,1,1,1,1,1,1,1,1
"5049",1,0,0,0,0,1,1,1,1,1,0,0,1,0,1,1
"64087",1,0,1,1,0,0,0,0,1,0,1,1,0,0,1,0
"7941",0,0,0,0,0,0,0,0,0,0,0,0,0,0,0,0
"56922",0,0,1,1,0,1,1,1,1,0,1,0,1,0,1,0
"23417",1,1,0,1,0,0,1,1,1,1,0,0,1,0,1,0
"2678",0,0,1,0,0,0,1,0,0,1,1,1,1,1,0,0
"347734",0,0,1,1,0,0,1,1,1,1,0,0,0,0,0,0
"57194",1,1,0,0,0,0,0,1,0,1,1,1,0,0,0,1
"5337",0,0,0,0,0,0,0,0,0,0,0,0,0,0,0,0
"4357",1,0,0,1,0,1,0,1,0,1,1,1,0,1,0,0
"5338",1,1,0,0,0,0,1,0,0,1,0,1,0,1,0,1
"2679",0,0,1,0,0,0,1,0,1,1,1,1,1,1,0,0
"4190",1,1,1,1,1,1,1,1,1,1,1,1,1,1,1,1
"130013",0,0,0,0,0,0,0,0,0,0,0,0,0,0,0,0
"4191",1,1,1,1,1,1,1,1,1,1,1,1,1,1,1,1
"4200",1,1,1,1,1,1,1,1,1,1,1,1,1,1,1,1
"4881",1,1,1,0,0,1,0,0,0,1,0,0,1,0,0,1
"5091",0,0,1,0,0,0,1,1,1,1,1,0,0,0,1,0
"4882",1,1,0,1,1,0,1,1,0,0,0,0,1,1,1,1
"2984",0,0,0,0,0,0,0,1,0,1,0,0,0,0,0,1
"2974",1,1,0,0,1,1,1,1,1,0,0,1,0,0,1,1
"2982",1,1,0,1,1,0,0,1,0,0,0,0,1,1,1,0
"2986",0,0,0,0,0,0,0,0,0,0,0,0,0,0,0,0
"4199",0,0,0,0,0,0,0,0,0,0,0,0,0,0,0,0
"10873",0,0,0,1,1,1,0,0,1,1,0,0,1,1,1,1
"3620",0,1,0,1,1,0,1,1,0,1,1,1,1,0,0,0
"2983",0,0,0,0,0,0,0,0,0,0,0,0,0,0,0,0
"3000",0,0,1,0,0,0,0,0,0,0,1,1,0,1,1,0
"1557",0,0,0,0,0,0,0,0,0,0,0,0,0,0,0,0
"1545",0,0,0,0,1,1,0,0,0,0,0,0,1,1,1,1
"5244",0,0,1,1,1,1,0,0,0,0,1,1,0,0,0,0
"2977",0,0,0,0,0,0,0,0,0,0,0,0,0,0,0,0
"1543",1,0,1,0,0,1,0,1,0,0,1,1,0,0,0,1
"1544",1,1,1,0,0,1,0,0,0,1,1,1,1,0,1,0
"9615",0,0,0,0,0,0,0,0,0,0,0,0,0,0,0,0
"4144",1,1,1,1,1,1,1,1,1,1,1,1,1,1,1,1
"4143",1,1,0,0,1,0,1,1,1,0,1,1,0,0,1,0
"5150",1,0,0,0,1,1,1,0,1,1,1,1,1,1,1,1
"27430",1,1,1,1,1,1,1,1,1,1,1,1,1,1,1,1
"4548",1,1,1,1,1,0,1,1,1,1,1,1,1,1,1,1
"763",0,0,0,0,0,1,0,0,1,1,1,0,1,1,0,1
"5143",0,1,1,0,1,0,1,0,0,1,0,1,1,1,0,1
"11238",1,0,1,1,0,0,1,1,0,1,1,1,1,0,0,0
"4598",1,1,0,0,0,0,1,0,0,1,0,1,1,0,1,0
"5137",0,1,0,1,0,1,1,1,0,1,1,0,0,0,1,1
"3636",0,0,0,1,0,1,1,0,1,1,0,1,0,1,0,1
"5151",0,0,0,0,1,1,0,0,0,1,0,0,1,0,1,0
"23556",0,0,1,1,1,1,0,0,1,0,1,1,0,0,1,0
"55650",1,0,1,1,0,0,1,1,0,0,1,0,1,0,1,0
"3635",1,1,0,0,1,1,1,1,1,1,1,1,0,1,0,1
"3633",0,1,1,1,0,0,0,0,0,1,0,1,1,0,1,0
"8867",1,0,0,1,0,0,0,0,0,0,1,0,0,0,0,1
"5140",1,1,0,0,1,1,0,0,1,1,0,0,1,0,1,1
"27124",1,1,0,0,0,1,1,0,0,1,0,1,1,0,0,0
"53905",0,0,1,0,1,1,1,1,1,0,1,1,1,0,1,0
"50506",0,0,0,0,0,0,0,0,0,0,0,0,0,0,0,0
"5142",1,1,1,1,1,1,1,1,1,1,1,1,1,1,1,1
"343",0,1,1,0,0,1,1,0,1,0,1,0,0,0,1,0
"5281",1,1,1,1,1,1,0,1,0,1,1,1,1,1,1,1
"3632",1,0,0,0,1,0,1,1,1,1,0,1,0,1,1,1
"10846",0,0,0,0,0,0,0,0,0,0,0,0,0,0,0,0
"84720",0,1,1,1,0,1,0,0,0,1,1,1,0,0,0,0
"56623",1,1,0,0,1,0,1,1,1,1,0,1,1,1,0,1
"5141",1,1,0,0,0,0,1,1,0,0,1,0,1,0,1,0
"8622",0,0,0,0,0,0,0,0,0,0,0,0,0,0,0,0
"3628",0,0,1,1,1,1,1,1,1,1,1,1,1,1,1,1
"3707",1,1,1,1,0,0,1,1,1,1,1,1,1,1,1,1
"80235",0,0,1,1,0,0,0,0,0,1,0,1,1,1,0,0
"5144",1,1,0,0,1,1,1,1,1,1,1,1,1,1,1,1
"3706",1,0,0,0,1,0,0,0,1,1,0,0,1,0,1,1
"5153",1,1,0,0,0,1,0,0,1,1,1,0,1,0,1,1
"80271",1,1,0,0,0,0,1,1,1,0,0,0,0,1,0,1
"94005",0,1,1,1,0,1,0,1,0,1,1,1,1,1,1,1
"27115",0,0,1,1,0,1,1,0,0,1,1,0,1,1,0,0
"128869",1,0,1,1,0,0,1,0,0,0,0,0,0,0,0,0
"51477",1,1,0,0,0,0,1,1,0,1,1,1,0,1,1,0
"10026",1,0,1,1,1,1,0,1,0,0,1,0,1,0,1,1
"5138",0,0,0,1,1,1,0,1,0,1,0,0,1,0,1,1
"51604",1,1,0,0,1,1,0,0,1,1,1,1,0,1,0,0
"3631",1,1,1,1,1,1,1,1,1,1,1,1,1,1,1,1
"5139",0,0,0,0,0,0,0,0,0,0,0,0,0,0,0,0
"8821",1,0,1,1,1,0,1,1,1,0,1,1,0,0,0,1
"50940",0,0,0,0,0,0,0,0,0,0,0,0,0,0,0,0
"2595",0,0,0,0,0,0,0,0,0,0,0,0,0,0,0,0
"84693",0,0,0,1,1,0,1,1,0,0,1,1,1,1,1,1
"8733",1,1,1,1,1,1,1,1,1,1,1,1,1,1,1,1
"5136",0,0,0,0,0,0,0,0,0,0,0,0,0,0,0,0
"4594",0,0,1,1,1,1,0,1,0,0,1,0,0,0,0,1
"3028",1,1,1,1,1,1,1,1,1,1,1,1,1,1,1,1
"5152",1,1,0,0,0,0,1,0,0,0,1,1,0,0,1,0
"3033",0,0,1,1,0,0,0,1,0,0,1,1,0,0,1,0
"3037",0,0,0,0,0,0,0,0,0,0,0,0,0,0,0,0
"80168",0,0,0,0,0,0,0,0,0,0,0,0,0,0,0,0
"116255",0,0,0,0,0,0,0,0,0,0,0,0,0,0,0,0
"5146",0,0,0,0,0,0,0,0,0,0,0,0,0,0,0,0
"4507",0,1,1,1,0,0,1,1,1,0,1,0,0,0,1,0
"3038",0,1,1,1,0,0,1,0,0,1,0,0,0,0,0,0
"3036",1,1,0,1,0,1,1,0,0,0,1,1,1,1,0,0
"27235",0,1,1,0,1,1,1,1,1,0,1,1,1,0,1,0
"6521",0,0,0,0,1,0,0,1,0,1,1,1,1,1,1,0
"83697",0,0,0,0,0,0,0,0,0,0,0,0,0,0,0,0
"10797",1,1,1,1,1,1,1,1,1,1,1,1,1,1,1,1
"56913",1,1,1,1,1,1,1,1,1,1,1,1,1,1,1,1
"443",0,0,0,0,0,0,0,0,0,0,0,0,0,0,0,0
"91703",0,0,0,0,0,0,0,0,0,0,0,0,0,0,0,0
"6522",1,1,1,1,0,0,1,1,0,0,0,1,0,1,0,1
"6508",1,1,0,0,0,0,0,0,0,1,1,1,1,0,1,0
"5145",1,1,0,0,0,0,0,1,1,0,0,1,0,0,1,1
"4668",0,0,0,0,0,0,1,1,0,1,1,1,0,1,0,1
"9498",0,0,0,1,0,0,0,1,1,0,1,1,1,0,0,1
"57282",NA,NA,NA,NA,NA,NA,NA,NA,NA,NA,NA,NA,NA,NA,NA,NA
"6528",0,1,0,0,0,0,0,1,0,0,0,1,1,0,0,0
"3098",1,1,1,1,1,1,1,1,1,1,1,1,1,1,1,1
"80201",0,1,0,0,1,1,1,1,1,0,0,0,1,1,1,0
"8654",1,1,0,1,0,1,0,1,0,0,0,1,1,0,0,1
"2645",1,0,0,1,1,0,0,0,1,1,0,1,1,0,1,1
"483",1,1,1,1,1,1,1,1,1,1,1,1,1,1,1,1
"3101",0,0,1,1,0,0,1,0,1,1,1,0,0,1,1,0
"5149",0,0,0,0,0,0,0,0,0,0,0,0,0,0,0,0
"478",1,1,0,0,1,0,1,1,0,1,1,0,1,0,0,1
"480",0,0,0,0,0,0,0,0,0,0,0,0,0,0,0,0
"481",0,0,1,1,1,1,0,0,1,0,0,0,1,1,1,1
"3099",1,1,1,0,1,0,0,0,1,0,1,0,1,0,1,0
"5147",1,1,1,1,1,1,1,1,1,1,1,1,1,1,1,1
"482",1,1,1,1,0,0,1,1,1,0,0,0,1,1,1,0
"476",1,1,1,1,1,1,1,1,1,1,1,1,1,1,1,1
"477",0,0,0,0,0,0,0,0,0,0,0,0,0,0,0,0
"23439",0,0,0,0,0,0,0,0,0,0,0,0,0,0,0,0
"3081",0,0,0,0,0,0,0,0,0,0,0,0,0,0,0,0
"11112",0,1,0,0,1,0,1,1,1,1,1,1,1,1,1,1
"3067",0,1,0,0,0,1,0,0,0,1,1,1,0,0,0,1
"6549",1,1,1,0,1,1,0,0,1,1,0,1,0,0,1,0
"6550",1,0,1,1,1,0,1,1,1,0,1,0,1,1,0,1
"5148",0,0,0,0,0,1,0,0,0,1,0,0,1,0,1,1
"496",0,0,0,0,0,0,0,0,0,0,0,0,0,0,0,0
"6548",0,0,0,0,0,0,0,1,0,0,0,1,0,1,1,1
"495",1,0,1,1,1,0,1,1,1,1,1,0,1,0,1,1
"55748",1,1,1,1,1,1,1,1,1,1,1,1,1,1,1,1
"5158",0,0,0,1,0,0,1,1,1,1,0,0,0,1,1,1
"84735",0,0,0,0,0,0,0,0,0,0,0,0,0,0,0,0
"6559",1,1,0,1,1,0,1,0,1,0,1,1,1,0,1,0
"8942",1,0,0,0,0,1,0,0,0,1,0,0,1,0,1,0
"5162",1,1,1,1,1,1,1,1,1,1,1,1,1,1,1,1
"3157",0,1,0,0,1,1,1,0,1,0,1,0,1,0,1,0
"5161",0,0,0,1,0,1,0,0,1,1,0,1,1,1,1,0
"123041",0,0,0,0,0,0,0,0,0,0,0,0,0,0,0,0
"1737",1,1,1,1,1,1,1,1,1,1,1,1,1,1,1,0
"3158",0,0,0,0,0,0,0,0,0,0,0,0,0,0,0,0
"5160",1,1,1,1,1,1,1,1,1,1,1,1,1,1,1,1
"55163",0,0,1,1,1,1,0,1,0,1,0,1,0,1,1,1
"25769",0,0,0,0,0,0,0,0,0,1,0,0,1,0,0,0
"54511",0,0,0,0,0,0,0,0,0,0,0,0,0,0,0,0
"10396",1,1,1,1,1,1,0,0,1,1,0,0,1,1,1,1
"57419",0,0,0,0,1,0,1,0,0,0,0,0,0,0,0,0
"9187",1,1,1,1,1,1,0,0,0,0,1,1,0,0,0,1
"5105",0,0,0,0,0,0,0,0,0,0,0,0,0,0,0,0
"124583",1,1,1,1,1,1,1,1,1,1,1,1,1,1,1,1
"3155",0,0,1,1,0,0,1,1,1,1,1,1,0,0,0,1
"5106",1,1,1,1,0,1,0,0,1,0,1,1,0,0,1,0
"3162",0,0,0,1,0,1,0,1,0,0,1,0,1,1,0,0
"3163",0,1,1,1,0,0,1,1,1,1,1,1,1,1,1,1
"79077",1,1,1,1,1,1,1,1,1,1,1,1,1,1,1,1
"8310",0,0,0,0,0,0,1,1,1,1,0,0,1,1,1,1
"9583",1,1,0,0,0,1,0,0,0,0,1,1,0,0,0,0
"26062",0,0,0,0,0,0,0,0,0,0,0,0,0,0,0,0
"197257",0,1,0,0,0,0,0,0,0,0,0,0,0,0,0,0
"5833",1,1,0,0,0,0,1,1,0,1,1,1,1,0,0,0
"1841",1,1,1,1,1,0,0,0,0,0,0,0,1,1,1,0
"10400",0,1,0,0,0,1,1,1,1,0,0,1,0,0,1,1
"6448",1,1,0,0,0,0,1,0,1,1,1,1,0,1,0,1
"29922",1,0,1,1,1,1,1,0,1,0,1,1,1,1,1,1
"26227",0,0,1,1,1,0,0,1,1,0,1,1,0,0,0,1
"10201",0,0,1,1,1,0,1,1,1,0,1,1,0,0,0,0
"5730",0,0,0,1,1,1,0,1,0,1,1,1,0,0,1,0
"4830",1,1,1,1,1,1,1,1,1,1,1,1,1,1,1,1
"27306",1,0,0,0,1,0,0,0,0,0,1,1,0,0,0,0
"80142",1,1,1,0,0,1,0,0,0,0,1,1,1,0,0,0
"4831",1,1,1,1,1,1,1,1,1,1,1,1,1,1,1,1
"4832",0,0,0,0,0,0,1,0,1,1,0,0,0,1,0,1
"200576",1,1,1,1,0,1,0,0,0,0,1,0,0,0,0,1
"8396",1,1,0,1,1,0,1,0,1,1,0,1,0,0,1,1
"9536",1,1,0,1,0,1,1,1,1,0,0,1,0,0,0,1
"4833",0,0,1,1,0,1,0,1,0,0,1,1,0,0,0,1
"6005",0,1,1,0,0,0,1,1,0,0,1,0,1,0,0,0
"79837",1,1,1,1,1,1,1,1,1,1,1,1,1,1,1,1
"5740",1,0,0,1,0,1,1,1,0,0,1,0,0,0,1,0
"5289",1,1,1,1,0,1,0,0,0,0,1,0,1,0,1,0
"57127",0,1,1,1,0,1,0,0,0,1,1,1,1,1,0,0
"6557",0,0,0,0,0,0,0,0,0,0,0,0,0,0,0,0
"5277",1,0,1,1,1,0,1,1,1,0,1,0,1,1,0,0
"114971",0,0,0,1,1,0,1,1,0,0,1,1,1,1,1,1
"6558",1,1,0,1,1,1,0,1,1,1,1,1,1,1,1,1
"349565",0,0,0,0,0,1,0,0,0,0,0,0,0,0,0,0
"9489",0,0,0,0,0,0,1,1,1,1,0,1,0,1,0,1
"64802",0,0,0,0,0,0,0,0,0,0,0,0,0,0,0,0
"23057",0,0,0,0,0,0,0,0,0,0,0,0,0,0,0,0
"8818",1,1,0,0,0,0,1,1,0,1,0,0,1,0,0,0
"5743",0,0,0,0,1,1,0,0,0,0,0,0,0,0,0,0
"5742",0,1,0,1,1,1,0,1,0,0,0,0,0,0,1,1
"10135",1,1,1,1,1,1,1,1,1,1,1,1,1,1,1,1
"6898",0,1,1,1,0,0,0,0,0,1,1,0,1,1,0,0
"5053",0,0,0,0,0,0,0,0,0,0,0,0,0,0,0,0
"5283",0,0,0,1,0,1,0,0,0,0,0,1,0,1,1,0
"5264",1,1,1,1,1,1,1,1,1,1,1,1,1,1,1,1
"4837",0,1,1,0,1,1,1,1,0,1,0,0,0,1,1,0
"5409",0,1,0,1,0,0,1,0,0,1,0,1,1,1,0,1
"5728",1,1,1,1,1,1,1,1,1,1,1,1,1,1,1,1
"645740",NA,NA,NA,NA,NA,NA,NA,NA,NA,NA,NA,NA,NA,NA,NA,NA
"8871",1,1,1,0,1,1,0,1,1,0,1,1,0,1,0,1
"51227",1,0,1,1,1,1,1,1,1,1,1,1,1,1,1,1
"8395",0,1,1,1,1,1,0,0,0,0,1,1,1,0,1,0
"9091",0,1,0,1,1,0,1,1,1,1,1,0,0,1,1,0
"4842",1,0,1,1,0,0,1,0,1,0,0,0,1,0,1,1
"23396",1,1,0,0,0,0,1,0,0,1,0,0,1,1,1,0
"4843",1,1,0,1,1,1,1,1,1,0,1,1,1,1,1,0
"5279",1,0,1,1,1,1,1,1,0,0,1,1,1,0,1,0
"8394",1,0,0,0,0,0,1,1,1,0,1,1,0,0,1,0
"55361",1,1,0,0,0,0,1,1,1,1,0,0,1,1,0,0
"201288",NA,NA,NA,NA,NA,NA,NA,NA,NA,NA,NA,NA,NA,NA,NA,NA
"4846",1,1,1,0,0,1,1,1,0,0,1,1,0,0,0,1
"5297",1,1,1,1,1,1,1,1,1,1,1,1,1,1,1,1
"4860",1,1,1,1,1,1,1,1,1,1,1,1,1,1,1,1
"5298",0,1,0,0,1,0,1,1,1,1,0,1,0,1,0,1
"5294",1,0,1,1,1,1,1,0,1,1,1,1,1,1,1,0
"123745",NA,NA,NA,NA,NA,NA,NA,NA,NA,NA,NA,NA,NA,NA,NA,NA
"5290",1,0,0,0,1,0,1,1,0,0,1,0,0,0,1,0
"6580",1,0,1,1,1,1,1,1,1,1,1,0,0,0,1,0
"5295",1,1,1,1,1,1,1,1,1,1,1,1,1,1,1,1
"10870",1,1,1,1,0,0,0,0,0,0,1,1,1,1,1,1
"55808",0,0,0,0,0,0,0,0,0,0,0,0,0,0,0,0
"5251",0,0,0,0,0,0,0,0,0,0,0,0,0,0,0,0
"5320",1,1,1,1,1,0,0,0,0,1,0,0,1,0,1,1
"8503",0,0,1,1,0,1,0,1,1,1,1,1,1,1,1,0
"30833",0,1,0,0,0,0,1,1,1,1,0,1,0,0,0,1
"81579",0,0,1,1,1,1,0,1,0,0,0,1,0,0,1,1
"56953",1,1,0,0,1,0,0,0,0,1,1,1,0,1,1,0
"23533",1,1,1,1,1,1,1,1,1,1,1,1,1,1,1,1
"8398",1,1,0,0,0,0,1,0,1,1,0,1,1,0,0,1
"5296",1,1,1,1,1,1,0,0,0,0,0,1,0,1,1,1
"5322",0,0,0,0,0,0,0,0,0,0,0,0,0,0,0,0
"4907",0,0,0,0,1,1,1,1,0,0,1,1,0,0,0,0
"5291",1,1,1,0,0,0,1,1,0,0,1,1,0,1,0,0
"5293",1,1,1,1,1,1,1,1,1,1,1,1,1,1,1,1
"6476",0,0,0,0,0,0,0,0,0,0,0,0,0,0,0,0
"5009",0,0,0,0,0,0,0,0,0,0,0,0,0,0,0,0
"4952",0,0,1,1,0,1,1,1,0,1,1,1,0,0,1,0
"64600",0,0,0,0,0,0,0,0,0,0,0,0,0,0,0,0
"64064",0,1,0,0,0,1,0,0,0,1,0,0,1,1,1,1
"23236",1,0,0,0,1,1,1,1,0,0,1,0,1,0,0,0
"100137049",1,1,1,0,0,0,1,1,0,0,0,1,1,1,0,1
"30814",1,1,0,1,0,0,1,0,1,1,0,1,1,1,1,0
"26279",0,0,0,1,0,1,1,1,1,1,1,0,1,0,0,0
"5335",0,1,0,0,0,0,1,0,1,1,0,1,0,1,0,1
"8399",0,1,0,0,0,1,1,0,0,1,0,0,1,0,0,0
"5332",0,0,0,0,0,0,0,0,0,0,0,0,0,0,0,0
"257068",1,1,1,0,1,1,0,0,0,0,1,1,1,1,1,1
"5319",0,1,0,0,0,0,0,1,0,0,0,0,0,0,0,0
"6489",1,0,1,1,1,0,1,0,1,0,1,1,0,1,0,0
"5336",0,1,1,1,1,1,0,0,1,0,0,1,0,1,0,1
"23007",0,0,0,0,0,0,0,0,0,0,0,0,0,0,0,0
"29906",0,0,0,0,0,0,0,0,0,1,1,0,0,0,1,1
"5334",0,0,0,0,1,1,0,0,0,1,1,0,1,0,0,1
"10654",1,1,1,1,1,1,1,1,1,1,1,1,1,1,1,1
"9651",1,1,1,0,1,1,0,0,0,1,0,0,1,1,0,0
"9807",0,0,1,0,1,0,1,1,1,1,1,1,1,1,0,1
"412",0,1,1,1,1,1,0,1,1,0,0,0,1,1,1,1
"51196",0,1,0,0,0,1,0,1,0,0,0,0,0,0,0,0
"117283",0,0,0,0,0,0,0,0,0,0,0,0,0,0,0,0
"5331",0,1,0,0,0,0,1,0,1,1,0,0,0,1,1,1
"84812",1,1,0,0,0,0,1,1,1,0,0,0,0,0,0,0
"5330",0,1,0,0,0,1,1,1,0,1,0,1,0,1,0,1
"6391",1,1,1,1,1,1,1,1,1,1,1,1,1,1,1,1
"113026",0,1,0,0,0,0,1,0,1,1,1,1,1,1,1,1
"6392",1,1,1,1,1,1,1,1,1,1,1,1,1,1,1,1
"6390",1,1,1,1,1,1,1,1,1,1,1,1,1,1,1,1
"51447",1,1,0,1,0,1,1,1,1,1,1,1,1,1,1,1
"5333",0,0,1,1,1,0,1,1,1,0,0,1,0,0,0,1
"6389",1,1,1,1,1,1,1,1,1,1,1,1,1,1,1,1
"6821",0,1,0,0,0,0,0,0,0,1,0,0,1,0,1,1
"89869",0,0,0,0,0,0,0,0,0,0,0,0,0,0,0,0
"6533",0,0,0,0,0,1,1,1,1,1,1,1,0,1,0,0
"5288",0,0,0,0,0,0,0,0,0,0,0,0,0,0,0,0
"55350",1,1,1,0,0,0,1,0,0,0,1,0,0,0,1,1
"5092",1,1,1,1,0,1,0,0,0,0,0,1,1,1,0,0
"5287",1,0,0,0,1,0,1,1,1,1,0,0,0,1,0,1
"23530",1,0,1,1,0,1,0,1,0,0,1,1,0,0,1,0
"5286",1,1,0,1,1,1,0,0,0,0,1,0,1,0,1,1
"8876",0,0,0,0,0,0,0,0,0,0,0,0,0,0,0,0
"79178",1,0,1,1,1,1,1,0,1,0,0,1,1,0,1,1
"5305",1,1,1,1,1,1,1,1,1,1,1,1,1,1,1,1
"8875",1,1,0,1,0,0,0,0,0,0,1,0,0,0,1,1
"64499",1,1,0,0,0,0,1,0,0,1,0,0,1,0,1,0
"6567",0,0,1,0,0,0,1,0,1,1,0,1,1,0,0,0
"7177",1,1,0,0,0,0,1,0,0,1,0,0,1,0,1,0
"1890",0,1,1,0,1,1,1,0,0,1,0,0,1,1,1,1
"27068",1,0,1,1,1,1,0,1,1,1,1,1,1,1,1,1
"1636",1,1,0,0,1,0,1,0,1,1,0,1,1,1,0,1
"9365",0,0,0,0,0,0,0,0,0,0,0,0,0,0,0,0
"9331",0,0,0,0,1,1,0,0,0,0,0,0,0,0,0,0
"55217",0,0,1,1,1,1,0,1,0,1,0,1,1,0,0,0
"7368",0,0,0,0,1,1,0,0,0,0,0,1,1,0,1,0
"7296",1,1,1,1,1,1,1,1,1,1,1,1,1,1,1,1
"8613",0,0,0,0,0,0,0,0,0,0,0,0,0,0,0,0
"5315",1,0,0,1,0,1,1,1,1,0,0,0,1,1,1,1
"8611",1,1,1,1,1,1,1,1,1,1,1,1,1,1,1,1
"26063",0,1,0,0,0,0,1,1,1,1,0,0,1,1,1,0
"8612",1,0,0,0,0,0,1,0,0,0,0,1,0,1,1,0
"1666",1,1,1,1,1,1,1,1,1,1,1,1,1,1,1,1
"874",0,0,0,0,0,0,1,1,0,1,0,0,0,0,1,1
"5498",0,0,0,0,0,0,0,1,1,0,1,1,0,0,0,1
"11181",0,0,0,0,0,0,0,0,0,1,0,0,0,0,0,0
"10901",0,0,0,0,1,1,1,1,1,1,1,1,1,1,1,1
"126410",1,1,1,1,0,0,0,1,1,0,1,1,1,1,1,1
"80162",0,0,0,0,0,0,1,0,1,1,0,0,0,1,0,1
"7166",0,0,0,0,0,0,0,0,0,0,0,0,0,0,0,0
"8288",0,0,1,0,0,1,1,0,0,0,0,1,1,0,1,0
"2053",0,0,1,0,1,1,0,0,1,0,0,0,0,0,1,0
"9588",1,1,1,1,1,1,1,1,1,1,1,1,1,1,1,1
"121278",0,0,0,0,0,0,0,0,0,0,0,0,0,0,0,0
"8897",1,1,0,0,0,0,1,1,1,1,0,1,0,1,1,1
"4353",0,0,0,0,0,0,0,0,0,0,0,0,0,0,0,0
"8898",1,1,1,1,1,1,1,1,1,1,1,1,1,1,1,1
"169355",0,0,0,0,0,0,0,0,0,0,0,0,0,0,0,0
"6999",0,0,0,0,0,0,0,0,0,0,0,0,0,0,0,0
"2880",0,0,0,0,0,0,0,0,0,0,0,0,0,0,0,0
"5625",0,0,0,0,0,0,0,1,0,0,0,0,0,0,0,0
"9152",0,1,0,1,1,1,1,0,0,1,1,0,1,0,1,1
"6578",1,0,0,0,0,1,0,1,0,1,0,0,1,0,0,1
"6561",0,0,0,0,0,0,0,0,0,0,0,0,0,0,0,0
"9497",1,0,1,1,0,1,0,1,1,0,1,0,1,0,1,1
"115584",0,0,0,0,0,0,0,0,0,1,0,0,0,0,0,0
"6575",1,1,0,0,0,0,0,0,0,1,1,1,0,1,1,0
"6916",0,1,1,1,1,0,0,1,1,0,1,1,0,1,0,0
"23761",0,1,0,1,0,1,1,1,0,1,0,0,0,1,1,1
"6574",1,1,1,1,1,1,1,1,1,1,1,1,1,1,1,1
"7054",1,0,1,1,0,0,1,0,0,1,1,0,0,1,1,0
"142680",0,0,0,0,0,0,0,0,0,0,0,0,0,0,0,0
"9791",1,1,1,1,1,1,1,1,1,1,1,1,1,1,1,1
"6534",1,0,1,0,1,0,1,1,1,0,0,1,1,1,0,0
"81490",0,1,1,1,0,0,0,0,0,1,0,1,0,1,0,1
"10005",0,1,1,1,1,0,1,1,1,0,1,1,0,0,0,1
"3293",0,1,0,0,0,0,1,0,0,0,0,0,0,0,0,0
"1622",1,1,1,1,1,1,1,1,1,1,1,1,1,1,1,1
"225",1,0,1,1,1,0,0,0,1,0,1,0,0,0,0,1
"10965",0,1,0,1,0,1,0,1,1,1,1,1,0,0,0,1
"28965",0,0,0,0,0,0,0,0,0,0,0,0,0,0,0,0
"122970",0,0,0,1,1,1,0,1,1,1,0,0,0,0,0,0
"10020",1,1,1,1,1,1,0,1,1,1,1,1,1,1,1,1
"23205",0,0,0,1,0,0,0,0,0,0,1,1,0,0,1,1
"5805",1,1,1,1,1,1,1,1,1,1,1,1,1,1,1,1
"26061",0,0,1,1,0,0,1,1,0,0,0,0,0,0,0,0
"112483",0,0,0,0,1,0,1,1,1,1,1,1,1,1,1,1
"6303",1,1,1,1,1,1,1,1,1,1,1,1,1,1,1,1
"29880",1,1,1,1,1,1,1,1,1,1,1,1,1,1,1,1
"54716",0,0,0,0,0,0,0,0,0,0,0,0,0,0,0,0
"7355",0,0,1,1,1,1,0,0,1,1,1,0,1,1,1,0
"6564",0,0,0,0,0,0,0,0,0,0,0,0,0,0,0,0
"8566",0,0,1,1,0,0,1,1,1,1,0,0,0,1,0,1
"113235",0,1,0,0,0,0,0,0,1,0,0,0,0,0,0,0
"151531",0,0,0,0,0,0,0,0,0,0,0,0,0,0,0,0
"1200",1,1,1,1,1,1,1,1,1,1,1,1,1,1,1,1
"2168",0,0,0,0,0,0,0,0,0,0,0,0,0,0,0,0
"7358",0,0,1,1,1,0,1,1,0,0,1,1,0,0,0,1
"23169",1,0,1,1,1,1,1,1,1,1,1,1,1,1,1,1
"51056",1,1,1,1,1,1,1,1,1,1,1,1,1,1,1,1
"7378",1,1,1,1,1,1,1,1,1,1,1,1,1,1,1,1
"9390",0,1,0,0,0,0,1,0,1,0,0,0,1,0,1,1
"80146",1,1,1,1,1,1,1,1,1,1,1,1,1,1,1,1
"5184",0,0,0,1,0,1,1,1,1,1,1,1,0,1,1,1
"4891",0,0,0,1,1,1,1,1,1,0,0,1,0,0,0,1
"5168",0,0,0,0,0,0,0,0,0,0,0,0,0,0,0,1
"2944",1,1,1,1,0,0,0,0,1,1,0,0,0,1,0,1
"30061",0,0,0,0,0,0,0,0,0,0,0,0,0,0,0,0
"84912",0,0,1,1,0,1,1,1,1,1,0,0,0,0,0,0
"248",1,1,1,0,1,0,0,0,0,1,0,0,1,1,1,0
"64080",0,0,1,0,1,1,0,0,1,0,0,0,0,1,1,1
"4524",0,1,0,0,0,0,1,1,0,1,0,0,1,1,1,0
"3906",0,1,1,0,0,1,0,0,1,0,0,1,1,1,1,0
"65263",1,0,1,0,0,0,0,1,1,1,0,0,1,1,1,0
"8608",1,0,1,0,1,1,0,1,1,0,0,0,1,0,1,1
"25796",1,0,0,0,1,0,1,1,1,1,0,0,1,1,1,1
"5959",0,0,1,1,0,1,0,0,1,0,1,0,1,1,0,0
"7357",1,1,1,1,1,1,0,0,0,0,1,0,1,1,1,0
"28982",0,1,1,0,0,1,0,1,0,0,0,0,0,0,0,0
"6120",1,0,1,1,1,1,0,0,0,0,1,1,0,0,1,0
"11046",1,1,1,1,1,0,0,0,1,1,0,0,0,1,0,1
"54576",1,0,1,1,0,0,1,1,0,0,1,1,0,0,1,0
"54575",1,0,1,1,0,0,1,1,1,0,1,1,0,0,1,0
"51109",1,1,1,1,1,1,1,1,1,1,1,1,1,1,1,1
"157506",0,1,0,0,0,1,0,1,0,1,1,1,1,1,1,1
"54578",1,1,0,1,0,1,1,1,0,0,1,1,0,0,1,0
"54579",1,0,1,1,0,0,1,1,1,0,1,1,0,0,1,0
"10864",0,1,0,0,0,0,0,0,0,0,1,1,1,0,0,0
"9356",1,1,0,0,0,0,0,1,0,1,1,0,0,0,0,1
"54657",1,0,1,1,0,0,1,1,1,0,1,1,0,0,1,0
"195814",0,0,0,0,0,0,0,0,0,0,0,0,0,0,0,0
"9376",1,1,0,0,0,1,1,0,1,1,1,1,1,1,0,0
"112724",1,1,0,0,0,0,0,0,1,1,0,0,0,0,0,0
"50700",0,0,0,0,0,0,0,0,0,1,0,1,1,0,1,0
"54658",1,0,1,1,0,0,1,1,1,0,1,1,0,0,1,0
"348932",0,0,0,0,0,0,0,0,0,1,0,0,0,0,0,0
"54659",1,0,1,1,0,0,1,1,1,0,1,1,0,0,1,0
"54577",1,1,0,1,0,1,1,1,0,0,1,1,0,0,1,0
"57665",1,1,1,1,1,1,1,1,1,1,1,1,1,1,1,1
"120103",0,0,1,1,0,0,0,0,0,0,0,0,0,0,0,0
"1080",0,0,0,0,0,0,0,0,0,0,0,0,0,0,0,0
"85320",0,0,0,0,0,0,0,0,0,0,0,0,0,0,0,0
"145226",0,1,0,0,0,0,0,0,0,0,0,0,0,0,0,0
"54600",1,0,1,1,0,0,1,1,0,0,1,1,0,0,1,0
"222962",0,0,0,0,1,1,0,1,1,0,0,0,0,0,0,0
"8228",0,0,1,1,0,0,0,1,1,0,0,0,0,1,1,1
"113278",0,0,0,0,0,0,0,0,0,1,0,0,0,0,0,0
"10351",0,0,0,0,0,0,0,0,0,0,0,0,0,0,0,0
"54981",0,1,1,0,1,1,0,0,0,1,0,1,0,1,0,1
"7364",NA,NA,NA,NA,NA,NA,NA,NA,NA,NA,NA,NA,NA,NA,NA,NA
"9429",0,0,0,1,0,1,0,0,0,0,1,1,0,0,0,0
"7367",0,0,0,0,0,0,0,0,0,0,0,0,0,0,0,0
"55867",0,0,0,0,0,0,0,0,0,0,0,0,0,0,0,0
"54490",1,1,0,1,0,1,0,0,0,0,0,1,0,1,1,0
"364",0,0,0,1,1,1,0,1,0,0,0,1,1,0,0,0
"7366",0,0,0,0,0,0,0,0,0,0,0,0,0,0,0,0
"6482",1,1,1,1,1,1,1,1,1,1,1,1,1,1,1,1
"360",1,0,0,0,0,0,1,1,1,1,1,1,0,0,0,1
"6484",0,1,0,1,0,1,0,0,1,1,1,1,0,1,0,0
"7363",0,0,0,0,0,0,0,0,0,0,0,0,0,0,0,0
"89872",0,0,0,0,0,0,0,0,0,0,0,0,0,0,0,0
"7365",NA,NA,NA,NA,NA,NA,NA,NA,NA,NA,NA,NA,NA,NA,NA,NA
"6483",1,1,0,0,0,0,1,0,0,1,0,0,0,1,1,1
"21",0,1,0,0,0,1,1,1,0,1,0,1,1,1,0,0
"10720",1,1,0,1,0,1,0,0,0,0,0,1,0,1,1,0
"24",1,0,0,0,1,0,0,0,1,0,0,0,1,0,1,0
"54963",0,0,0,1,1,0,1,1,0,0,0,0,0,1,0,1
"10057",0,1,0,1,0,0,0,1,0,1,0,1,0,1,0,1
"125206",0,0,0,0,0,0,0,0,0,0,0,0,0,0,0,0
"7498",0,1,1,0,1,1,0,1,0,1,0,1,1,0,1,1
"10090",1,0,1,1,1,1,1,1,1,0,1,0,1,0,1,1
"200010",0,0,0,0,0,0,0,0,0,0,0,0,0,0,0,0
"9653",0,0,1,1,1,1,0,0,0,0,1,0,1,0,1,1
"9942",0,0,0,0,0,0,0,0,0,0,0,0,0,0,0,0
"6524",1,1,1,1,0,1,1,1,0,0,1,1,1,1,0,0
"159963",0,0,0,0,0,0,0,0,0,0,0,0,0,0,0,0
"64131",1,1,0,1,1,1,1,1,1,1,1,1,1,1,1,1
"55065",1,1,1,0,1,0,0,0,0,1,0,1,1,0,1,0
"64132",1,0,0,1,0,0,1,0,1,1,0,1,0,1,0,1
"3423",1,1,1,1,1,1,1,1,1,1,1,1,1,1,1,1
"79581",1,0,0,0,0,0,1,1,1,1,1,0,1,1,0,0
"10060",0,0,0,0,0,0,0,0,0,0,0,0,0,0,0,0
"9957",0,0,0,0,0,0,0,0,0,0,0,0,0,0,0,0
"51181",1,1,1,1,1,1,1,1,1,1,1,1,1,1,1,1
"6833",0,0,0,0,0,0,0,0,1,1,1,0,1,1,0,1
"9951",0,0,0,0,0,0,0,0,0,0,0,0,0,0,0,0
"3764",0,0,0,0,0,0,0,0,0,0,0,0,0,0,0,0
"222537",0,0,0,0,0,0,0,0,0,0,0,0,0,0,0,0
"64077",0,1,0,1,1,0,1,1,1,1,1,0,0,0,1,1
"3767",0,0,0,0,0,0,0,0,0,0,0,0,0,0,0,0
"5464",1,1,1,1,1,1,1,1,1,1,1,1,1,1,1,1
"64220",0,1,0,1,0,0,1,1,1,1,0,1,0,1,0,0
"10724",1,1,1,1,1,1,1,1,1,1,1,1,1,1,1,1
"5950",1,1,0,0,1,1,0,0,0,1,1,1,0,0,0,1
"1356",0,0,1,1,1,1,1,1,0,1,0,0,0,0,1,1
"2495",1,1,1,1,1,1,1,1,1,1,1,1,1,1,1,1
"9956",1,1,1,0,0,0,0,1,1,1,1,0,1,0,1,1
"5947",1,1,1,1,0,1,1,0,0,0,0,1,0,0,1,0
"9955",0,0,0,0,0,0,0,0,0,0,0,0,0,0,0,0
"2512",1,1,1,1,1,1,1,1,1,1,1,1,1,1,1,1
"94033",NA,NA,NA,NA,NA,NA,NA,NA,NA,NA,NA,NA,NA,NA,NA,NA
"5948",1,0,0,0,0,0,0,0,0,1,0,0,0,0,0,0
"29881",0,0,0,0,0,0,1,0,0,1,1,0,0,1,1,1
"1727",1,1,1,1,1,1,1,1,1,1,1,1,1,1,1,1
"9953",1,1,0,1,1,1,1,1,0,0,0,1,0,1,0,1
"64711",1,1,0,0,0,1,1,0,0,1,0,0,0,0,0,0
"949",1,0,0,0,0,1,1,0,0,1,0,1,0,1,1,0
"2350",1,0,1,1,0,1,1,1,0,1,1,1,1,1,0,0
"55501",0,1,0,0,0,0,1,1,1,1,0,1,0,1,0,1
"51706",0,0,1,1,1,0,1,1,1,0,0,1,1,0,0,0
"3248",1,1,0,0,0,0,0,1,1,1,1,1,0,0,0,1
"51700",0,1,0,0,0,0,0,1,0,0,0,0,0,0,0,0
"166929",0,0,0,0,0,0,0,0,0,0,0,0,0,0,0,0
"10587",0,1,1,1,0,0,0,0,1,0,1,0,1,0,1,0
"166012",0,0,0,0,0,0,0,0,0,0,0,0,0,0,0,0
"113189",1,1,1,1,0,0,0,1,0,1,0,0,0,0,0,0
"56261",1,1,0,0,0,1,0,0,0,0,0,0,0,0,0,0
"50515",1,1,1,1,1,1,1,1,1,1,1,1,1,1,1,1
"80347",1,1,1,1,1,1,1,1,1,1,1,1,1,1,1,1
"3658",1,1,0,0,1,1,0,0,0,0,1,1,1,0,1,0
"93034",0,0,0,0,0,0,0,0,0,0,0,0,0,0,0,0
"84618",0,0,0,0,0,0,0,0,1,0,0,0,0,0,0,0
"411",0,1,1,1,1,0,0,1,0,0,1,1,0,1,0,0
"203",1,1,1,0,1,1,1,1,1,0,0,0,0,1,0,1
"22978",1,1,1,1,1,1,1,1,1,1,1,1,1,1,1,1
"122481",0,0,0,0,0,0,0,0,0,0,0,0,0,0,0,0
"100526794",1,1,1,1,1,1,1,1,1,1,1,1,1,1,1,1
"159",1,1,1,1,1,1,1,1,1,1,1,1,1,1,1,1
"51251",0,0,0,0,1,1,0,0,1,1,0,0,0,0,0,0
"23563",0,0,1,1,1,0,0,0,1,1,0,1,1,1,1,0
"122622",0,0,0,1,0,0,0,0,0,0,0,0,0,0,0,0
"10164",0,0,0,0,0,0,0,0,0,0,0,0,0,0,0,0
"353",1,1,1,1,1,1,1,1,1,1,1,1,1,1,1,1
"11212",1,1,1,1,1,1,1,1,1,1,1,1,1,1,1,1
"3251",1,1,1,1,1,1,1,1,1,1,1,1,1,1,1,1
"383",1,1,1,1,1,1,0,0,0,0,0,0,1,1,0,1
"9435",0,1,0,1,0,1,0,1,0,1,0,0,1,1,1,1
"1371",0,0,1,1,1,1,1,1,1,1,1,1,1,1,1,1
"4166",0,0,0,0,0,0,0,0,0,0,0,0,0,0,0,0
"56954",1,1,1,1,1,1,1,1,1,1,1,1,1,1,1,1
"1503",1,1,1,1,1,1,1,1,1,1,1,1,1,1,1,1
"9469",0,0,1,1,1,0,1,0,1,1,0,1,1,0,1,0
"56474",1,0,1,1,1,1,1,0,0,0,1,1,0,0,1,1
"8534",1,1,1,1,1,1,0,0,1,0,0,0,0,1,1,0
"1491",0,0,0,0,1,1,1,1,1,1,1,1,0,0,0,0
"5313",0,1,0,1,0,0,1,1,1,1,0,1,1,1,0,0
"92086",1,1,1,0,0,1,0,0,0,1,1,0,1,1,0,0
"2987",1,1,1,1,1,1,1,1,1,1,1,1,1,1,1,1
"56548",1,0,0,1,1,1,1,0,1,0,0,0,1,0,1,0
"5860",1,1,1,1,1,1,1,1,1,1,1,1,1,1,1,1
"9394",1,1,0,0,0,0,1,1,1,1,0,0,1,1,1,1
"728441",0,0,1,0,0,0,1,0,0,1,1,1,1,1,0,0
"124975",0,0,0,0,0,0,0,0,0,0,0,0,0,0,0,0
"9453",0,0,1,1,0,0,1,1,0,1,0,0,1,0,1,1
"2686",0,0,1,0,0,1,0,0,0,1,0,0,0,0,0,0
"2023",1,1,1,1,1,1,1,1,1,1,1,1,1,1,1,1
"2027",0,1,0,0,0,0,1,0,1,0,1,0,0,0,1,1
"90161",0,0,0,0,0,0,0,0,0,0,0,0,0,0,0,0
"91227",0,0,1,0,0,0,1,0,1,1,1,1,1,1,0,0
"2026",1,1,1,1,1,1,1,1,1,1,1,1,1,1,1,1
"102724197",0,0,1,0,0,0,1,0,0,1,1,1,1,1,0,0
"266722",0,0,0,0,0,0,0,0,0,0,0,0,0,0,0,0
"9843",0,0,0,0,0,0,0,0,0,0,0,0,0,0,0,0
"2799",1,1,1,1,1,1,0,1,1,1,1,1,1,1,1,1
"80308",1,1,0,0,0,0,1,0,0,1,0,0,1,0,1,0
"10157",1,0,0,1,1,1,0,0,0,0,0,0,1,1,0,0
"118881",1,0,0,0,0,0,1,1,1,1,1,1,1,1,1,1
"5211",0,1,0,0,0,0,1,0,0,1,1,1,0,0,1,0
"7360",1,1,1,1,1,1,1,1,1,1,1,1,1,1,1,1
"2819",1,1,1,0,1,1,0,0,0,0,0,1,1,0,1,1
"3176",0,0,0,0,0,0,0,0,0,0,0,0,0,0,0,0
"26330",0,0,0,0,0,0,0,0,0,0,0,0,0,0,0,0
"1757",1,1,0,1,0,1,1,0,0,1,1,0,1,0,1,0
"81537",1,0,1,1,1,1,0,0,0,1,1,1,0,1,0,0
"2597",1,1,1,1,1,1,1,1,1,1,1,1,1,1,1,1
"29926",0,0,0,0,0,0,1,1,1,1,1,1,0,1,0,0
"2673",1,1,1,1,1,1,1,1,1,1,1,1,1,1,1,1
"9945",0,0,0,1,1,0,1,1,1,0,1,0,0,0,0,1
"6652",0,0,1,1,1,1,1,1,0,0,1,1,0,0,1,0
"29925",0,0,1,1,1,0,1,1,0,1,1,1,0,1,0,0
"51557",0,0,0,0,0,0,0,0,0,0,0,0,0,0,0,0
"875",1,0,0,0,0,0,0,1,1,1,1,1,0,0,0,0
"6342",1,1,1,1,1,1,1,1,1,1,1,1,1,1,1,1
"2752",1,1,1,1,1,1,1,1,1,1,1,1,1,1,1,1
"102724560",1,0,0,0,0,0,0,1,1,1,1,1,0,0,0,0
"1800",1,1,0,1,0,0,0,0,0,1,1,0,0,1,0,0
"249",0,0,0,0,0,0,0,0,0,0,0,0,0,0,0,0
"9056",1,1,1,1,1,1,0,0,0,0,0,0,1,0,1,0
"2762",0,0,0,0,0,0,1,1,1,1,1,1,0,1,0,0
"10558",1,1,1,1,1,1,1,1,1,1,1,1,1,1,1,1
"2643",1,1,1,1,1,1,1,1,1,1,1,1,1,1,1,1
"22934",1,1,1,1,1,1,1,1,1,1,1,1,1,1,1,1
"761",0,0,0,0,0,0,0,0,0,0,0,0,0,0,0,0
"51292",1,1,1,1,1,1,1,1,1,1,1,1,1,1,1,1
"55304",0,0,0,0,0,0,0,0,0,0,0,0,0,0,0,1
"766",1,1,0,1,0,1,0,1,0,1,1,1,1,0,0,0
"9517",1,0,1,1,0,1,1,1,0,0,1,0,1,1,1,0
"2098",1,1,1,1,1,1,1,1,1,1,1,1,1,1,1,1
"8879",1,1,1,1,1,1,1,1,1,1,1,1,1,1,1,1
"2766",1,0,0,0,0,0,1,0,1,0,1,1,1,0,0,0
"771",0,1,0,1,0,1,1,1,1,1,1,0,1,0,1,0
"4284",0,0,0,0,0,1,0,0,0,0,0,1,0,0,1,1
"57571",1,1,0,0,0,1,0,1,0,1,0,0,0,0,0,0
"8869",1,1,1,1,1,1,1,1,1,1,1,1,1,1,1,1
"362",1,1,1,0,1,1,0,0,1,1,1,1,1,1,0,0
"358",0,1,0,0,0,0,1,0,1,0,0,0,1,1,0,0
"8833",1,1,1,1,1,1,1,1,1,1,1,1,1,1,1,1
"641371",0,1,0,1,0,1,0,1,1,1,1,1,0,0,0,1
"361",0,0,0,0,0,0,0,0,0,0,0,0,0,0,0,0
"5538",1,1,1,1,1,1,1,1,1,1,1,1,1,1,1,1
"56848",0,0,0,0,0,0,1,1,1,1,0,1,0,1,0,0
"359",1,1,0,0,1,1,0,1,0,0,0,1,1,0,1,1
"8877",0,1,0,1,0,0,1,1,1,1,0,0,1,1,1,0
"3145",1,1,1,1,1,1,1,1,1,1,1,1,1,1,1,1
"9374",0,1,0,1,0,1,0,0,0,1,0,0,1,0,1,1
"11332",1,1,0,0,0,1,1,1,1,1,1,1,1,1,1,0
"586",0,0,1,1,0,0,1,0,1,0,0,1,0,1,0,0
"55825",1,1,1,1,1,1,1,1,1,1,1,1,1,1,1,1
"130752",0,0,0,0,0,0,0,0,0,0,0,0,0,0,0,0
"51102",0,0,1,0,0,1,0,1,1,1,0,1,1,1,1,0
"3615",1,1,1,1,1,1,1,1,1,1,1,1,1,1,1,1
"3614",0,1,0,0,1,1,1,1,1,0,0,1,0,1,0,1
"37",1,1,1,1,1,1,1,1,1,1,1,1,1,1,1,1
"55512",0,1,0,1,1,1,1,1,0,0,0,1,0,1,1,1
"55627",1,1,1,1,1,1,1,1,1,1,1,1,1,1,1,1
"33",0,0,0,0,0,0,0,0,0,0,0,0,0,0,0,0
"682",1,1,1,1,1,1,1,1,1,1,1,1,1,1,1,1
"132158",1,1,0,0,1,1,1,0,0,1,1,1,1,1,1,1
"339221",0,0,0,0,0,0,0,0,0,0,0,0,0,0,0,0
"6609",0,0,0,1,0,0,1,1,1,1,1,1,0,0,0,1
"641649",1,0,0,0,1,0,1,0,1,0,0,0,0,0,0,0
"4351",1,0,1,1,1,0,1,1,1,0,0,0,0,1,1,1
"23475",1,1,0,0,1,1,0,0,0,1,0,1,1,1,0,0
"6610",0,1,0,0,1,0,0,0,1,0,1,1,0,0,0,0
"100287639",NA,NA,NA,NA,NA,NA,NA,NA,NA,NA,NA,NA,NA,NA,NA,NA
"259230",0,0,1,0,1,1,0,1,1,1,1,1,0,1,0,0
"93100",0,0,0,0,1,1,1,1,1,1,1,1,1,1,1,1
"441024",0,0,0,0,1,0,0,0,0,0,0,0,0,1,1,1
"50484",0,0,1,1,1,1,0,0,1,0,1,1,1,1,1,1
"65220",0,1,0,1,0,0,1,1,0,1,0,1,0,1,1,0
"6241",1,1,1,1,1,1,1,1,1,1,1,1,1,1,1,1
"116369",0,0,0,0,0,0,0,0,0,0,0,0,0,0,0,0
"115111",0,0,0,0,0,0,0,0,0,0,0,0,0,0,0,0
"389015",NA,NA,NA,NA,NA,NA,NA,NA,NA,NA,NA,NA,NA,NA,NA,NA
"6240",1,1,1,1,1,1,1,1,1,1,1,1,1,1,1,1
"6553",1,1,1,0,0,0,1,0,1,0,0,1,0,1,0,1
"3156",1,1,1,1,1,1,1,1,1,1,1,1,1,1,1,1
"284129",0,0,0,0,0,0,1,1,1,1,0,0,0,0,0,0
"2821",1,1,1,1,1,1,1,1,1,1,1,1,1,1,1,1
"115019",0,0,0,0,0,0,0,0,0,0,0,0,0,0,0,0
"5230",1,1,1,1,1,1,1,1,1,1,1,1,1,1,1,1
"79966",1,1,1,1,0,1,0,0,0,1,0,0,1,0,1,0
"5232",0,1,1,1,1,1,1,0,0,1,1,0,0,0,0,0
"375056",1,1,0,0,0,1,0,0,0,0,0,0,0,0,1,1
"10588",0,0,1,1,0,1,1,1,1,0,0,0,1,1,1,1
"5236",1,1,1,1,1,1,1,1,1,1,1,1,1,1,1,1
"26266",0,1,0,0,0,1,0,0,0,1,1,0,0,0,1,1
"84890",1,1,1,1,1,1,1,1,1,1,1,1,1,1,1,1
"55276",0,0,1,1,0,1,0,1,0,0,1,1,1,1,1,1
"6646",1,1,1,1,1,1,1,1,1,1,1,1,1,1,1,1
"5372",0,0,0,0,0,0,1,1,1,1,0,0,1,1,0,0
"6649",1,1,1,1,0,0,0,0,1,0,0,1,0,0,1,1
"55229",0,0,0,0,0,0,1,1,1,1,0,1,0,1,0,1
"5373",1,0,0,1,0,0,1,1,1,0,0,0,1,1,1,0
"79646",1,0,1,1,1,1,1,1,1,1,1,0,1,0,1,1
"80025",1,1,1,1,1,1,1,1,1,1,1,1,1,1,1,1
"53354",0,0,0,1,0,0,0,1,0,0,0,0,0,0,0,0
"6648",1,1,1,1,1,1,0,0,0,0,1,1,1,1,1,1
"6647",1,1,1,1,1,1,1,1,1,1,1,1,1,1,1,1
"6697",1,1,1,1,1,1,0,1,0,1,0,0,1,0,1,0
"6611",1,1,1,1,1,1,1,1,1,1,1,1,1,1,1,1
"83594",0,0,0,0,0,0,0,0,0,0,0,0,0,0,0,0
"7263",0,0,1,1,0,1,0,0,0,1,0,1,0,1,0,1
"26275",0,0,1,1,1,1,0,1,1,0,1,0,1,0,0,1
"6723",1,1,1,1,1,1,1,1,1,1,1,1,1,1,1,1
"6713",1,0,1,1,0,0,1,1,0,0,1,1,0,1,1,0
"2222",1,1,1,1,1,1,1,1,1,1,1,1,1,1,1,1
"210",0,0,0,0,0,1,1,1,1,1,0,1,0,1,0,1
"29920",1,0,0,1,0,0,1,1,0,0,1,1,1,1,1,1
"6715",0,0,1,1,1,1,0,1,0,0,1,1,1,0,1,0
"60490",0,0,1,1,1,0,1,1,1,0,1,1,0,1,0,0
"6716",0,0,0,0,0,0,0,0,0,1,0,0,0,0,0,1
"79717",1,1,1,1,1,1,1,1,1,1,1,1,1,1,1,1
"15",1,1,1,0,1,0,1,1,0,1,1,1,0,1,0,0
"7389",0,0,1,0,1,1,1,1,0,1,0,1,1,0,0,1
"58510",0,0,0,0,0,0,0,0,0,1,1,1,1,0,1,0
"1595",1,1,1,1,1,1,1,1,1,1,1,1,1,1,1,1
"130367",0,0,0,0,0,0,0,0,0,0,0,0,0,0,0,0
"6532",0,1,1,0,0,0,0,1,0,0,0,0,0,0,0,0
"153201",NA,NA,NA,NA,NA,NA,NA,NA,NA,NA,NA,NA,NA,NA,NA,NA
"10478",0,0,1,1,0,1,0,1,0,0,0,1,1,1,1,0
"221823",0,0,0,0,0,0,0,0,0,0,0,0,0,0,0,0
"23443",1,0,1,1,1,1,0,0,0,0,1,0,1,0,0,0
"5634",1,1,1,1,1,1,1,1,1,1,1,1,1,1,1,1
"64240",0,0,0,0,0,0,0,0,0,0,0,0,0,0,0,0
"6487",0,0,0,0,0,0,0,0,0,0,0,0,0,0,0,0
"5631",1,1,1,1,1,1,1,1,1,1,1,1,1,1,1,1
"29968",0,1,1,1,0,0,1,1,0,0,1,1,0,0,1,0
"64241",1,0,0,0,0,0,1,0,0,0,0,0,0,0,0,0
"284111",0,0,0,0,0,0,0,0,0,0,0,0,0,0,0,0
"8781",1,1,1,1,1,1,1,1,1,1,1,1,1,1,1,1
"8435",1,1,1,1,1,0,1,0,1,1,0,0,0,1,0,1
"5723",0,0,0,1,0,0,1,1,1,0,1,1,0,0,1,0
"3988",1,0,1,1,0,0,1,1,0,0,1,1,0,1,1,0
"55312",1,1,1,1,1,1,1,1,1,1,1,1,1,1,1,1
"6888",1,1,1,1,1,1,1,1,1,1,1,1,1,1,1,1
"79896",0,0,1,0,0,0,0,0,0,0,0,0,0,0,0,0
"8277",0,0,1,1,1,1,1,1,0,0,1,1,0,0,0,1
"768",1,0,1,0,0,1,1,0,0,1,1,0,1,0,0,1
"84076",0,0,0,0,0,0,0,0,0,0,0,0,0,0,0,0
"762",1,0,0,0,1,1,0,0,1,1,0,0,0,1,1,1
"765",1,1,1,0,0,1,0,1,0,1,0,0,0,1,1,1
"7086",1,1,1,1,1,1,1,1,1,1,1,1,1,1,1,1
"10402",0,0,0,0,0,0,0,0,0,0,0,0,0,0,0,0
"27010",1,1,1,1,0,0,0,1,1,1,1,1,0,0,1,0
"286016",NA,NA,NA,NA,NA,NA,NA,NA,NA,NA,NA,NA,NA,NA,NA,NA
"10610",0,0,1,0,1,0,0,0,1,1,0,0,1,1,1,1
"23632",0,0,0,0,1,1,0,1,1,1,0,1,0,1,0,1
"7167",1,1,1,1,1,1,1,1,1,1,1,1,1,1,1,1
"760",0,1,0,1,1,1,0,0,1,0,0,0,1,0,1,0
"256435",0,0,0,0,0,0,0,0,0,0,0,0,0,0,0,0
"2582",0,0,1,1,1,1,1,1,0,0,0,1,0,0,0,1
"30815",0,1,0,0,0,0,1,1,1,1,1,1,1,1,1,1
"81849",0,0,0,0,0,0,0,0,0,0,0,0,0,0,0,0
"767",0,0,0,0,0,0,0,0,0,0,0,0,0,0,0,0
"759",0,0,0,0,0,0,0,0,0,0,0,0,0,0,0,0
"91373",0,0,0,0,0,0,1,1,1,0,0,1,0,1,0,1
"377677",0,0,0,1,0,0,0,0,0,0,0,0,0,0,0,0
"31",1,1,1,0,1,1,0,0,1,0,0,1,0,0,1,0
"6675",1,1,1,1,1,1,1,1,1,1,1,1,1,1,1,1
"6556",1,0,0,0,1,0,1,0,0,1,0,1,1,1,1,0
"7390",1,0,1,0,0,0,0,1,1,1,0,0,1,1,1,1
"6563",1,1,0,1,0,0,1,1,0,0,1,0,1,0,1,0
"8170",1,0,0,0,0,0,0,0,0,0,0,0,0,0,0,0
"6568",0,0,0,0,0,0,0,0,0,0,0,0,0,0,0,0
"374569",0,0,0,0,0,0,0,0,0,0,0,0,0,0,0,0
"7779",1,1,1,1,1,1,1,1,1,1,1,1,1,1,1,1
"54020",0,0,0,1,0,0,1,1,1,1,1,0,1,0,1,1
"100507855",0,1,1,1,1,0,1,0,1,0,0,1,0,0,1,0
"285440",0,0,1,1,1,1,1,1,0,0,1,1,1,1,1,1
"55191",1,1,0,1,0,0,1,1,0,1,1,0,0,1,0,0
"132",0,0,0,0,1,0,1,1,1,0,1,1,0,0,1,1
"97",1,1,1,1,1,1,1,1,1,1,1,1,1,1,1,1
"98",0,0,1,0,1,1,1,1,1,1,1,1,0,0,1,1
"112611",0,0,1,1,1,1,1,1,1,0,1,0,0,1,0,1
"51005",1,1,0,0,0,1,1,0,1,1,0,1,0,0,0,0
"471",1,1,1,1,1,1,1,1,1,1,1,1,1,1,1,1
"435",0,0,0,1,1,1,1,1,1,1,1,1,0,0,1,0
"171425",0,0,1,0,0,0,0,0,0,0,0,0,0,0,0,0
"132789",1,1,0,1,1,1,0,0,0,0,1,1,1,1,1,1
"10007",0,0,1,1,1,1,1,1,1,0,0,0,0,1,1,1
"2585",1,1,1,1,0,1,0,0,0,0,1,1,0,1,0,0
"2584",0,1,0,0,1,0,1,1,0,1,1,1,0,0,0,0
"2592",0,0,1,0,1,0,1,1,1,1,0,1,0,0,1,1
"5471",1,0,1,1,1,1,1,1,1,0,1,0,1,0,1,1
"84264",1,1,0,0,0,1,0,0,1,1,0,0,0,0,0,0
"3034",0,0,0,0,0,0,0,0,0,1,0,0,0,0,0,0
"144193",0,0,0,0,0,0,0,0,0,0,0,0,0,0,0,0
"2739",1,1,1,1,1,1,1,1,1,1,1,1,1,1,1,1
"8776",1,0,1,1,1,0,1,1,1,1,1,1,0,1,1,1
"3612",1,1,1,1,1,1,1,1,1,1,1,1,1,1,1,1
"3613",0,0,1,1,1,1,0,1,1,1,1,1,0,0,1,0
"2978",1,0,0,1,1,1,0,1,0,0,1,0,1,1,1,0
"4953",1,1,1,1,1,1,1,1,1,1,1,1,1,1,1,1
"5213",0,0,0,0,0,0,1,1,1,1,1,1,0,0,0,1
"5214",1,1,1,1,1,1,1,1,1,1,1,1,1,1,1,1
"10050",1,1,1,1,0,0,0,0,0,1,0,0,0,1,0,1
"10786",0,0,0,0,0,0,0,0,0,0,0,0,0,0,0,0
"10246",0,0,0,0,0,0,0,0,0,0,0,0,0,0,0,0
"6569",1,1,0,1,0,1,0,1,0,0,0,1,1,1,0,0
"10568",0,0,0,0,0,0,0,0,0,0,0,0,0,0,0,0
"5198",1,1,1,1,1,1,1,1,1,0,1,1,1,1,1,1
"113675",0,0,0,0,0,0,0,0,0,0,0,0,0,0,0,0
"7298",0,0,1,1,0,1,0,0,1,1,1,1,0,0,1,0
"215",0,1,1,0,0,1,0,0,0,1,0,1,0,0,0,1
"5825",1,1,1,1,1,1,1,1,1,1,1,1,1,1,1,1
"641372",0,0,0,0,0,0,0,0,0,0,0,0,0,0,0,0
"9045",1,1,1,1,1,1,1,1,1,1,1,1,1,1,1,1
"4017",0,0,0,0,0,1,1,1,1,1,1,0,0,1,0,1
"84105",0,0,1,1,1,1,0,0,1,0,1,1,1,1,1,1
"25830",1,1,1,0,0,0,1,1,0,1,0,1,1,0,1,0
"84569",0,0,0,0,0,0,0,0,0,0,0,0,0,0,0,0
"4025",0,1,0,0,1,1,1,0,0,1,1,0,0,1,1,0
"54995",0,1,1,1,1,1,1,1,1,0,1,1,1,1,1,1
"93492",NA,NA,NA,NA,NA,NA,NA,NA,NA,NA,NA,NA,NA,NA,NA,NA
"1267",1,1,1,1,1,1,1,1,1,1,1,1,1,1,1,1
"10249",1,0,0,0,0,1,0,0,1,1,0,1,1,1,1,0
"1549",0,0,0,0,1,1,0,0,0,1,0,0,1,1,1,0
"1580",0,0,0,0,0,0,0,0,0,0,0,0,0,0,0,0
"1573",1,0,1,0,1,1,0,1,1,1,0,1,0,1,0,0
"29785",0,1,0,0,0,1,1,0,0,1,1,1,1,1,1,1
"199974",0,0,0,0,0,0,0,0,0,0,0,0,0,0,0,0
"57834",0,0,0,0,0,0,0,0,0,0,0,0,0,0,0,0
"1555",0,0,0,0,0,0,0,0,0,1,1,1,1,0,0,0
"260293",0,0,0,0,0,0,0,0,0,0,0,0,0,0,0,0
"1215",0,0,0,0,0,0,0,0,0,0,0,0,0,0,0,0
"57094",0,0,0,0,0,0,0,0,0,0,0,0,0,0,0,0
"1357",0,0,0,0,0,0,0,0,0,0,0,0,0,0,0,0
"1358",0,1,0,0,1,1,0,0,0,1,0,1,1,0,1,0
"93979",0,0,0,0,0,0,0,0,0,0,0,0,0,0,0,0
"23430",1,1,1,0,0,1,1,0,1,1,0,0,0,1,1,1
"7384",1,0,1,1,0,0,1,1,1,1,1,1,1,1,1,1
"7388",1,1,1,1,1,1,1,1,1,1,1,1,1,1,1,1
"7386",1,1,1,1,1,1,1,1,1,1,1,1,1,1,1,1
"29796",1,1,1,1,1,1,1,1,1,1,1,1,1,1,1,1
"7385",1,1,1,1,1,1,1,1,1,1,1,1,1,1,1,1
"1537",1,1,1,1,1,1,1,1,1,1,1,1,1,1,1,1
"9481",0,0,0,0,0,0,0,0,0,0,0,0,0,0,0,0
"9016",1,0,1,0,0,1,0,1,1,1,1,1,1,0,0,1
"7352",1,1,0,0,0,0,0,1,0,1,1,1,0,0,0,1
"7351",1,1,1,1,1,1,1,1,1,1,1,1,1,1,1,1
"4726",1,1,1,1,1,1,1,1,1,1,1,1,1,1,1,1
"4729",1,1,1,1,1,1,1,1,1,1,1,1,1,1,1,1
"4541",1,1,0,0,1,1,0,0,1,1,1,1,1,1,1,1
"4719",1,1,1,1,1,1,1,1,1,1,1,1,1,1,1,1
"4713",1,1,1,1,1,1,1,1,1,1,1,1,1,1,1,1
"4718",1,1,1,1,1,1,1,1,1,1,1,1,1,1,1,1
"7991",0,0,0,0,0,0,0,0,0,0,0,0,0,0,0,0
"126328",1,1,1,1,1,0,0,0,0,0,0,0,0,0,0,0
"4539",1,1,0,0,0,0,0,0,1,0,0,0,0,0,0,0
"4731",1,1,0,0,0,1,1,1,0,0,0,0,0,0,0,0
"4694",1,1,1,1,1,1,1,1,1,1,1,1,1,1,1,1
"4705",1,1,1,1,1,1,1,1,1,1,1,1,1,1,1,1
"4704",1,1,1,1,1,1,1,1,1,1,1,1,1,1,1,1
"4695",1,1,1,1,1,1,1,1,1,1,1,1,1,1,1,1
"4696",1,1,1,1,1,1,1,1,1,1,1,1,1,1,1,1
"4707",1,1,1,1,1,1,1,1,1,1,1,1,1,1,1,1
"4711",1,1,1,1,1,1,1,1,1,1,1,1,1,1,1,1
"4712",1,1,1,1,1,1,1,1,1,1,1,1,1,1,1,1
"4702",1,1,1,1,1,1,1,1,1,1,1,1,1,1,1,1
"4537",1,1,0,0,1,1,0,0,1,0,1,1,1,1,1,1
"4710",1,1,1,1,1,1,1,1,1,1,1,1,1,1,1,1
"4700",1,1,1,1,1,1,1,1,1,1,1,1,1,1,1,1
"4538",1,1,0,0,0,0,1,0,1,1,1,1,1,1,1,1
"4708",1,1,1,1,1,1,1,1,1,1,1,1,1,1,1,1
"4709",1,1,1,1,1,1,1,1,1,1,1,1,1,1,1,1
"4715",0,0,1,1,0,0,0,0,1,1,1,1,1,1,1,1
"4535",1,1,0,0,0,1,1,1,1,1,1,1,1,1,1,1
"131669",0,0,0,0,0,0,0,0,0,0,0,0,0,0,0,0
"79644",0,0,1,1,1,1,0,1,0,1,1,1,0,1,0,0
"5973",1,1,1,1,0,1,0,0,1,0,0,1,0,0,0,1
"4698",1,0,0,1,1,1,0,0,1,0,1,0,0,0,1,1
"55967",1,1,1,1,0,1,0,0,0,0,0,0,0,0,0,0
"1646",0,0,0,0,0,0,0,0,0,1,1,0,1,0,0,0
"4701",1,1,1,1,1,1,1,1,1,1,1,1,1,1,1,1
"4540",1,1,1,1,1,1,1,1,1,1,1,1,1,1,1,1
"1635",1,1,1,1,1,1,1,1,1,1,1,1,1,1,1,1
"158160",1,1,1,1,1,1,1,1,1,1,1,1,1,1,1,1
"286297",0,0,0,0,0,0,0,0,0,0,0,0,0,0,0,0
"10560",0,0,1,0,1,1,0,1,1,0,1,0,1,0,1,0
"4717",1,1,1,1,1,1,1,1,1,1,1,1,1,1,1,1
"374291",1,0,1,0,0,0,1,1,1,1,1,1,1,1,0,1
"8630",0,0,0,0,0,0,0,0,0,0,0,0,0,0,0,0
"4724",1,1,1,1,1,1,1,1,1,1,1,1,1,1,1,1
"4723",1,1,1,1,1,1,1,1,1,1,1,1,1,1,1,1
"191",1,1,1,1,1,1,1,1,1,1,1,1,1,1,1,1
"10768",1,1,1,1,1,1,1,1,1,1,1,1,1,1,1,1
"51170",1,1,1,1,1,1,1,1,1,1,1,1,1,1,1,1
"51144",1,0,1,1,1,1,1,1,1,0,1,1,1,1,1,0
"83401",0,0,0,0,0,0,0,0,0,0,0,0,0,0,0,0
"25874",1,1,1,1,1,1,1,1,1,1,1,1,1,1,1,1
"4720",1,1,1,1,1,1,1,1,1,1,1,1,1,1,1,1
"79993",0,0,0,0,0,0,0,0,0,0,0,0,0,0,0,0
"4697",1,1,1,1,1,1,1,1,1,1,1,1,1,1,1,1
"4728",1,1,1,1,1,1,1,1,1,1,1,1,1,1,1,1
"51660",1,1,1,1,1,1,1,1,1,1,1,1,1,1,1,1
"64834",1,1,1,1,1,1,1,1,1,1,1,1,1,1,1,1
"57198",1,0,0,0,0,0,1,1,1,0,1,1,0,0,1,0
"4725",1,1,1,1,1,1,1,1,1,1,1,1,1,1,1,1
"201562",1,1,1,1,1,1,1,1,1,1,1,1,1,1,1,1
"5205",1,1,1,0,1,1,0,0,1,0,0,0,1,1,1,1
"51495",1,1,1,1,1,1,1,1,1,1,1,1,1,1,1,1
"23250",1,0,0,0,1,1,1,1,0,1,1,1,0,1,0,0
"4706",1,1,1,1,1,1,1,1,1,1,1,1,1,1,1,1
"9200",1,1,1,1,1,0,0,1,1,0,0,0,1,0,1,0
"192286",1,1,1,1,1,1,1,1,1,1,1,1,1,1,1,1
"286410",1,0,1,0,1,1,1,0,1,0,1,1,1,1,1,1
"401494",1,0,1,1,0,1,0,0,0,0,1,1,1,1,1,1
"5243",0,0,1,1,1,1,0,0,1,0,1,1,0,0,0,0
"55856",1,1,1,1,1,1,1,1,1,1,1,1,1,1,1,1
"9524",1,0,1,0,0,1,1,1,0,0,1,1,0,0,0,0
"54539",1,1,1,1,1,1,1,1,1,1,1,1,1,1,1,1
"7350",1,0,0,0,0,1,0,0,0,1,0,0,0,0,1,0
"253017",0,0,0,0,0,0,0,0,0,0,0,0,0,0,0,0
"4716",0,0,1,1,0,0,1,1,1,1,0,0,0,0,0,0
"283985",NA,NA,NA,NA,NA,NA,NA,NA,NA,NA,NA,NA,NA,NA,NA,NA
"3995",1,0,1,1,0,1,0,1,0,0,1,0,1,0,1,1
"4536",1,1,0,0,0,1,1,1,1,1,1,1,1,1,1,1
"26027",0,0,1,0,0,0,0,0,0,0,0,0,1,0,0,0
"10058",0,1,0,0,0,1,0,0,1,1,0,1,0,0,1,1
"1155",1,1,1,1,1,1,1,1,1,1,1,1,1,1,1,1
"4714",1,1,1,1,1,1,1,1,1,1,1,1,1,1,1,1
"4722",1,1,1,1,1,1,1,1,1,1,1,1,1,1,1,1
"123096",1,1,1,1,0,0,0,0,0,0,0,0,0,0,0,0
"51079",1,1,1,1,1,1,1,1,1,1,1,1,1,1,1,1
"51458",1,0,0,0,0,0,1,1,0,1,1,0,1,1,0,1
"948",0,0,0,0,1,0,0,0,0,0,0,0,0,0,0,0
"114571",0,0,0,0,0,0,0,0,0,1,0,0,0,0,0,0
"1339",1,1,0,1,1,0,1,1,0,0,1,1,1,0,0,0
"57016",0,0,0,0,0,0,0,0,0,0,0,0,0,0,0,0
"10928",1,1,1,1,1,1,1,1,1,1,1,1,1,1,1,1
"79707",1,1,1,1,1,1,1,1,1,1,1,1,1,1,1,1
"1728",0,0,1,1,1,1,0,1,0,0,1,0,1,1,0,0
"1345",1,1,1,1,1,1,1,1,1,1,1,1,1,1,1,1
"79672",1,1,1,1,1,1,1,1,1,1,1,1,1,1,1,1
"1329",1,1,1,1,1,1,1,1,1,1,1,1,1,1,1,1
"2946",1,1,1,1,0,0,0,0,1,1,0,0,0,1,0,1
"9917",1,1,1,1,1,1,1,1,1,1,1,1,1,1,1,1
"55331",0,0,0,1,1,1,0,0,1,0,1,1,1,1,1,1
"341947",0,0,0,0,0,0,0,0,0,0,0,0,0,0,0,0
"125965",0,0,0,0,0,0,0,0,0,0,0,0,0,0,0,0
"55277",1,0,1,1,0,1,0,1,0,0,1,1,0,0,0,1
"125981",0,0,0,0,0,0,0,0,0,0,0,0,0,0,0,0
"340485",NA,NA,NA,NA,NA,NA,NA,NA,NA,NA,NA,NA,NA,NA,NA,NA
"64122",1,1,1,1,0,0,1,1,1,0,0,1,0,1,0,0
"1327",1,1,1,1,1,1,1,1,1,1,1,1,1,1,1,1
"92370",1,1,1,1,1,1,0,0,0,0,1,1,1,1,1,1
"4513",1,1,0,0,0,0,1,0,0,0,1,1,1,1,1,1
"2760",0,0,0,1,1,1,1,1,0,0,0,1,0,1,0,1
"1346",1,1,0,0,0,1,1,0,1,1,1,0,0,0,1,1
"93650",1,1,0,0,1,1,0,0,0,1,1,1,1,1,1,1
"5660",1,1,1,1,1,1,1,1,1,1,1,1,1,1,1,1
"390928",NA,NA,NA,NA,NA,NA,NA,NA,NA,NA,NA,NA,NA,NA,NA,NA
"57704",0,0,1,1,1,0,0,0,1,1,1,1,1,1,1,1
"4759",1,1,1,0,1,1,1,1,0,1,0,0,0,1,1,1
"1347",1,1,1,1,1,1,1,1,1,1,1,1,1,1,1,1
"139596",0,0,0,1,1,1,0,1,1,1,0,0,0,0,0,0
"1337",1,1,1,1,1,1,1,1,1,1,1,1,1,1,1,1
"55066",0,0,0,1,0,0,0,1,1,1,1,1,0,0,0,1
"4514",1,1,0,0,1,1,0,0,1,0,1,1,1,1,1,1
"10825",1,0,1,1,1,1,1,1,0,0,1,1,1,0,0,0
"283208",0,0,0,0,0,0,0,0,0,0,0,0,0,0,0,0
"7903",1,0,1,1,0,0,0,1,1,1,1,1,1,1,0,0
"1351",1,1,1,1,1,1,1,1,1,1,1,1,1,1,1,1
"84701",0,1,1,0,0,0,0,0,1,1,1,1,1,1,1,1
"5033",1,1,1,1,1,1,1,1,1,1,1,1,1,1,1,1
"1350",1,1,1,1,1,1,1,1,1,1,1,1,1,1,1,1
"8974",0,1,1,1,0,1,0,0,1,0,0,1,0,0,1,0
"4512",1,1,1,1,0,1,1,1,1,1,1,1,1,1,1,1
"8513",0,0,0,0,0,0,0,0,0,0,0,0,0,0,0,0
"58478",1,1,1,1,1,1,1,1,1,1,1,1,1,1,1,1
"55256",1,1,1,1,1,1,1,1,1,1,1,1,1,1,1,1
"5408",0,0,0,0,0,0,0,0,0,0,0,0,0,0,0,0
"170712",0,0,0,0,0,0,0,0,0,0,0,0,0,0,0,0
"259307",1,1,1,0,0,0,0,0,0,1,0,0,0,0,0,0
"9377",1,1,1,1,1,1,1,1,1,1,1,1,1,1,1,1
"51312",1,0,1,0,1,1,0,0,1,0,1,1,0,0,1,0
"9167",1,1,1,1,1,1,1,1,1,1,1,1,1,1,1,1
"1340",1,1,1,1,1,1,1,1,1,1,1,1,1,1,1,1
"57104",0,0,0,0,0,1,1,0,1,1,0,0,1,0,1,1
"81894",1,1,1,0,1,1,1,1,1,1,1,1,1,1,1,1
"13",0,0,0,0,0,0,0,0,0,0,0,0,0,0,0,0
"1349",1,1,1,1,1,1,1,1,1,1,1,1,1,1,1,1
"29085",1,1,0,1,0,0,0,0,0,0,0,0,0,0,0,0
"9388",0,0,0,0,0,0,0,0,0,0,0,0,0,0,0,0
"5407",0,0,1,0,1,1,0,0,1,1,1,0,1,0,0,1
"9107",1,1,1,1,1,1,1,1,1,1,1,1,1,1,1,1
"22908",1,1,1,1,1,1,1,1,1,1,1,1,1,1,1,1
"163404",0,0,0,0,0,0,0,0,0,0,0,0,0,0,0,0
"3991",0,0,0,0,0,0,0,0,1,1,0,1,0,0,1,1
"22876",0,1,1,1,0,0,1,1,1,0,1,0,1,0,1,1
"221955",0,0,0,0,0,0,0,1,0,0,0,0,0,0,0,0
"5406",0,0,0,0,0,0,0,0,0,0,0,0,0,0,0,0
"9896",0,0,1,1,0,1,0,1,0,1,1,0,1,0,1,1
"747",1,1,1,1,0,0,0,0,0,1,0,0,1,0,1,1
"51559",0,0,1,1,1,0,1,0,0,0,0,0,1,0,1,0
"119548",0,0,0,0,0,0,0,0,0,0,0,0,0,0,0,0
"646486",NA,NA,NA,NA,NA,NA,NA,NA,NA,NA,NA,NA,NA,NA,NA,NA
"9108",1,1,0,1,0,1,0,1,1,0,0,1,1,1,1,0
"84814",0,0,0,0,0,0,0,0,0,0,0,0,0,0,0,0
"23371",0,1,1,1,1,1,1,0,0,1,0,0,1,1,0,0
"2167",0,0,0,0,0,0,0,0,0,0,0,0,0,0,0,0
"2172",0,0,0,0,0,0,0,0,0,1,0,0,1,1,1,0
"8446",1,1,1,1,1,1,1,1,1,1,1,1,1,1,1,1
"2173",0,0,0,0,0,0,0,0,0,0,0,0,0,0,0,0
"51496",0,0,0,0,1,1,0,1,0,0,1,1,1,1,1,1
"374462",NA,NA,NA,NA,NA,NA,NA,NA,NA,NA,NA,NA,NA,NA,NA,NA
"2169",1,1,0,0,0,1,0,0,1,0,0,0,1,0,1,0
"403313",0,0,0,1,0,1,1,1,0,1,1,1,1,1,1,1
"23203",0,0,0,0,0,0,1,1,1,1,0,0,1,1,1,0
"2171",1,1,1,1,1,1,1,1,1,1,1,1,1,1,1,1
"145553",0,0,1,1,1,1,1,1,0,1,0,0,0,0,0,0
"646480",NA,NA,NA,NA,NA,NA,NA,NA,NA,NA,NA,NA,NA,NA,NA,NA
"2170",0,1,0,0,0,0,0,1,1,1,1,0,1,1,0,1
"64419",1,1,1,1,1,0,1,1,1,1,1,1,1,1,1,1
"54988",0,0,0,1,0,0,0,0,0,1,0,0,0,0,0,0
"55613",0,0,1,1,0,0,0,1,1,1,0,1,0,0,1,1
"341392",NA,NA,NA,NA,NA,NA,NA,NA,NA,NA,NA,NA,NA,NA,NA,NA
"138639",0,0,0,1,1,1,0,1,0,0,0,0,0,0,0,0
"9562",0,0,1,1,0,0,0,1,0,0,1,1,0,1,1,0
"123876",1,1,0,0,0,0,0,1,1,1,1,1,0,0,1,0
"3705",1,1,0,0,0,0,1,0,0,1,0,1,0,1,1,1
"6296",0,0,0,0,1,0,1,1,1,0,1,1,0,0,0,0
"138429",0,0,0,0,0,0,0,0,0,0,0,0,0,0,0,0
"348158",1,1,0,0,0,0,0,1,0,1,1,1,0,0,1,0
"344967",NA,NA,NA,NA,NA,NA,NA,NA,NA,NA,NA,NA,NA,NA,NA,NA
"10170",1,0,1,1,1,0,0,0,0,0,0,0,1,0,1,0
"9249",0,0,0,1,0,1,1,1,1,1,0,0,1,1,1,1
"220074",0,0,0,0,0,0,0,0,0,0,0,0,0,0,0,0
"51099",1,1,1,1,1,1,1,0,0,0,1,0,1,0,0,0
"154141",1,0,1,0,1,0,1,0,1,0,1,1,1,1,1,1
"1733",0,0,0,0,0,0,0,0,0,0,0,0,0,0,0,0
"253558",0,0,0,1,0,0,1,1,1,1,1,1,1,1,1,1
"64748",1,1,1,1,0,0,0,0,1,1,1,0,0,0,0,1
"23175",1,1,1,1,1,1,1,1,1,1,1,1,1,1,1,1
"1735",1,1,1,0,0,0,0,0,0,1,1,0,1,1,1,0
"1734",1,0,0,0,1,1,0,0,1,1,0,0,1,0,1,0
"27284",0,0,0,0,1,1,0,0,0,1,0,0,0,0,1,1
"6819",0,0,0,0,0,0,0,0,0,0,0,0,0,0,0,0
"84513",0,0,1,0,1,0,0,1,1,0,1,1,1,1,1,1
"79948",1,1,0,0,0,0,1,0,0,1,0,1,1,0,1,0
"84274",0,0,1,1,0,0,0,0,0,0,1,1,1,1,1,1
"9890",0,0,0,0,0,0,0,0,0,0,0,0,0,0,0,0
"84787",0,0,0,0,0,0,1,1,1,0,0,0,0,0,0,0
"79813",1,1,0,0,0,0,1,1,1,0,0,0,0,0,1,1
"64900",1,0,0,1,1,1,0,0,0,0,0,0,0,0,0,0
"9663",1,1,1,1,1,1,1,1,1,1,1,1,1,1,1,1
"9757",0,1,0,0,0,0,1,1,1,1,0,0,0,0,1,1
"196051",0,0,0,0,0,0,0,0,0,0,0,0,0,0,0,0
"9869",0,0,0,1,0,1,1,1,1,1,0,1,1,1,0,0
"85465",1,1,0,0,0,1,1,1,0,0,1,1,1,1,1,1
"23646",1,0,0,1,0,0,1,1,0,1,0,1,0,0,0,1
"122618",0,0,0,0,0,0,0,0,0,0,0,0,0,0,0,0
"29072",1,1,1,1,1,1,1,1,1,1,1,1,1,1,1,1
"201164",1,1,1,1,0,0,1,1,1,0,1,1,1,1,1,1
"590",0,0,0,0,0,0,0,0,0,0,0,0,0,0,0,0
"80854",0,0,0,0,1,0,0,0,0,0,0,0,0,0,0,0
"55750",0,0,1,1,1,0,0,0,1,0,1,0,1,0,1,1
"387893",1,0,1,0,0,0,1,0,1,0,0,0,0,1,1,0
"84444",1,0,0,0,1,0,1,1,1,1,0,1,0,1,0,0
"4297",1,1,0,0,0,0,1,0,0,0,0,0,1,0,1,1
"91012",0,1,0,1,1,1,0,1,0,0,1,1,1,1,1,1
"204219",0,0,0,0,0,0,0,0,0,0,0,0,0,0,0,0
"10715",1,1,1,1,0,1,1,0,0,1,0,0,0,1,1,0
"58508",1,1,0,0,0,1,0,0,0,0,1,1,1,1,1,1
"253782",1,1,1,1,0,0,0,0,1,0,0,0,1,0,1,1
"55870",1,1,0,0,1,1,1,1,1,1,1,1,1,0,1,1
"29956",1,1,1,1,1,1,1,1,1,1,1,1,1,1,1,1
"10919",1,1,0,0,0,1,0,0,1,1,0,1,0,1,0,1
"6839",1,1,1,1,1,1,1,1,1,1,1,1,1,1,1,1
"79603",0,1,1,0,0,0,1,0,1,1,1,0,0,1,1,0
"64324",1,1,0,0,0,1,0,1,1,0,1,1,0,1,0,1
"56624",0,0,1,1,1,1,1,0,1,0,1,1,1,1,1,1
"6419",1,1,1,1,0,1,0,0,0,0,1,0,1,0,1,0
"170384",1,1,0,1,0,1,0,1,0,1,1,1,1,1,1,1
"23067",1,1,1,1,1,1,1,1,1,1,1,1,1,1,1,1
"56886",1,1,1,1,1,1,1,1,1,1,1,1,1,1,1,1
"54904",1,1,1,0,1,1,0,0,1,0,1,0,0,1,0,1
"2526",1,0,1,1,1,1,1,0,0,0,0,0,1,1,1,0
"152586",0,0,0,0,0,0,0,0,0,0,0,0,0,0,0,0
"148789",0,0,0,1,0,0,0,0,0,0,0,0,0,0,0,0
"200810",NA,NA,NA,NA,NA,NA,NA,NA,NA,NA,NA,NA,NA,NA,NA,NA
"55624",0,1,1,1,0,0,0,1,0,0,0,1,1,1,0,0
"64754",0,0,0,1,1,1,1,1,1,1,1,1,0,0,1,0
"56983",1,1,1,1,1,1,1,1,1,1,1,1,1,1,1,1
"79723",1,0,0,1,1,1,0,1,0,0,1,0,1,0,0,0
"644378",NA,NA,NA,NA,NA,NA,NA,NA,NA,NA,NA,NA,NA,NA,NA,NA
"55904",1,1,0,0,1,1,0,0,0,0,0,0,0,0,0,0
"644974",NA,NA,NA,NA,NA,NA,NA,NA,NA,NA,NA,NA,NA,NA,NA,NA
"8702",1,1,0,0,1,1,0,1,0,1,1,1,1,1,1,0
"9739",1,1,0,0,1,1,0,0,0,0,0,0,0,1,1,0
"8473",1,1,1,1,1,1,1,1,1,1,1,1,1,1,1,1
"55830",1,1,1,1,1,1,1,1,1,1,1,1,1,1,1,1
"7468",1,1,0,0,1,0,0,1,0,0,1,1,0,1,0,0
"3703",1,1,1,1,1,1,1,1,1,1,1,1,1,1,1,1
"83852",0,0,1,1,0,1,1,1,1,0,0,0,0,0,0,0
"8085",1,1,0,0,1,1,0,0,0,0,1,1,0,1,0,0
"283358",0,0,0,0,0,0,0,0,0,0,0,0,0,0,0,0
"51111",0,0,1,1,0,0,0,1,1,1,0,0,0,0,0,1
"55757",0,0,0,0,0,0,0,0,0,0,0,0,0,0,0,0
"60559",1,1,1,1,1,1,1,1,1,1,1,1,1,1,1,1
"23478",1,1,1,1,1,1,1,1,1,1,1,1,1,1,1,1
"146664",0,1,0,0,0,0,0,0,0,0,0,0,0,0,0,0
"28972",1,1,1,1,1,1,1,1,1,1,1,1,1,1,1,1
"2529",1,0,1,1,1,0,0,0,0,0,0,1,0,1,0,0
"360203",NA,NA,NA,NA,NA,NA,NA,NA,NA,NA,NA,NA,NA,NA,NA,NA
"90701",1,1,1,1,1,1,0,0,0,0,0,0,0,0,0,0
"9789",1,1,1,1,1,1,1,1,1,1,1,1,1,1,1,1
"57171",1,0,0,1,0,1,1,1,1,0,0,1,0,1,0,0
"4249",0,0,0,0,1,0,1,1,1,1,0,0,1,0,1,0
"25834",0,0,0,0,0,0,0,0,0,0,0,0,0,0,0,0
"7837",1,1,1,1,0,1,1,0,0,0,0,1,0,0,1,1
"140687",1,1,0,1,1,1,0,0,0,0,0,0,0,0,0,0
"137902",0,0,0,0,0,0,0,0,0,0,0,0,0,0,0,0
"8708",0,0,0,0,0,0,0,0,0,0,0,0,0,0,0,0
"9677",1,0,1,0,1,1,0,0,1,0,1,1,0,0,0,0
"23262",1,0,1,1,1,1,1,1,1,1,1,1,1,0,1,1
"201595",0,0,1,1,1,1,1,1,0,1,0,0,0,0,0,0
"26007",1,1,0,0,0,0,1,1,0,1,1,1,1,0,0,0
"83468",0,0,1,1,1,0,1,1,1,0,0,0,0,0,1,0
"158584",0,0,0,0,0,0,0,0,0,0,0,0,0,0,0,0
"84752",0,1,1,0,0,0,1,0,1,1,1,1,1,1,1,1
"283209",0,0,0,0,1,1,1,1,1,1,1,1,1,1,1,1
"145173",0,0,0,1,1,1,0,1,1,1,1,1,1,1,1,1
"23491",1,1,1,0,0,1,1,0,1,0,1,1,1,0,0,0
"124872",0,0,0,0,0,0,0,0,0,0,0,0,0,0,0,0
"84750",0,1,1,1,0,0,0,0,1,1,0,0,0,0,0,0
"221223",0,0,0,0,0,0,0,0,0,0,0,0,0,0,0,0
"338707",0,0,0,0,0,0,0,0,0,0,0,0,0,0,0,0
"1066",1,1,0,0,0,1,0,1,0,1,1,1,1,0,0,0
"1208",1,1,1,1,1,0,0,1,0,0,1,0,1,1,1,0
"146802",0,0,0,0,0,0,0,0,0,1,0,0,0,0,0,0
"168391",0,0,0,0,0,0,0,0,0,0,0,0,0,0,0,0
"55244",0,1,0,0,1,1,0,1,0,1,1,1,1,0,0,0
"345274",NA,NA,NA,NA,NA,NA,NA,NA,NA,NA,NA,NA,NA,NA,NA,NA
"116085",0,0,0,0,0,1,0,0,0,0,0,0,0,0,0,0
"8707",1,1,1,1,0,1,0,0,1,0,1,0,1,0,1,0
"123688",0,0,0,0,0,0,0,0,0,0,0,0,0,0,0,0
"51228",1,1,1,1,1,1,1,1,1,1,1,1,1,1,1,1
"51171",1,1,1,0,0,1,1,0,1,0,0,0,1,1,0,1
"284004",0,1,0,0,0,1,1,1,1,1,0,0,0,0,0,0
"79411",1,1,0,0,1,0,0,0,1,0,0,0,1,0,0,1
"51741",0,0,0,0,1,0,1,1,1,1,1,1,1,0,1,0
"27090",1,0,0,0,1,0,1,1,1,1,1,1,0,1,0,0
"129807",1,1,0,0,1,1,1,0,0,0,0,0,0,0,0,0
"441282",NA,NA,NA,NA,NA,NA,NA,NA,NA,NA,NA,NA,NA,NA,NA,NA
"2524",0,1,1,0,0,1,0,0,0,0,0,0,1,0,1,1
"10202",0,0,0,0,1,0,0,0,1,1,1,1,1,0,0,0
"2527",1,0,0,0,0,1,1,0,0,1,0,1,1,0,1,0
"10553",1,1,1,1,1,1,1,1,1,1,1,1,1,1,1,1
"121214",0,0,0,0,0,0,0,0,0,0,0,0,0,0,0,0
"374875",1,0,0,0,1,1,1,0,0,0,0,0,0,0,0,0
"2528",0,0,0,0,0,0,1,0,0,1,0,1,1,0,1,0
"113612",0,0,1,1,1,0,0,1,0,0,0,0,0,0,0,0
"56898",0,0,1,1,1,1,0,0,1,0,1,1,0,0,0,1
"493869",0,0,0,0,0,0,0,0,0,0,0,0,0,0,0,0
"1487",1,1,1,1,1,1,1,1,1,1,1,1,1,1,1,1
"64174",0,0,0,0,1,1,1,1,1,1,0,0,0,0,0,1
"100288072",NA,NA,NA,NA,NA,NA,NA,NA,NA,NA,NA,NA,NA,NA,NA,NA
"64180",1,1,0,0,0,0,1,1,1,1,1,0,1,1,0,0
"93517",0,0,0,0,1,0,0,0,0,0,0,0,0,0,0,0
"10728",1,1,1,1,1,1,1,1,1,1,1,1,1,1,1,1
"84869",0,0,1,1,0,1,1,1,1,1,0,0,0,0,1,1
"340811",NA,NA,NA,NA,NA,NA,NA,NA,NA,NA,NA,NA,NA,NA,NA,NA
"91179",0,0,0,0,0,0,0,0,0,0,0,0,0,0,0,0
"133121",0,0,0,0,0,0,0,0,0,0,0,0,0,0,0,0
"11102",1,1,0,0,1,1,1,1,1,1,1,1,1,1,1,0
"85007",0,1,0,0,0,0,1,0,1,1,0,0,0,0,0,0
"250",1,1,0,0,0,0,1,0,0,1,0,0,0,1,1,0
"8644",0,1,0,1,0,0,1,1,1,1,1,0,1,0,1,0
"10826",1,0,0,1,0,1,1,0,1,0,0,0,1,0,1,0
"251",1,1,0,0,0,0,1,0,0,1,1,0,0,0,1,1
"266740",0,0,0,0,0,0,0,0,0,0,0,0,0,0,0,0
"200931",0,0,0,1,0,0,0,0,0,0,0,0,0,0,0,0
"3930",1,1,1,1,1,1,1,1,1,1,1,1,1,1,1,1
"123264",0,0,0,0,0,0,0,0,0,0,0,0,0,0,0,0
"10941",0,0,0,0,0,0,0,0,0,0,0,0,0,0,0,0
"79799",0,0,0,0,0,0,0,0,0,0,0,0,0,0,0,0
"4645",0,0,0,0,0,0,0,0,0,0,0,0,0,0,0,0
"5446",0,0,0,0,0,0,0,0,0,0,0,0,0,0,0,0
"4864",1,1,0,0,0,0,1,1,0,1,0,1,0,1,0,1
"506",1,1,1,1,1,1,1,1,1,1,1,1,1,1,1,1
"3069",0,1,0,0,0,0,1,1,1,1,1,1,0,1,0,1
"10632",1,1,1,1,1,1,1,1,1,1,1,1,1,1,1,1
"515",1,1,1,1,1,1,1,1,1,1,1,1,1,1,1,1
"10476",1,1,1,1,1,1,1,1,1,1,1,1,1,1,1,1
"513",1,1,1,1,1,1,1,1,1,1,1,1,1,1,1,1
"522",1,1,1,1,1,1,1,1,1,1,1,1,1,1,1,1
"539",1,1,1,1,1,1,1,1,1,1,1,1,1,1,1,1
"9551",1,1,1,1,1,1,1,1,1,1,1,1,1,1,1,1
"516",1,1,1,1,1,1,1,1,1,1,1,1,1,1,1,1
"509",1,1,1,1,1,1,1,1,1,1,1,1,1,1,1,1
"518",1,1,1,1,1,1,1,1,1,1,1,1,1,1,1,1
"27109",0,0,1,1,1,0,0,0,0,1,0,0,1,0,1,1
"514",1,1,1,1,1,1,1,1,1,1,1,1,1,1,1,1
"4905",1,1,1,1,1,1,1,1,1,1,1,1,1,1,1,1
"517",1,1,0,0,0,1,1,0,0,0,1,0,1,1,1,0
"521",1,1,1,1,1,1,1,1,1,1,1,1,1,1,1,1
"498",1,1,1,1,1,1,1,1,1,1,1,1,1,1,1,1
"267020",NA,NA,NA,NA,NA,NA,NA,NA,NA,NA,NA,NA,NA,NA,NA,NA
"27089",1,1,1,1,1,1,1,1,1,1,1,1,1,1,1,1
"10975",1,1,1,1,1,1,1,1,1,1,1,1,1,1,1,1
"7381",1,1,1,1,1,1,1,1,1,1,1,1,1,1,1,1
"4519",NA,NA,NA,NA,NA,NA,NA,NA,NA,NA,NA,NA,NA,NA,NA,NA
