"entrez","ensembl","symbol"
"314","ENSG00000131480","AOC2"
"26","ENSG00000002726","AOC1"
"8639","ENSG00000131471","AOC3"
"1591","ENSG00000019186","CYP24A1"
"1594","ENSG00000111012","CYP27B1"
"10993","ENSG00000135094","SDS"
"6818","ENSG00000261052","SULT1A3"
"89874","ENSG00000183032","SLC25A21"
"3945","ENSG00000111716","LDHB"
"3948","ENSG00000166796","LDHC"
"55293","ENSG00000151116","UEVLD"
"160287","ENSG00000166800","LDHAL6A"
"92483","ENSG00000171989","LDHAL6B"
"3939","ENSG00000134333","LDHA"
"9194","ENSG00000118596","SLC16A7"
"6566","ENSG00000155380","SLC16A1"
"9123","ENSG00000141526","SLC16A3"
"57835","ENSG00000188687","SLC4A5"
"8671","ENSG00000080493","SLC4A4"
"1738","ENSG00000091140","DLD"
"4967","ENSG00000105953","OGDH"
"1743","ENSG00000119689","DLST"
"8050","ENSG00000110435","PDHX"
"128","ENSG00000197894","ADH5"
"137872","ENSG00000147576","ADHFE1"
"130","ENSG00000172955","ADH6"
"127","ENSG00000198099","ADH4"
"131","ENSG00000196344","ADH7"
"126","ENSG00000248144","ADH1C"
"124","ENSG00000187758","ADH1A"
"125","ENSG00000196616","ADH1B"
"1312","ENSG00000093010","COMT"
"117247","ENSG00000112394","SLC16A10"
"220","ENSG00000184254","ALDH1A3"
"221","ENSG00000006534","ALDH3B1"
"218","ENSG00000108602","ALDH3A1"
"222","ENSG00000132746","ALDH3B2"
"3242","ENSG00000158104","HPD"
"18","ENSG00000183044","ABAT"
"2531","ENSG00000119537","KDSR"
"23498","ENSG00000162882","HAAO"
"55268","ENSG00000121310","ECHDC2"
"883","ENSG00000171097","CCBL1"
"51166","ENSG00000109576","AADAT"
"1644","ENSG00000132437","DDC"
"4128","ENSG00000189221","MAOA"
"4129","ENSG00000069535","MAOB"
"8604","ENSG00000115840","SLC25A12"
"10165","ENSG00000004864","SLC25A13"
"2572","ENSG00000136750","GAD2"
"2571","ENSG00000128683","GAD1"
"51380","ENSG00000139631","CSAD"
"2805","ENSG00000120053","GOT1"
"2806","ENSG00000125166","GOT2"
"8659","ENSG00000159423","ALDH4A1"
"6817","ENSG00000196502","SULT1A1"
"6799","ENSG00000197165","SULT1A2"
"6822","ENSG00000105398","SULT2A1"
"6573","ENSG00000173638","SLC19A1"
"316","ENSG00000138356","AOX1"
"6570","ENSG00000036565","SLC18A1"
"6571","ENSG00000165646","SLC18A2"
"2348","ENSG00000110195","FOLR1"
"2352","ENSG00000110203","FOLR3"
"4125","ENSG00000104774","MAN2B1"
"53947","ENSG00000128274","A4GALT"
"51146","ENSG00000118017","A4GNT"
"28","ENSG00000175164","ABO"
"206358","ENSG00000123643","SLC36A1"
"6538","ENSG00000132164","SLC6A11"
"6529","ENSG00000157103","SLC6A1"
"6539","ENSG00000111181","SLC6A12"
"6540","ENSG00000010379","SLC6A13"
"3032","ENSG00000138029","HADHB"
"10449","ENSG00000167315","ACAA2"
"38","ENSG00000075239","ACAT1"
"3030","ENSG00000084754","HADHA"
"39","ENSG00000120437","ACAT2"
"30","ENSG00000060971","ACAA1"
"32","ENSG00000076555","ACACB"
"9197","ENSG00000169359","SLC33A1"
"79611","ENSG00000111058","ACSS3"
"84532","ENSG00000154930","ACSS1"
"64841","ENSG00000100522","GNPNAT1"
"55577","ENSG00000124357","NAGK"
"5238","ENSG00000013375","PGM3"
"9487","ENSG00000108474","PIGL"
"162417","ENSG00000161653","NAGS"
"43","ENSG00000087085","ACHE"
"6572","ENSG00000187714","SLC18A3"
"47","ENSG00000131473","ACLY"
"54187","ENSG00000095380","NANS"
"26503","ENSG00000119899","SLC17A5"
"54","ENSG00000102575","ACP5"
"140838","ENSG00000170191","NANP"
"51205","ENSG00000162836","ACP6"
"36","ENSG00000196177","ACADSB"
"34","ENSG00000117054","ACADM"
"35","ENSG00000122971","ACADS"
"84129","ENSG00000240303","ACAD11"
"28976","ENSG00000177646","ACAD9"
"80724","ENSG00000111271","ACAD10"
"27034","ENSG00000151498","ACAD8"
"3712","ENSG00000128928","IVD"
"134526","ENSG00000172497","ACOT12"
"51","ENSG00000161533","ACOX1"
"95","ENSG00000243989","ACY1"
"50","ENSG00000100412","ACO2"
"48","ENSG00000122729","ACO1"
"8309","ENSG00000168306","ACOX2"
"52","ENSG00000143727","ACP1"
"55","ENSG00000014257","ACPP"
"788","ENSG00000178537","SLC25A20"
"55902","ENSG00000131069","ACSS2"
"65985","ENSG00000081760","AACS"
"438","ENSG00000196433","ASMT"
"1571","ENSG00000130649","CYP2E1"
"100","ENSG00000196839","ADA"
"3177","ENSG00000174669","SLC29A2"
"205","ENSG00000162433","AK4"
"204","ENSG00000004455","AK2"
"26289","ENSG00000154027","AK5"
"50808","ENSG00000147853","AK3"
"262","ENSG00000123505","AMD1"
"113","ENSG00000121281","ADCY7"
"109","ENSG00000138031","ADCY3"
"115","ENSG00000162104","ADCY9"
"112","ENSG00000174233","ADCY6"
"107","ENSG00000164742","ADCY1"
"114","ENSG00000155897","ADCY8"
"55811","ENSG00000143199","ADCY10"
"196883","ENSG00000129467","ADCY4"
"111","ENSG00000173175","ADCY5"
"108","ENSG00000078295","ADCY2"
"2030","ENSG00000112759","SLC29A1"
"9154","ENSG00000156222","SLC28A1"
"64078","ENSG00000197506","SLC28A3"
"9153","ENSG00000137860","SLC28A2"
"55315","ENSG00000198246","SLC29A3"
"11164","ENSG00000165609","NUDT5"
"952","ENSG00000004468","CD38"
"1375","ENSG00000205560","CPT1B"
"1374","ENSG00000110090","CPT1A"
"126129","ENSG00000169169","CPT1C"
"1376","ENSG00000157184","CPT2"
"9061","ENSG00000138801","PAPSS1"
"9060","ENSG00000198682","PAPSS2"
"158","ENSG00000239900","ADSL"
"10331","ENSG00000179913","B3GNT3"
"374907","ENSG00000177191","B3GNT8"
"10678","ENSG00000170340","B3GNT2"
"79369","ENSG00000176383","B3GNT4"
"11041","ENSG00000174684","B3GNT1"
"93010","ENSG00000156966","B3GNT7"
"79814","ENSG00000116771","AGMAT"
"56894","ENSG00000160216","AGPAT3"
"10555","ENSG00000169692","AGPAT2"
"137964","ENSG00000158669","AGPAT6"
"56895","ENSG00000026652","AGPAT4"
"55326","ENSG00000155189","AGPAT5"
"129642","ENSG00000143797","MBOAT2"
"64850","ENSG00000164089","ETNPPL"
"64902","ENSG00000113492","AGXT2"
"189","ENSG00000172482","AGXT"
"3074","ENSG00000049860","HEXB"
"3073","ENSG00000213614","HEXA"
"10606","ENSG00000128050","PAICS"
"8402","ENSG00000108528","SLC25A11"
"1468","ENSG00000183048","SLC25A10"
"64849","ENSG00000158296","SLC13A3"
"1645","ENSG00000187134","AKR1C1"
"1109","ENSG00000198610","AKR1C4"
"6718","ENSG00000122787","AKR1D1"
"6510","ENSG00000105281","SLC1A5"
"6509","ENSG00000115902","SLC1A4"
"56301","ENSG00000130876","SLC7A10"
"6520","ENSG00000168003","SLC3A2"
"211","ENSG00000023330","ALAS1"
"23464","ENSG00000100116","GCAT"
"212","ENSG00000158578","ALAS2"
"59272","ENSG00000130234","ACE2"
"6542","ENSG00000003989","SLC7A2"
"6541","ENSG00000139514","SLC7A1"
"84889","ENSG00000165349","SLC7A3"
"54407","ENSG00000134294","SLC38A2"
"81539","ENSG00000111371","SLC38A1"
"340024","ENSG00000174358","SLC6A19"
"11254","ENSG00000268104","SLC6A14"
"57393","ENSG00000147003","TMEM27"
"55089","ENSG00000139209","SLC38A4"
"2875","ENSG00000167701","GPT"
"84706","ENSG00000166123","GPT2"
"92745","ENSG00000017483","SLC38A5"
"10991","ENSG00000188338","SLC38A3"
"284273","ENSG00000180011","ZADH2"
"10327","ENSG00000117448","AKR1A1"
"8854","ENSG00000128918","ALDH1A2"
"224","ENSG00000072210","ALDH3A2"
"223","ENSG00000143149","ALDH9A1"
"216","ENSG00000165092","ALDH1A1"
"501","ENSG00000164904","ALDH7A1"
"217","ENSG00000111275","ALDH2"
"219","ENSG00000137124","ALDH1B1"
"239","ENSG00000108839","ALOX12"
"247","ENSG00000179593","ALOX15B"
"246","ENSG00000161905","ALOX15"
"231","ENSG00000085662","AKR1B1"
"8574","ENSG00000053371","AKR7A2"
"23600","ENSG00000242110","AMACR"
"115286","ENSG00000144741","SLC25A26"
"271","ENSG00000116337","AMPD2"
"272","ENSG00000133805","AMPD3"
"270","ENSG00000116748","AMPD1"
"290","ENSG00000166825","ANPEP"
"278","ENSG00000187733","AMY1C"
"277","ENSG00000174876","AMY1B"
"279","ENSG00000243480","AMY2A"
"280","ENSG00000240038","AMY2B"
"6519","ENSG00000138079","SLC3A1"
"276","ENSG00000237763","AMY1A"
"11136","ENSG00000021488","SLC7A9"
"10998","ENSG00000083807","SLC27A5"
"113451","ENSG00000142920","AZIN2"
"9057","ENSG00000103064","SLC7A6"
"384","ENSG00000081181","ARG2"
"445","ENSG00000130707","ASS1"
"83884","ENSG00000120329","SLC25A2"
"10166","ENSG00000102743","SLC25A15"
"410","ENSG00000100299","ARSA"
"427","ENSG00000104763","ASAH1"
"9963","ENSG00000170482","SLC23A1"
"9962","ENSG00000089057","SLC23A2"
"80150","ENSG00000162174","ASRGL1"
"440","ENSG00000070669","ASNS"
"790","ENSG00000084774","CAD"
"6505","ENSG00000106688","SLC1A1"
"6512","ENSG00000162383","SLC1A7"
"6511","ENSG00000105143","SLC1A6"
"6507","ENSG00000079215","SLC1A3"
"6506","ENSG00000110436","SLC1A2"
"9296","ENSG00000128524","ATP6V1F"
"51606","ENSG00000047249","ATP6V1H"
"533","ENSG00000117410","ATP6V0B"
"90423","ENSG00000250565","ATP6V1E2"
"528","ENSG00000155097","ATP6V1C1"
"525","ENSG00000116039","ATP6V1B1"
"10312","ENSG00000110719","TCIRG1"
"127124","ENSG00000151418","ATP6V1G3"
"245973","ENSG00000143882","ATP6V1C2"
"50617","ENSG00000105929","ATP6V0A4"
"9114","ENSG00000159720","ATP6V0D1"
"23545","ENSG00000185344","ATP6V0A2"
"8992","ENSG00000113732","ATP6V0E1"
"535","ENSG00000033627","ATP6V0A1"
"527","ENSG00000185883","ATP6V0C"
"526","ENSG00000147416","ATP6V1B2"
"523","ENSG00000114573","ATP6V1A"
"529","ENSG00000131100","ATP6V1E1"
"9550","ENSG00000136888","ATP6V1G1"
"51382","ENSG00000100554","ATP6V1D"
"245972","ENSG00000147614","ATP6V0D2"
"957","ENSG00000187097","ENTPD5"
"956","ENSG00000168032","ENTPD3"
"955","ENSG00000197586","ENTPD6"
"953","ENSG00000138185","ENTPD1"
"954","ENSG00000054179","ENTPD2"
"377841","ENSG00000188833","ENTPD8"
"293","ENSG00000169100","SLC25A6"
"291","ENSG00000151729","SLC25A4"
"292","ENSG00000005022","SLC25A5"
"4126","ENSG00000109323","MANBA"
"8706","ENSG00000169255","B3GALNT1"
"10317","ENSG00000183778","B3GALT5"
"84002","ENSG00000176597","B3GNT5"
"3141","ENSG00000159267","HLCS"
"140679","ENSG00000101438","SLC32A1"
"8424","ENSG00000129151","BBOX1"
"53630","ENSG00000135697","BCO1"
"635","ENSG00000145692","BHMT"
"23743","ENSG00000132840","BHMT2"
"10599","ENSG00000134538","SLCO1B1"
"1244","ENSG00000023839","ABCC2"
"8714","ENSG00000108846","ABCC3"
"28234","ENSG00000111700","SLCO1B3"
"645","ENSG00000090013","BLVRB"
"644","ENSG00000106605","BLVRA"
"9488","ENSG00000069943","PIGB"
"10380","ENSG00000162813","BPNT1"
"686","ENSG00000169814","BTD"
"8884","ENSG00000138074","SLC5A6"
"80704","ENSG00000135917","SLC19A3"
"51733","ENSG00000100024","UPB1"
"7108","ENSG00000149809","TM7SF2"
"50814","ENSG00000147383","NSDHL"
"3295","ENSG00000133835","HSD17B4"
"6307","ENSG00000052802","MSMO1"
"493","ENSG00000058668","ATP2B4"
"492","ENSG00000067842","ATP2B3"
"491","ENSG00000157087","ATP2B2"
"490","ENSG00000070961","ATP2B1"
"847","ENSG00000121691","CAT"
"6543","ENSG00000118160","SLC8A2"
"6547","ENSG00000100678","SLC8A3"
"6546","ENSG00000183023","SLC8A1"
"166785","ENSG00000151611","MMAA"
"2538","ENSG00000131482","G6PC"
"92579","ENSG00000141349","G6PC3"
"1373","ENSG00000021826","CPS1"
"873","ENSG00000159228","CBR1"
"10423","ENSG00000103502","CDIPT"
"8760","ENSG00000101290","CDS2"
"1040","ENSG00000163624","CDS1"
"56994","ENSG00000111666","CHPT1"
"10390","ENSG00000134255","CEPT1"
"64781","ENSG00000100422","CERK"
"10087","ENSG00000113163","COL4A3BP"
"6565","ENSG00000163406","SLC15A2"
"9023","ENSG00000138135","CH25H"
"1103","ENSG00000070748","CHAT"
"162466","ENSG00000173868","PHOSPHO1"
"9468","ENSG00000102230","PCYT1B"
"5130","ENSG00000161217","PCYT1A"
"6579","ENSG00000084453","SLCO1A2"
"6555","ENSG00000125255","SLC10A2"
"6554","ENSG00000100652","SLC10A1"
"55349","ENSG00000016391","CHDH"
"1120","ENSG00000100288","CHKB"
"1119","ENSG00000110721","CHKA"
"60482","ENSG00000115665","SLC5A7"
"6582","ENSG00000112499","SLC22A2"
"6584","ENSG00000197375","SLC22A5"
"6820","ENSG00000088002","SULT2B1"
"10948","ENSG00000131748","STARD3"
"19","ENSG00000165029","ABCA1"
"1118","ENSG00000133063","CHIT1"
"27159","ENSG00000134216","CHIA"
"54682","ENSG00000111261","MANSC1"
"9058","ENSG00000007216","SLC13A2"
"6576","ENSG00000100075","SLC25A1"
"1159","ENSG00000237289","CKMT1B"
"548596","ENSG00000223572","CKMT1A"
"1160","ENSG00000131730","CKMT2"
"1158","ENSG00000104879","CKM"
"1152","ENSG00000166165","CKB"
"5172","ENSG00000091137","SLC26A4"
"65010","ENSG00000225697","SLC26A6"
"54675","ENSG00000088766","CRLS1"
"10559","ENSG00000164414","SLC35A1"
"55907","ENSG00000111726","CMAS"
"8034","ENSG00000122912","SLC25A16"
"8824","ENSG00000172831","CES2"
"51805","ENSG00000132423","COQ3"
"51004","ENSG00000119723","COQ6"
"10229","ENSG00000167186","COQ7"
"2650","ENSG00000187210","GCNT1"
"9245","ENSG00000140297","GCNT3"
"51301","ENSG00000176928","GCNT4"
"192134","ENSG00000198488","B3GNT6"
"386757","ENSG00000214617","SLC6A10P"
"6535","ENSG00000130821","SLC6A8"
"1384","ENSG00000095321","CRAT"
"6583","ENSG00000197208","SLC22A4"
"1431","ENSG00000062485","CS"
"54677","ENSG00000005469","CROT"
"8140","ENSG00000103257","SLC7A5"
"23428","ENSG00000092068","SLC7A8"
"1036","ENSG00000129596","CDO1"
"23657","ENSG00000151012","SLC7A11"
"57379","ENSG00000111732","AICDA"
"978","ENSG00000158825","CDA"
"7371","ENSG00000143179","UCK2"
"83549","ENSG00000130717","UCK1"
"51727","ENSG00000162368","CMPK1"
"129607","ENSG00000134326","CMPK2"
"160851","ENSG00000102780","DGKH"
"8526","ENSG00000153933","DGKE"
"1606","ENSG00000065357","DGKA"
"8527","ENSG00000077044","DGKD"
"1607","ENSG00000136267","DGKB"
"1608","ENSG00000058866","DGKG"
"1609","ENSG00000145214","DGKQ"
"8525","ENSG00000149091","DGKZ"
"9162","ENSG00000157680","DGKI"
"1610","ENSG00000110887","DAO"
"51022","ENSG00000023572","GLRX2"
"2745","ENSG00000173221","GLRX"
"8528","ENSG00000203797","DDO"
"10455","ENSG00000198721","ECI2"
"1632","ENSG00000167969","ECI1"
"1633","ENSG00000156136","DCK"
"1638","ENSG00000080166","DCT"
"6319","ENSG00000099194","SCD"
"9415","ENSG00000134824","FADS2"
"3992","ENSG00000149485","FADS1"
"8694","ENSG00000185000","DGAT1"
"84649","ENSG00000062282","DGAT2"
"1716","ENSG00000114956","DGUOK"
"6513","ENSG00000117394","SLC2A1"
"6517","ENSG00000181856","SLC2A4"
"6515","ENSG00000059804","SLC2A3"
"1718","ENSG00000116133","DHCR24"
"1581","ENSG00000167910","CYP7A1"
"1717","ENSG00000172893","DHCR7"
"8560","ENSG00000143753","DEGS1"
"123099","ENSG00000168350","DEGS2"
"11309","ENSG00000137491","SLCO2B1"
"6783","ENSG00000109193","SULT1E1"
"1723","ENSG00000102967","DHODH"
"1809","ENSG00000113657","DPYSL3"
"1808","ENSG00000092964","DPYSL2"
"1807","ENSG00000147647","DPYS"
"23539","ENSG00000100156","SLC16A8"
"2224","ENSG00000160752","FDPS"
"29958","ENSG00000132837","DMGDH"
"60386","ENSG00000125454","SLC25A19"
"84920","ENSG00000139133","ALG10"
"79087","ENSG00000182858","ALG12"
"26002","ENSG00000079931","MOXD1"
"1621","ENSG00000123454","DBH"
"7299","ENSG00000077498","TYR"
"6530","ENSG00000103546","SLC6A2"
"6581","ENSG00000146477","SLC22A3"
"669","ENSG00000172331","BPGM"
"5224","ENSG00000164708","PGAM2"
"5223","ENSG00000171314","PGAM1"
"4597","ENSG00000167508","MVD"
"51071","ENSG00000023697","DERA"
"1806","ENSG00000188641","DPYD"
"7083","ENSG00000167900","TK1"
"7084","ENSG00000166548","TK2"
"1854","ENSG00000128951","DUT"
"3704","ENSG00000125877","ITPA"
"10682","ENSG00000147155","EBP"
"1892","ENSG00000127884","ECHS1"
"549","ENSG00000148090","AUH"
"1962","ENSG00000113790","EHHADH"
"1891","ENSG00000104823","ECH1"
"11001","ENSG00000140284","SLC27A2"
"28231","ENSG00000101187","SLCO4A1"
"53919","ENSG00000139155","SLCO1C1"
"10257","ENSG00000125257","ABCC4"
"28232","ENSG00000176463","SLCO3A1"
"2109","ENSG00000105379","ETFB"
"2108","ENSG00000140374","ETFA"
"2110","ENSG00000171503","ETFDH"
"55500","ENSG00000139163","ETNK1"
"55224","ENSG00000143845","ETNK2"
"8790","ENSG00000254685","FPGT"
"51086","ENSG00000116783","TNNI3K"
"2181","ENSG00000123983","ACSL3"
"2180","ENSG00000151726","ACSL1"
"2182","ENSG00000068366","ACSL4"
"81616","ENSG00000130377","ACSBG2"
"51703","ENSG00000197142","ACSL5"
"23305","ENSG00000164398","ACSL6"
"116285","ENSG00000166743","ACSM1"
"5167","ENSG00000197594","ENPP1"
"5169","ENSG00000154269","ENPP3"
"6785","ENSG00000118402","ELOVL4"
"60481","ENSG00000012660","ELOVL5"
"54898","ENSG00000197977","ELOVL2"
"79071","ENSG00000170522","ELOVL6"
"1579","ENSG00000187048","CYP4A11"
"2194","ENSG00000169710","FASN"
"10999","ENSG00000167114","SLC27A4"
"376497","ENSG00000130304","SLC27A1"
"230","ENSG00000109107","ALDOC"
"226","ENSG00000149925","ALDOA"
"229","ENSG00000136872","ALDOB"
"5208","ENSG00000123836","PFKFB2"
"5207","ENSG00000158571","PFKFB1"
"2203","ENSG00000165140","FBP1"
"5210","ENSG00000114268","PFKFB4"
"5209","ENSG00000170525","PFKFB3"
"8789","ENSG00000130957","FBP2"
"2235","ENSG00000066926","FECH"
"10840","ENSG00000144908","ALDH1L1"
"79901","ENSG00000071967","CYBRD1"
"197258","ENSG00000157353","FUK"
"125061","ENSG00000183077","AFMID"
"1719","ENSG00000228716","DHFR"
"2356","ENSG00000136877","FPGS"
"155184","ENSG00000197241","SLC2A7"
"29988","ENSG00000136856","SLC2A8"
"66035","ENSG00000133460","SLC2A11"
"6518","ENSG00000142583","SLC2A5"
"6514","ENSG00000163581","SLC2A2"
"160428","ENSG00000136010","ALDH1L2"
"25902","ENSG00000120254","MTHFD1L"
"4522","ENSG00000100714","MTHFD1"
"2519","ENSG00000001036","FUCA2"
"2517","ENSG00000179163","FUCA1"
"2184","ENSG00000103876","FAH"
"2271","ENSG00000091483","FH"
"2523","ENSG00000174951","FUT1"
"2525","ENSG00000171124","FUT3"
"10690","ENSG00000172461","FUT9"
"2683","ENSG00000086062","B4GALT1"
"9334","ENSG00000158470","B4GALT5"
"8704","ENSG00000117411","B4GALT2"
"8703","ENSG00000158850","B4GALT3"
"2820","ENSG00000115159","GPD2"
"5832","ENSG00000059573","ALDH18A1"
"9563","ENSG00000049239","H6PD"
"2539","ENSG00000160211","G6PD"
"2542","ENSG00000137700","SLC37A4"
"2593","ENSG00000130005","GAMT"
"9514","ENSG00000128242","GAL3ST1"
"5476","ENSG00000064601","CTSA"
"2720","ENSG00000170266","GLB1"
"2588","ENSG00000141012","GALNS"
"2581","ENSG00000054983","GALC"
"2583","ENSG00000135454","B4GALNT1"
"55454","ENSG00000169826","CSGALNACT2"
"55790","ENSG00000147408","CSGALNACT1"
"79586","ENSG00000123989","CHPF"
"337876","ENSG00000198108","CHSY3"
"22856","ENSG00000131873","CHSY1"
"63917","ENSG00000178234","GALNT11"
"11226","ENSG00000139629","GALNT6"
"55568","ENSG00000164574","GALNT10"
"2589","ENSG00000141429","GALNT1"
"51809","ENSG00000109586","GALNT7"
"8693","ENSG00000257594","GALNT4"
"2591","ENSG00000115339","GALNT3"
"117248","ENSG00000131386","GALNT15"
"26290","ENSG00000130035","GALNT8"
"114805","ENSG00000144278","GALNT13"
"79695","ENSG00000119514","GALNT12"
"50614","ENSG00000182870","GALNT9"
"79623","ENSG00000158089","GALNT14"
"2590","ENSG00000143641","GALNT2"
"11227","ENSG00000136542","GALNT5"
"81031","ENSG00000197496","SLC2A10"
"126792","ENSG00000176022","B3GALT6"
"11285","ENSG00000027847","B4GALT7"
"8972","ENSG00000257335","MGAM"
"175","ENSG00000038002","AGA"
"26301","ENSG00000148288","GBGT1"
"4329","ENSG00000119711","ALDH6A1"
"7915","ENSG00000112294","ALDH5A1"
"2731","ENSG00000178445","GLDC"
"275","ENSG00000145020","AMT"
"2653","ENSG00000140905","GCSH"
"2651","ENSG00000111846","GCNT2"
"55343","ENSG00000181830","SLC35C1"
"8836","ENSG00000137563","GGH"
"79017","ENSG00000006625","GGCT"
"8908","ENSG00000056998","GYG2"
"2992","ENSG00000163754","GYG1"
"2997","ENSG00000104812","GYS1"
"2998","ENSG00000111713","GYS2"
"2687","ENSG00000099998","GGT5"
"6472","ENSG00000182199","SHMT2"
"6470","ENSG00000176974","SHMT1"
"2717","ENSG00000102393","GLA"
"2632","ENSG00000114480","GBE1"
"2990","ENSG00000169919","GUSB"
"8372","ENSG00000186792","HYAL3"
"26035","ENSG00000138604","GLCE"
"54480","ENSG00000033100","CHPF2"
"2131","ENSG00000182197","EXT1"
"2132","ENSG00000151348","EXT2"
"27087","ENSG00000109956","B3GAT1"
"26229","ENSG00000149541","B3GAT3"
"135152","ENSG00000112309","B3GAT2"
"4669","ENSG00000108784","NAGLU"
"64579","ENSG00000138653","NDST4"
"9348","ENSG00000164100","NDST3"
"8509","ENSG00000166507","NDST2"
"3340","ENSG00000070614","NDST1"
"2137","ENSG00000012232","EXTL3"
"2135","ENSG00000162694","EXTL2"
"2134","ENSG00000158008","EXTL1"
"144195","ENSG00000173262","SLC2A14"
"154091","ENSG00000146411","SLC2A12"
"11182","ENSG00000160326","SLC2A6"
"56606","ENSG00000109667","SLC2A9"
"6523","ENSG00000100170","SLC5A1"
"178","ENSG00000162688","AGL"
"5837","ENSG00000068976","PYGM"
"5834","ENSG00000100994","PYGB"
"5836","ENSG00000100504","PYGL"
"2729","ENSG00000001084","GCLC"
"2730","ENSG00000023909","GCLM"
"2746","ENSG00000148672","GLUD1"
"2747","ENSG00000182890","GLUD2"
"10841","ENSG00000160282","FTCD"
"27165","ENSG00000135423","GLS2"
"2744","ENSG00000115419","GLS"
"79751","ENSG00000177542","SLC25A22"
"83733","ENSG00000182902","SLC25A18"
"2639","ENSG00000105607","GCDH"
"57084","ENSG00000091664","SLC17A6"
"57030","ENSG00000104888","SLC17A7"
"246213","ENSG00000179520","SLC17A8"
"51179","ENSG00000116882","HAO2"
"54363","ENSG00000101323","HAO1"
"2628","ENSG00000171766","GATM"
"9380","ENSG00000137106","GRHPR"
"2712","ENSG00000196475","GK2"
"2713","ENSG00000249244","GK3P"
"2710","ENSG00000198814","GK"
"3029","ENSG00000063854","HAGH"
"6536","ENSG00000196517","SLC6A9"
"5226","ENSG00000142657","PGD"
"27232","ENSG00000124713","GNMT"
"57678","ENSG00000119927","GPAM"
"80055","ENSG00000197121","PGAP1"
"54965","ENSG00000163964","PIGX"
"93183","ENSG00000143315","PIGM"
"2936","ENSG00000104687","GSR"
"2876","ENSG00000233276","GPX1"
"7001","ENSG00000167815","PRDX2"
"5052","ENSG00000117450","PRDX1"
"2879","ENSG00000167468","GPX4"
"2877","ENSG00000176153","GPX2"
"257202","ENSG00000198704","GPX6"
"2878","ENSG00000211445","GPX3"
"2882","ENSG00000116157","GPX7"
"10935","ENSG00000165672","PRDX3"
"2937","ENSG00000100983","GSS"
"2678","ENSG00000100031","GGT1"
"2679","ENSG00000197421","GGT3P"
"2983","ENSG00000061918","GUCY1B3"
"4881","ENSG00000169418","NPR1"
"3000","ENSG00000132518","GUCY2D"
"2974","ENSG00000123201","GUCY1B2"
"4882","ENSG00000159899","NPR2"
"2986","ENSG00000101890","GUCY2F"
"2982","ENSG00000164116","GUCY1A3"
"2984","ENSG00000070019","GUCY2C"
"2977","ENSG00000152402","GUCY1A2"
"9615","ENSG00000119125","GDA"
"763","ENSG00000174990","CA5A"
"11238","ENSG00000169239","CA5B"
"23556","ENSG00000197563","PIGN"
"55650","ENSG00000060642","PIGV"
"53905","ENSG00000137857","DUOX1"
"50506","ENSG00000140279","DUOX2"
"343","ENSG00000103375","AQP8"
"5281","ENSG00000151665","PIGF"
"84720","ENSG00000165282","PIGO"
"54872","ENSG00000174227","PIGG"
"80235","ENSG00000119227","PIGZ"
"128869","ENSG00000101464","PIGU"
"10026","ENSG00000142892","PIGK"
"51604","ENSG00000124155","PIGT"
"94005","ENSG00000087111","PIGS"
"8733","ENSG00000197858","GPAA1"
"3028","ENSG00000072506","HSD17B10"
"3033","ENSG00000138796","HADH"
"3037","ENSG00000170961","HAS2"
"3038","ENSG00000103044","HAS3"
"3036","ENSG00000105509","HAS1"
"27235","ENSG00000173085","COQ2"
"6522","ENSG00000164889","SLC4A2"
"83697","ENSG00000113073","SLC4A9"
"6521","ENSG00000004939","SLC4A1"
"6508","ENSG00000114923","SLC4A3"
"2645","ENSG00000106633","GCK"
"3098","ENSG00000156515","HK1"
"3099","ENSG00000159399","HK2"
"80201","ENSG00000156510","HKDC1"
"3101","ENSG00000160883","HK3"
"3081","ENSG00000113924","HGD"
"11112","ENSG00000106049","HIBADH"
"3067","ENSG00000140287","HDC"
"496","ENSG00000186009","ATP4B"
"495","ENSG00000105675","ATP4A"
"8942","ENSG00000115919","KYNU"
"3157","ENSG00000112972","HMGCS1"
"3158","ENSG00000134240","HMGCS2"
"54511","ENSG00000146151","HMGCLL1"
"3155","ENSG00000117305","HMGCL"
"3162","ENSG00000100292","HMOX1"
"26062","ENSG00000228211","HYALP1"
"197257","ENSG00000166816","LDHD"
"6448","ENSG00000181523","SGSH"
"3290","ENSG00000117594","HSD11B1"
"3291","ENSG00000176387","HSD11B2"
"3292","ENSG00000108786","HSD17B1"
"3294","ENSG00000086696","HSD17B2"
"51478","ENSG00000132196","HSD17B7"
"3283","ENSG00000203857","HSD3B1"
"3284","ENSG00000203859","HSD3B2"
"80270","ENSG00000099377","HSD3B7"
"57026","ENSG00000241360","PDXP"
"3419","ENSG00000166411","IDH3A"
"3421","ENSG00000067829","IDH3G"
"3420","ENSG00000101365","IDH3B"
"3417","ENSG00000138413","IDH1"
"3418","ENSG00000182054","IDH2"
"7173","ENSG00000115705","TPO"
"3425","ENSG00000127415","IDUA"
"587","ENSG00000105552","BCAT2"
"8501","ENSG00000149150","SLC43A1"
"55586","ENSG00000100253","MIOX"
"114134","ENSG00000151229","SLC2A13"
"6526","ENSG00000198743","SLC5A3"
"3422","ENSG00000067064","IDI1"
"91734","ENSG00000148377","IDI2"
"160728","ENSG00000256870","SLC5A8"
"8801","ENSG00000172340","SUCLG2"
"8802","ENSG00000163541","SUCLG1"
"8803","ENSG00000136143","SUCLA2"
"9990","ENSG00000140199","SLC12A6"
"6560","ENSG00000124067","SLC12A4"
"57468","ENSG00000124140","SLC12A5"
"3795","ENSG00000138030","KHK"
"84679","ENSG00000065923","SLC9A7"
"23315","ENSG00000197818","SLC9A8"
"8564","ENSG00000117009","KMO"
"3938","ENSG00000115850","LCT"
"53","ENSG00000134575","ACP2"
"3931","ENSG00000213398","LCAT"
"387775","ENSG00000184999","SLC22A10"
"124637","ENSG00000182224","CYB5D1"
"366","ENSG00000103569","AQP9"
"11283","ENSG00000186526","CYP4F8"
"4047","ENSG00000160285","LSS"
"1178","ENSG00000105205","CLC"
"5321","ENSG00000116711","PLA2G4A"
"29124","ENSG00000105198","LGALS13"
"51268","ENSG00000179761","PIPOX"
"4023","ENSG00000175445","LPL"
"1056","ENSG00000170835","CEL"
"3990","ENSG00000166035","LIPC"
"80339","ENSG00000100344","PNPLA3"
"11343","ENSG00000074416","MGLL"
"50487","ENSG00000100078","PLA2G3"
"9227","ENSG00000121207","LRAT"
"6309","ENSG00000109929","SC5D"
"4048","ENSG00000111144","LTA4H"
"4258","ENSG00000085871","MGST2"
"4259","ENSG00000143198","MGST3"
"4056","ENSG00000213316","LTC4S"
"2954","ENSG00000100577","GSTZ1"
"2548","ENSG00000171298","GAA"
"56922","ENSG00000078070","MCCC1"
"64087","ENSG00000131844","MCCC2"
"23417","ENSG00000103150","MLYCD"
"4357","ENSG00000128309","MPST"
"4190","ENSG00000014641","MDH1"
"4191","ENSG00000146701","MDH2"
"4200","ENSG00000082212","ME2"
"4199","ENSG00000065833","ME1"
"10873","ENSG00000151376","ME3"
"3620","ENSG00000131203","IDO1"
"1545","ENSG00000138061","CYP1B1"
"1543","ENSG00000140465","CYP1A1"
"1557","ENSG00000165841","CYP2C19"
"1544","ENSG00000140505","CYP1A2"
"27430","ENSG00000038274","MAT2B"
"4144","ENSG00000168906","MAT2A"
"4143","ENSG00000151224","MAT1A"
"4548","ENSG00000116984","MTR"
"4598","ENSG00000110921","MVK"
"8867","ENSG00000159082","SYNJ1"
"3635","ENSG00000168918","INPP5D"
"3632","ENSG00000068383","INPP5A"
"3636","ENSG00000165458","INPPL1"
"27124","ENSG00000185133","INPP5J"
"3633","ENSG00000204084","INPP5B"
"56623","ENSG00000148384","INPP5E"
"3628","ENSG00000151689","INPP1"
"3706","ENSG00000137825","ITPKA"
"3707","ENSG00000143772","ITPKB"
"80271","ENSG00000086544","ITPKC"
"51477","ENSG00000105655","ISYNA1"
"8821","ENSG00000109452","INPP4B"
"3631","ENSG00000040933","INPP4A"
"2595","ENSG00000214013","GANC"
"84693","ENSG00000124370","MCEE"
"4594","ENSG00000146085","MUT"
"80168","ENSG00000166391","MOGAT2"
"116255","ENSG00000124003","MOGAT1"
"4507","ENSG00000099810","MTAP"
"10797","ENSG00000065911","MTHFD2"
"56913","ENSG00000106392","C1GALT1"
"91703","ENSG00000132744","ACY3"
"443","ENSG00000108381","ASPA"
"4668","ENSG00000198951","NAGA"
"9498","ENSG00000050438","SLC4A8"
"57282","ENSG00000144290","SLC4A10"
"6528","ENSG00000105641","SLC5A5"
"482","ENSG00000129244","ATP1B2"
"476","ENSG00000163399","ATP1A1"
"480","ENSG00000132681","ATP1A4"
"483","ENSG00000069849","ATP1B3"
"23439","ENSG00000101892","ATP1B4"
"477","ENSG00000018625","ATP1A2"
"481","ENSG00000143153","ATP1B1"
"478","ENSG00000105409","ATP1A3"
"6549","ENSG00000115616","SLC9A2"
"6550","ENSG00000066230","SLC9A3"
"6548","ENSG00000090020","SLC9A1"
"84735","ENSG00000150656","CNDP1"
"55748","ENSG00000133313","CNDP2"
"6559","ENSG00000070915","SLC12A3"
"57419","ENSG00000185052","SLC24A3"
"123041","ENSG00000140090","SLC24A4"
"9187","ENSG00000074621","SLC24A1"
"25769","ENSG00000155886","SLC24A2"
"124583","ENSG00000171302","CANT1"
"79077","ENSG00000179958","DCTPP1"
"9583","ENSG00000197217","ENTPD4"
"1841","ENSG00000168393","DTYMK"
"4832","ENSG00000103024","NME3"
"4830","ENSG00000239672","NME1"
"29922","ENSG00000143156","NME7"
"10201","ENSG00000172113","NME6"
"4831","ENSG00000011052","NME2"
"4833","ENSG00000103202","NME4"
"57127","ENSG00000132677","RHBG"
"6005","ENSG00000112077","RHAG"
"6557","ENSG00000074803","SLC12A1"
"6558","ENSG00000064651","SLC12A2"
"349565","ENSG00000163864","NMNAT3"
"64802","ENSG00000173614","NMNAT1"
"23057","ENSG00000157064","NMNAT2"
"10135","ENSG00000105835","NAMPT"
"4837","ENSG00000166741","NNMT"
"5409","ENSG00000141744","PNMT"
"4843","ENSG00000007171","NOS2"
"4846","ENSG00000164867","NOS3"
"4842","ENSG00000089250","NOS1"
"4860","ENSG00000198805","PNP"
"6580","ENSG00000175003","SLC22A1"
"55808","ENSG00000070526","ST6GALNAC1"
"30833","ENSG00000125458","NT5C"
"5251","ENSG00000102174","PHEX"
"56953","ENSG00000205309","NT5M"
"4907","ENSG00000135318","NT5E"
"6476","ENSG00000090402","SI"
"5009","ENSG00000036473","OTC"
"5019","ENSG00000083720","OXCT1"
"64064","ENSG00000198754","OXCT2"
"1629","ENSG00000137992","DBT"
"594","ENSG00000083123","BCKDHB"
"593","ENSG00000248098","BCKDHA"
"26873","ENSG00000178814","OPLAH"
"4942","ENSG00000065154","OAT"
"7372","ENSG00000114491","UMPS"
"10861","ENSG00000145217","SLC26A1"
"1811","ENSG00000091138","SLC26A3"
"1836","ENSG00000155850","SLC26A2"
"1583","ENSG00000140459","CYP11A1"
"1584","ENSG00000160882","CYP11B1"
"1585","ENSG00000179142","CYP11B2"
"1586","ENSG00000148795","CYP17A1"
"1588","ENSG00000137869","CYP19A1"
"1576","ENSG00000160868","CYP3A4"
"1593","ENSG00000135929","CYP27A1"
"1548","ENSG00000255974","CYP2A6"
"1553","ENSG00000197838","CYP2A13"
"1562","ENSG00000108242","CYP2C18"
"1558","ENSG00000138115","CYP2C8"
"1559","ENSG00000138109","CYP2C9"
"1565","ENSG00000100197","CYP2D6"
"1572","ENSG00000197446","CYP2F1"
"51302","ENSG00000146233","CYP39A1"
"64816","ENSG00000021461","CYP3A43"
"1577","ENSG00000106258","CYP3A5"
"1551","ENSG00000160870","CYP3A7"
"10858","ENSG00000036530","CYP46A1"
"66002","ENSG00000186204","CYP4F12"
"8529","ENSG00000186115","CYP4F2"
"4051","ENSG00000186529","CYP4F3"
"9420","ENSG00000172817","CYP7B1"
"1582","ENSG00000180432","CYP8B1"
"5831","ENSG00000183010","PYCR1"
"5050","ENSG00000079462","PAFAH1B3"
"5051","ENSG00000158006","PAFAH2"
"5049","ENSG00000168092","PAFAH1B2"
"5048","ENSG00000007168","PAFAH1B1"
"7941","ENSG00000146070","PLA2G7"
"347734","ENSG00000157593","SLC35B2"
"57194","ENSG00000206190","ATP10A"
"5337","ENSG00000075651","PLD1"
"5338","ENSG00000129219","PLD2"
"130013","ENSG00000153086","ACMSD"
"5091","ENSG00000173599","PC"
"5244","ENSG00000005471","ABCB4"
"5136","ENSG00000115252","PDE1A"
"5142","ENSG00000184588","PDE4B"
"5137","ENSG00000154678","PDE1C"
"5151","ENSG00000073417","PDE8A"
"50940","ENSG00000128655","PDE11A"
"5139","ENSG00000172572","PDE3A"
"5140","ENSG00000152270","PDE3B"
"27115","ENSG00000171408","PDE7B"
"5144","ENSG00000113448","PDE4D"
"5153","ENSG00000123360","PDE1B"
"5150","ENSG00000205268","PDE7A"
"5138","ENSG00000186642","PDE2A"
"8622","ENSG00000113231","PDE8B"
"5141","ENSG00000065989","PDE4A"
"5143","ENSG00000105650","PDE4C"
"10846","ENSG00000112541","PDE10A"
"5152","ENSG00000160191","PDE9A"
"5148","ENSG00000185527","PDE6G"
"8654","ENSG00000138735","PDE5A"
"5145","ENSG00000132915","PDE6A"
"5147","ENSG00000156973","PDE6D"
"5146","ENSG00000095464","PDE6C"
"5158","ENSG00000133256","PDE6B"
"5149","ENSG00000139053","PDE6H"
"1737","ENSG00000150768","DLAT"
"5162","ENSG00000168291","PDHB"
"5160","ENSG00000131828","PDHA1"
"5161","ENSG00000163114","PDHA2"
"55163","ENSG00000108439","PNPO"
"10396","ENSG00000124406","ATP8A1"
"5105","ENSG00000124253","PCK1"
"5106","ENSG00000100889","PCK2"
"8310","ENSG00000087008","ACOX3"
"5833","ENSG00000185813","PCYT2"
"10400","ENSG00000133027","PEMT"
"26227","ENSG00000092621","PHGDH"
"5730","ENSG00000107317","PTGDS"
"27306","ENSG00000163106","HPGDS"
"9536","ENSG00000148344","PTGES"
"80142","ENSG00000148334","PTGES2"
"5740","ENSG00000124212","PTGIS"
"114971","ENSG00000110536","PTPMT1"
"9489","ENSG00000087157","PGS1"
"5743","ENSG00000073756","PTGS2"
"5742","ENSG00000095303","PTGS1"
"6898","ENSG00000198650","TAT"
"5053","ENSG00000171759","PAH"
"5264","ENSG00000107537","PHYH"
"5728","ENSG00000171862","PTEN"
"8871","ENSG00000078269","SYNJ2"
"8395","ENSG00000107242","PIP5K1B"
"8394","ENSG00000143398","PIP5K1A"
"23396","ENSG00000186111","PIP5K1C"
"5297","ENSG00000241973","PI4KA"
"55361","ENSG00000155252","PI4K2A"
"5298","ENSG00000143393","PI4KB"
"5295","ENSG00000145675","PIK3R1"
"23533","ENSG00000141506","PIK3R5"
"5290","ENSG00000121879","PIK3CA"
"5293","ENSG00000171608","PIK3CD"
"5296","ENSG00000268173","PIK3R2"
"8503","ENSG00000117461","PIK3R3"
"5291","ENSG00000051382","PIK3CB"
"5294","ENSG00000105851","PIK3CG"
"10870","ENSG00000126264","HCST"
"4952","ENSG00000122126","OCRL"
"23236","ENSG00000182621","PLCB1"
"5336","ENSG00000197943","PLCG2"
"5335","ENSG00000124181","PLCG1"
"5334","ENSG00000115896","PLCL1"
"5331","ENSG00000149782","PLCB3"
"257068","ENSG00000240891","PLCXD2"
"84812","ENSG00000115556","PLCD4"
"5330","ENSG00000137841","PLCB2"
"23007","ENSG00000114805","PLCH1"
"51196","ENSG00000138193","PLCE1"
"5332","ENSG00000101333","PLCB4"
"113026","ENSG00000161714","PLCD3"
"5333","ENSG00000187091","PLCD1"
"89869","ENSG00000139151","PLCZ1"
"5288","ENSG00000139144","PIK3C2G"
"5286","ENSG00000011405","PIK3C2A"
"5287","ENSG00000133056","PIK3C2B"
"200576","ENSG00000115020","PIKFYVE"
"5305","ENSG00000150867","PIP4K2A"
"79837","ENSG00000166908","PIP4K2C"
"5289","ENSG00000078142","PIK3C3"
"5277","ENSG00000165195","PIGA"
"51227","ENSG00000185808","PIGP"
"8818","ENSG00000136908","DPM2"
"9091","ENSG00000007541","PIGQ"
"5279","ENSG00000135845","PIGC"
"5283","ENSG00000100564","PIGH"
"123745","ENSG00000188089","PLA2G4E"
"8398","ENSG00000184381","PLA2G6"
"64600","ENSG00000158786","PLA2G2F"
"81579","ENSG00000123739","PLA2G12A"
"100137049","ENSG00000243708","PLA2G4B"
"5322","ENSG00000127472","PLA2G5"
"5320","ENSG00000188257","PLA2G2A"
"30814","ENSG00000188784","PLA2G2E"
"26279","ENSG00000117215","PLA2G2D"
"5319","ENSG00000170890","PLA2G1B"
"10654","ENSG00000163344","PMVK"
"117283","ENSG00000161896","IP6K3"
"9807","ENSG00000176095","IP6K1"
"51447","ENSG00000068745","IP6K2"
"8876","ENSG00000112299","VNN1"
"8875","ENSG00000112303","VNN2"
"55350","ENSG00000093134","VNN3"
"27068","ENSG00000138777","PPA2"
"8613","ENSG00000162407","PPAP2B"
"8611","ENSG00000067113","PPAP2A"
"8612","ENSG00000141934","PPAP2C"
"5498","ENSG00000143224","PPOX"
"8288","ENSG00000121053","EPX"
"9588","ENSG00000117592","PRDX6"
"4353","ENSG00000005381","MPO"
"5625","ENSG00000277196","PRODH"
"6578","ENSG00000174640","SLCO2A1"
"23761","ENSG00000241878","PISD"
"9791","ENSG00000156471","PTDSS1"
"81490","ENSG00000174915","PTDSS2"
"10005","ENSG00000101473","ACOT8"
"10965","ENSG00000119673","ACOT2"
"122970","ENSG00000177465","ACOT4"
"5805","ENSG00000150787","PTS"
"6303","ENSG00000130066","SAT1"
"112483","ENSG00000141504","SAT2"
"8566","ENSG00000160209","PDXK"
"151531","ENSG00000007001","UPP2"
"7378","ENSG00000183696","UPP1"
"2944","ENSG00000134184","GSTM1"
"64080","ENSG00000171174","RBKS"
"5959","ENSG00000135437","RDH5"
"8608","ENSG00000139547","RDH16"
"112724","ENSG00000160439","RDH13"
"157506","ENSG00000121039","RDH10"
"51109","ENSG00000072042","RDH11"
"57665","ENSG00000240857","RDH14"
"195814","ENSG00000170786","SDR16C5"
"145226","ENSG00000139988","RDH12"
"50700","ENSG00000080511","RDH8"
"8228","ENSG00000006757","PNPLA4"
"113278","ENSG00000101276","SLC52A3"
"54981","ENSG00000106733","NMRK1"
"6482","ENSG00000008513","ST3GAL1"
"6484","ENSG00000110080","ST3GAL4"
"6483","ENSG00000157350","ST3GAL2"
"10090","ENSG00000111962","UST"
"9653","ENSG00000153936","HS2ST1"
"3423","ENSG00000010404","IDS"
"222537","ENSG00000249853","HS3ST5"
"9957","ENSG00000002587","HS3ST1"
"9951","ENSG00000182601","HS3ST4"
"9956","ENSG00000122254","HS3ST2"
"9955","ENSG00000153976","HS3ST3A1"
"9953","ENSG00000125430","HS3ST3B1"
"55501","ENSG00000136213","CHST12"
"113189","ENSG00000169105","CHST14"
"50515","ENSG00000171310","CHST11"
"166012","ENSG00000180767","CHST13"
"411","ENSG00000113273","ARSB"
"23563","ENSG00000135702","CHST5"
"4166","ENSG00000183196","CHST6"
"10164","ENSG00000140835","CHST4"
"9435","ENSG00000175040","CHST2"
"8534","ENSG00000175264","CHST1"
"9469","ENSG00000122863","CHST3"
"56548","ENSG00000147119","CHST7"
"266722","ENSG00000185352","HS6ST3"
"9394","ENSG00000136720","HS6ST1"
"90161","ENSG00000171004","HS6ST2"
"2799","ENSG00000135677","GNS"
"10157","ENSG00000008311","AASS"
"118881","ENSG00000165644","COMTD1"
"3176","ENSG00000150540","HNMT"
"1757","ENSG00000123453","SARDH"
"81537","ENSG00000126821","SGPP1"
"6652","ENSG00000140263","SORD"
"6342","ENSG00000116171","SCP2"
"9056","ENSG00000155465","SLC7A7"
"55304","ENSG00000172296","SPTLC3"
"9517","ENSG00000100596","SPTLC2"
"10558","ENSG00000090054","SPTLC1"
"2098","ENSG00000139684","ESD"
"8879","ENSG00000166224","SGPL1"
"8869","ENSG00000115525","ST3GAL5"
"56848","ENSG00000063176","SPHK2"
"8877","ENSG00000176170","SPHK1"
"130752","ENSG00000138400","MDH1B"
"339221","ENSG00000182156","ENPP7"
"55627","ENSG00000136699","SMPD4"
"55512","ENSG00000103056","SMPD3"
"6609","ENSG00000166311","SMPD1"
"6610","ENSG00000135587","SMPD2"
"259230","ENSG00000198964","SGMS1"
"116369","ENSG00000112053","SLC26A8"
"115111","ENSG00000147606","SLC26A7"
"115019","ENSG00000174502","SLC26A9"
"284129","ENSG00000181045","SLC26A11"
"26266","ENSG00000164707","SLC13A4"
"6646","ENSG00000057252","SOAT1"
"6649","ENSG00000109610","SOD3"
"6648","ENSG00000112096","SOD2"
"6647","ENSG00000142168","SOD1"
"6697","ENSG00000116096","SPR"
"6723","ENSG00000116649","SRM"
"6611","ENSG00000102172","SMS"
"6713","ENSG00000104549","SQLE"
"2222","ENSG00000079459","FDFT1"
"6715","ENSG00000145545","SRD5A1"
"6716","ENSG00000277893","SRD5A2"
"15","ENSG00000129673","AANAT"
"6532","ENSG00000108576","SLC6A4"
"6487","ENSG00000126091","ST3GAL3"
"10402","ENSG00000064225","ST3GAL6"
"10610","ENSG00000070731","ST6GALNAC2"
"81849","ENSG00000117069","ST6GALNAC5"
"256435","ENSG00000184005","ST6GALNAC3"
"30815","ENSG00000160408","ST6GALNAC6"
"6489","ENSG00000111728","ST8SIA1"
"29906","ENSG00000101638","ST8SIA5"
"412","ENSG00000101846","STS"
"6391","ENSG00000143252","SDHC"
"6390","ENSG00000117118","SDHB"
"6392","ENSG00000204370","SDHD"
"6389","ENSG00000073578","SDHA"
"6821","ENSG00000139531","SUOX"
"6533","ENSG00000131389","SLC6A6"
"5092","ENSG00000166228","PCBD1"
"23530","ENSG00000112992","NNT"
"79178","ENSG00000259431","THTPA"
"6567","ENSG00000147100","SLC16A2"
"1890","ENSG00000025708","TYMP"
"55217","ENSG00000185973","TMLHE"
"7296","ENSG00000198431","TXNRD1"
"11181","ENSG00000118094","TREH"
"80162","ENSG00000142102","ATHL1"
"7166","ENSG00000129167","TPH1"
"121278","ENSG00000139287","TPH2"
"169355","ENSG00000188676","IDO2"
"6999","ENSG00000151790","TDO2"
"6561","ENSG00000081800","SLC13A1"
"6916","ENSG00000059377","TBXAS1"
"7054","ENSG00000180176","TH"
"7306","ENSG00000107165","TYRP1"
"10020","ENSG00000159921","GNE"
"29880","ENSG00000120697","ALG5"
"7355","ENSG00000102100","SLC35A2"
"7358","ENSG00000109814","UGDH"
"23169","ENSG00000116704","SLC35D1"
"80146","ENSG00000115652","UXS1"
"5168","ENSG00000136960","ENPP2"
"84912","ENSG00000205060","SLC35B4"
"3906","ENSG00000167531","LALBA"
"7357","ENSG00000148154","UGCG"
"11046","ENSG00000130958","SLC35D2"
"54576","ENSG00000242366","UGT1A1"
"54575","ENSG00000242515","UGT1A10"
"54657","ENSG00000244474","UGT1A4"
"54659","ENSG00000243135","UGT1A3"
"54658","ENSG00000241635","UGT1A8"
"54577","ENSG00000244122","UGT1A7"
"54600","ENSG00000241119","UGT1A9"
"54579","ENSG00000240224","UGT1A5"
"54578","ENSG00000167165","UGT1A6"
"7364","ENSG00000171234","UGT2B7"
"54490","ENSG00000135226","UGT2B28"
"7367","ENSG00000197888","UGT2B17"
"7365","ENSG00000109181","UGT2B10"
"10720","ENSG00000213759","UGT2B11"
"7363","ENSG00000156096","UGT2B4"
"54963","ENSG00000198276","UCKL1"
"7498","ENSG00000158125","XDH"
"9942","ENSG00000093217","XYLB"
"64132","ENSG00000015532","XYLT2"
"64131","ENSG00000103489","XYLT1"
"51181","ENSG00000169738","DCXR"
"64077","ENSG00000107902","LHPP"
"5464","ENSG00000180817","PPA1"
"10724","ENSG00000198408","MGEA5"
"94033","ENSG00000181867","FTMT"
"2495","ENSG00000167996","FTH1"
"1356","ENSG00000047457","CP"
"2512","ENSG00000087086","FTL"
"1727","ENSG00000100243","CYB5R3"
"51706","ENSG00000159348","CYB5R1"
"51700","ENSG00000166394","CYB5R2"
"10587","ENSG00000184470","TXNRD2"
"80347","ENSG00000068120","COASY"
"84618","ENSG00000116981","NT5C1A"
"22978","ENSG00000076685","NT5C2"
"51251","ENSG00000122643","NT5C3A"
"93034","ENSG00000185013","NT5C1B"
"100526794","ENSG00000250741","NT5C1B-RDH14"
"353","ENSG00000198931","APRT"
"3251","ENSG00000165704","HPRT1"
"56954","ENSG00000114021","NIT2"
"5313","ENSG00000143627","PKLR"
"728441","ENSG00000133475","GGT2"
"124975","ENSG00000167741","GGT6"
"91227","ENSG00000100121","GGTLC2"
"102724197","ENSG00000133475","LOC102724197"
"92086","ENSG00000149435","GGTLC1"
"2686","ENSG00000131067","GGT7"
"5211","ENSG00000141959","PFKL"
"1491","ENSG00000116761","CTH"
"2819","ENSG00000167588","GPD1"
"29925","ENSG00000173540","GMPPB"
"29926","ENSG00000144591","GMPPA"
"102724560","ENSG00000160200","CBS"
"875","ENSG00000274276","CBS"
"249","ENSG00000162551","ALPL"
"22934","ENSG00000153574","RPIA"
"2766","ENSG00000137198","GMPR"
"51292","ENSG00000100938","GMPR2"
"57571","ENSG00000172508","CARNS1"
"8833","ENSG00000163655","GMPS"
"5538","ENSG00000131238","PPT1"
"641371","ENSG00000184227","ACOT1"
"11332","ENSG00000097021","ACOT7"
"55825","ENSG00000115425","PECR"
"51102","ENSG00000116353","MECR"
"37","ENSG00000072778","ACADVL"
"33","ENSG00000115361","ACADL"
"132158","ENSG00000168237","GLYCTK"
"641649","ENSG00000142046","TMEM91"
"23475","ENSG00000103485","QPRT"
"50484","ENSG00000048392","RRM2B"
"6240","ENSG00000167325","RRM1"
"6241","ENSG00000171848","RRM2"
"3156","ENSG00000113161","HMGCR"
"79966","ENSG00000145284","SCD5"
"10588","ENSG00000136371","MTHFS"
"84890","ENSG00000181915","ADO"
"80025","ENSG00000125779","PANK2"
"53354","ENSG00000152782","PANK1"
"79646","ENSG00000120137","PANK3"
"83594","ENSG00000112874","NUDT12"
"7263","ENSG00000128311","TST"
"26275","ENSG00000198130","HIBCH"
"29920","ENSG00000143811","PYCR2"
"7389","ENSG00000126088","UROD"
"1595","ENSG00000001630","CYP51A1"
"130367","ENSG00000163082","SGPP2"
"10478","ENSG00000100372","SLC25A17"
"23443","ENSG00000117620","SLC35A3"
"64240","ENSG00000138075","ABCG5"
"64241","ENSG00000143921","ABCG8"
"284111","ENSG00000141485","SLC13A5"
"8435","ENSG00000167780","SOAT2"
"3988","ENSG00000107798","LIPA"
"377677","ENSG00000185015","CA13"
"767","ENSG00000178538","CA8"
"765","ENSG00000131686","CA6"
"759","ENSG00000133742","CA1"
"760","ENSG00000104267","CA2"
"23632","ENSG00000118298","CA14"
"766","ENSG00000168748","CA7"
"771","ENSG00000074410","CA12"
"768","ENSG00000107159","CA9"
"762","ENSG00000167434","CA4"
"10057","ENSG00000114770","ABCC5"
"6556","ENSG00000018280","SLC11A1"
"6568","ENSG00000124568","SLC17A1"
"7779","ENSG00000170385","SLC30A1"
"54020","ENSG00000160190","SLC37A1"
"215","ENSG00000101986","ABCD1"
"5825","ENSG00000117528","ABCD3"
"641372","ENSG00000205669","ACOT6"
"9045","ENSG00000188846","RPL14"
"4017","ENSG00000134013","LOXL2"
"84105","ENSG00000132570","PCBD2"
"25830","ENSG00000130540","SULT4A1"
"84569","ENSG00000120563","LYZL1"
"4025","ENSG00000167419","LPO"
"54995","ENSG00000151093","OXSM"
"93492","ENSG00000132958","TPTE2"
"1267","ENSG00000173786","CNP"
"10249","ENSG00000149124","GLYAT"
"1573","ENSG00000134716","CYP2J2"
"1580","ENSG00000142973","CYP4B1"
"199974","ENSG00000186160","CYP4Z1"
"260293","ENSG00000186377","CYP4X1"
"1555","ENSG00000197408","CYP2B6"
"1549","ENSG00000198077","CYP2A7"
"57834","ENSG00000171903","CYP4F11"
"29785","ENSG00000167600","CYP2S1"
"1215","ENSG00000092009","CMA1"
"1357","ENSG00000091704","CPA1"
"93979","ENSG00000158525","CPA5"
"57094","ENSG00000165078","CPA6"
"1358","ENSG00000158516","CPA2"
"7177","ENSG00000172236","TPSAB1"
"64499","ENSG00000197253","TPSB2"
"23430","ENSG00000095917","TPSD1"
"1636","ENSG00000159640","ACE"
"9365","ENSG00000133116","KL"
"9331","ENSG00000118276","B4GALT6"
"7368","ENSG00000174607","UGT8"
"5315","ENSG00000067225","PKM"
"1666","ENSG00000104325","DECR1"
"874","ENSG00000159231","CBR3"
"10901","ENSG00000157326","DHRS4"
"126410","ENSG00000171954","CYP4F22"
"2053","ENSG00000120915","EPHX2"
"8897","ENSG00000100330","MTMR3"
"8898","ENSG00000087053","MTMR2"
"9152","ENSG00000165970","SLC6A5"
"9497","ENSG00000033867","SLC4A7"
"115584","ENSG00000158865","SLC5A11"
"6575","ENSG00000168575","SLC20A2"
"6574","ENSG00000144136","SLC20A1"
"142680","ENSG00000198569","SLC34A3"
"6534","ENSG00000011083","SLC6A7"
"3293","ENSG00000130948","HSD17B3"
"1622","ENSG00000155368","DBI"
"225","ENSG00000173208","ABCD2"
"28965","ENSG00000113396","SLC27A6"
"23205","ENSG00000103740","ACSBG1"
"26061","ENSG00000131373","HACL1"
"54716","ENSG00000163817","SLC6A20"
"6564","ENSG00000088386","SLC15A1"
"113235","ENSG00000076351","SLC46A1"
"1200","ENSG00000166340","TPP1"
"2168","ENSG00000163586","FABP1"
"51056","ENSG00000002549","LAP3"
"9390","ENSG00000172940","SLC22A13"
"5184","ENSG00000124299","PEPD"
"4891","ENSG00000110911","SLC11A2"
"30061","ENSG00000138449","SLC40A1"
"248","ENSG00000163295","ALPI"
"4524","ENSG00000177000","MTHFR"
"25796","ENSG00000130313","PGLS"
"28982","ENSG00000162769","FLVCR1"
"6120","ENSG00000197713","RPE"
"10864","ENSG00000137204","SLC22A7"
"9376","ENSG00000149452","SLC22A8"
"9356","ENSG00000197901","SLC22A6"
"348932","ENSG00000164363","SLC6A18"
"120103","ENSG00000180773","SLC36A4"
"1080","ENSG00000001626","CFTR"
"85320","ENSG00000121270","ABCC11"
"222962","ENSG00000164638","SLC29A4"
"10351","ENSG00000141338","ABCA8"
"9429","ENSG00000118777","ABCG2"
"55867","ENSG00000168065","SLC22A11"
"364","ENSG00000165269","AQP7"
"89872","ENSG00000143595","AQP10"
"360","ENSG00000165272","AQP3"
"21","ENSG00000167972","ABCA3"
"24","ENSG00000198691","ABCA4"
"125206","ENSG00000154025","SLC5A10"
"200010","ENSG00000117834","SLC5A9"
"6524","ENSG00000140675","SLC5A2"
"159963","ENSG00000148942","SLC5A12"
"55065","ENSG00000132517","SLC52A1"
"79581","ENSG00000185803","SLC52A2"
"3767","ENSG00000187486","KCNJ11"
"6833","ENSG00000006071","ABCC8"
"10060","ENSG00000069431","ABCC9"
"3764","ENSG00000121361","KCNJ8"
"5947","ENSG00000114115","RBP1"
"64220","ENSG00000137868","STRA6"
"5950","ENSG00000138207","RBP4"
"5948","ENSG00000114113","RBP2"
"949","ENSG00000073060","SCARB1"
"29881","ENSG00000015520","NPC1L1"
"2350","ENSG00000165457","FOLR2"
"3248","ENSG00000164120","HPGD"
"166929","ENSG00000164023","SGMS2"
"56261","ENSG00000125772","GPCPD1"
"3658","ENSG00000136381","IREB2"
"203","ENSG00000106992","AK1"
"122481","ENSG00000140057","AK7"
"159","ENSG00000035687","ADSS"
"122622","ENSG00000185100","ADSSL1"
"11212","ENSG00000147471","PROSC"
"383","ENSG00000118520","ARG1"
"1371","ENSG00000080819","CPOX"
"1503","ENSG00000171793","CTPS1"
"56474","ENSG00000047230","CTPS2"
"2987","ENSG00000143774","GUK1"
"5860","ENSG00000151552","QDPR"
"9453","ENSG00000152904","GGPS1"
"2027","ENSG00000108515","ENO3"
"2026","ENSG00000111674","ENO2"
"2023","ENSG00000074800","ENO1"
"9843","ENSG00000089472","HEPH"
"80308","ENSG00000160688","FLAD1"
"7360","ENSG00000169764","UGP2"
"26330","ENSG00000105679","GAPDHS"
"2597","ENSG00000111640","GAPDH"
"9945","ENSG00000131459","GFPT2"
"2673","ENSG00000198380","GFPT1"
"2752","ENSG00000135821","GLUL"
"51557","ENSG00000146166","LGSN"
"1800","ENSG00000015413","DPEP1"
"2762","ENSG00000112699","GMDS"
"2643","ENSG00000131979","GCH1"
"761","ENSG00000164879","CA3"
"359","ENSG00000167580","AQP2"
"4284","ENSG00000135517","MIP"
"361","ENSG00000171885","AQP4"
"358","ENSG00000240583","AQP1"
"362","ENSG00000161798","AQP5"
"3145","ENSG00000256269","HMBS"
"586","ENSG00000060982","BCAT1"
"3614","ENSG00000106348","IMPDH1"
"3615","ENSG00000178035","IMPDH2"
"682","ENSG00000172270","BSG"
"4351","ENSG00000178802","MPI"
"441024","ENSG00000163738","MTHFD2L"
"100287639","ENSG00000244681","MTHFD2P1"
"65220","ENSG00000008130","NADK"
"389015","ENSG00000180251","SLC9A4"
"6553","ENSG00000135740","SLC9A5"
"2821","ENSG00000105220","GPI"
"5230","ENSG00000102144","PGK1"
"5232","ENSG00000170950","PGK2"
"375056","ENSG00000154305","MIA3"
"5236","ENSG00000079739","PGM1"
"55276","ENSG00000169299","PGM2"
"5373","ENSG00000140650","PMM2"
"5372","ENSG00000100417","PMM1"
"210","ENSG00000148218","ALAD"
"60490","ENSG00000138621","PPCDC"
"79717","ENSG00000127125","PPCS"
"58510","ENSG00000250799","PRODH2"
"153201","ENSG00000186335","SLC36A2"
"5634","ENSG00000101911","PRPS2"
"5631","ENSG00000147224","PRPS1"
"221823","ENSG00000229937","PRPS1L1"
"29968","ENSG00000135069","PSAT1"
"5723","ENSG00000146733","PSPH"
"55312","ENSG00000135002","RFK"
"6888","ENSG00000177156","TALDO1"
"79896","ENSG00000185875","THNSL1"
"84076","ENSG00000151005","TKTL2"
"7086","ENSG00000163931","TKT"
"8277","ENSG00000007350","TKTL1"
"27010","ENSG00000196511","TPK1"
"7167","ENSG00000111669","TPI1"
"286016","ENSG00000230359","TPI1P2"
"2582","ENSG00000117308","GALE"
"6675","ENSG00000117143","UAP1"
"91373","ENSG00000197355","UAP1L1"
"7390","ENSG00000188690","UROS"
"8170","ENSG00000132874","SLC14A2"
"6563","ENSG00000141469","SLC14A1"
"374569","ENSG00000166183","ASPG"
"100507855","ENSG00000162433","AK4"
"55191","ENSG00000172890","NADSYN1"
"132","ENSG00000156110","ADK"
"97","ENSG00000119640","ACYP1"
"98","ENSG00000170634","ACYP2"
"112611","ENSG00000013392","RWDD2A"
"51005","ENSG00000162066","AMDHD2"
"471","ENSG00000138363","ATIC"
"435","ENSG00000126522","ASL"
"171425","ENSG00000125246","CLYBL"
"10007","ENSG00000113552","GNPDA1"
"132789","ENSG00000163281","GNPDA2"
"2584","ENSG00000108479","GALK1"
"2585","ENSG00000156958","GALK2"
"2592","ENSG00000213930","GALT"
"5471","ENSG00000128059","PPAT"
"84264","ENSG00000103253","HAGHL"
"3034","ENSG00000084110","HAL"
"144193","ENSG00000139344","AMDHD1"
"2739","ENSG00000124767","GLO1"
"3613","ENSG00000141401","IMPA2"
"3612","ENSG00000133731","IMPA1"
"8776","ENSG00000063601","MTMR1"
"2978","ENSG00000048545","GUCA1A"
"4953","ENSG00000115758","ODC1"
"5214","ENSG00000067057","PFKP"
"5213","ENSG00000152556","PFKM"
"6569","ENSG00000131183","SLC34A1"
"10050","ENSG00000146039","SLC17A4"
"10568","ENSG00000157765","SLC34A2"
"10786","ENSG00000124564","SLC17A3"
"10246","ENSG00000112337","SLC17A2"
"5198","ENSG00000178921","PFAS"
"113675","ENSG00000139410","SDSL"
"7298","ENSG00000176890","TYMS"
"131669","ENSG00000159650","UROC1"
"5973","ENSG00000102032","RENBP"
"1635","ENSG00000129187","DCTD"
"286297","ENSG00000184906","LOC286297"
"10560","ENSG00000117479","SLC19A2"
"191","ENSG00000101444","AHCY"
"10768","ENSG00000168710","AHCYL1"
"25874","ENSG00000143158","MPC2"
"51660","ENSG00000060762","MPC1"
"57198","ENSG00000143515","ATP8B2"
"5205","ENSG00000081923","ATP8B1"
"23250","ENSG00000068650","ATP11A"
"286410","ENSG00000101974","ATP11C"
"5243","ENSG00000085563","ABCB1"
"55856","ENSG00000112304","ACOT13"
"7350","ENSG00000109424","UCP1"
"26027","ENSG00000162390","ACOT11"
"10058","ENSG00000115657","ABCB6"
"51458","ENSG00000140519","RHCG"
"948","ENSG00000135218","CD36"
"10928","ENSG00000017797","RALBP1"
"1728","ENSG00000181019","NQO1"
"2946","ENSG00000213366","GSTM2"
"125981","ENSG00000167769","ACER1"
"55331","ENSG00000078124","ACER3"
"340485","ENSG00000177076","ACER2"
"2760","ENSG00000196743","GM2A"
"5660","ENSG00000197746","PSAP"
"57704","ENSG00000070610","GBA2"
"4759","ENSG00000115488","NEU2"
"10825","ENSG00000162139","NEU3"
"7903","ENSG00000113532","ST8SIA4"
"5407","ENSG00000187021","PNLIPRP1"
"119548","ENSG00000203837","PNLIPRP3"
"5408","ENSG00000266200","PNLIPRP2"
"221955","ENSG00000164535","DAGLB"
"9388","ENSG00000101670","LIPG"
"13","ENSG00000114771","AADAC"
"57104","ENSG00000177666","PNPLA2"
"3991","ENSG00000079435","LIPE"
"747","ENSG00000134780","DAGLA"
"8513","ENSG00000182333","LIPF"
"5406","ENSG00000175535","PNLIP"
"2170","ENSG00000121769","FABP3"
"2171","ENSG00000164687","FABP5"
"2167","ENSG00000170323","FABP4"
"2172","ENSG00000170231","FABP6"
"646480","ENSG00000205186","FABP9"
"2173","ENSG00000164434","FABP7"
"646486","ENSG00000197416","FABP12"
"2169","ENSG00000145384","FABP2"
"6296","ENSG00000005187","ACSM3"
"341392","ENSG00000215009","ACSM4"
"54988","ENSG00000183549","ACSM5"
"123876","ENSG00000183747","ACSM2A"
"348158","ENSG00000066813","ACSM2B"
"344967","ENSG00000205794","LOC344967"
"154141","ENSG00000172197","MBOAT1"
"51099","ENSG00000011198","ABHD5"
"253558","ENSG00000172954","LCLAT1"
"84513","ENSG00000147535","PLPP5"
"64748","ENSG00000105520","PLPPR2"
"9890","ENSG00000117600","PLPPR4"
"9663","ENSG00000101577","LPIN2"
"196051","ENSG00000203805","PLPP4"
"79948","ENSG00000129951","PLPPR3"
"23175","ENSG00000134324","LPIN1"
"64900","ENSG00000132793","LPIN3"
"85465","ENSG00000138018","EPT1"
"122618","ENSG00000166428","PLD4"
"201164","ENSG00000179598","PLD6"
"23646","ENSG00000105223","PLD3"
"590","ENSG00000114200","BCHE"
"91012","ENSG00000139624","CERS5"
"204219","ENSG00000154227","CERS3"
"10715","ENSG00000223802","CERS1"
"253782","ENSG00000172292","CERS6"
"29956","ENSG00000143418","CERS2"
"79603","ENSG00000090661","CERS4"
"56624","ENSG00000188611","ASAH2"
"55757","ENSG00000102595","UGGT2"
"145173","ENSG00000187676","B3GLCT"
"644974","ENSG00000251287","ALG1L2"
"56886","ENSG00000136731","UGGT1"
"152586","ENSG00000205301","MGAT4D"
"55830","ENSG00000016864","GLT8D1"
"170384","ENSG00000196968","FUT11"
"283358","ENSG00000139044","B4GALNT3"
"148789","ENSG00000162885","B3GALNT2"
"2526","ENSG00000196371","FUT4"
"84750","ENSG00000172728","FUT10"
"644378","ENSG00000205318","GCNT6"
"55624","ENSG00000085998","POMGNT1"
"83468","ENSG00000120820","GLT8D2"
"168391","ENSG00000106648","GALNTL5"
"338707","ENSG00000182272","B4GALNT4"
"146664","ENSG00000167889","MGAT5B"
"360203","ENSG00000204007","GLT6D1"
"56983","ENSG00000163389","POGLUT1"
"3703","ENSG00000134910","STT3A"
"124872","ENSG00000167080","B4GALNT2"
"8473","ENSG00000147162","OGT"
"8708","ENSG00000172318","B3GALT1"
"2529","ENSG00000180549","FUT7"
"8702","ENSG00000121578","B4GALT4"
"8707","ENSG00000162630","B3GALT2"
"200810","ENSG00000189366","ALG1L"
"84752","ENSG00000237172","B3GNT9"
"201595","ENSG00000163527","STT3B"
"140687","ENSG00000124091","GCNT7"
"51228","ENSG00000139433","GLTP"
"284004","ENSG00000169660","HEXDC"
"79411","ENSG00000163521","GLB1L"
"27090","ENSG00000136840","ST6GALNAC4"
"129807","ENSG00000204099","NEU4"
"2524","ENSG00000176920","FUT2"
"2528","ENSG00000156413","FUT6"
"2527","ENSG00000130383","FUT5"
"113612","ENSG00000155016","CYP2U1"
"493869","ENSG00000164294","GPX8"
"64180","ENSG00000141096","DPEP3"
"64174","ENSG00000167261","DPEP2"
"10728","ENSG00000110958","PTGES3"
"11102","ENSG00000163684","RPP14"
"91179","ENSG00000244486","SCARF2"
"10826","ENSG00000170271","FAXDC2"
"266740","ENSG00000183305","MAGEA2B"
"3930","ENSG00000143815","LBR"
"4645","ENSG00000167306","MYO5B"
"3069","ENSG00000115677","HDLBP"
"4864","ENSG00000141458","NPC1"
"285440","ENSG00000145476","CYP4V2"
"79644","ENSG00000128039","SRD5A3"
"1646","ENSG00000151632","AKR1C2"
"51170","ENSG00000198189","HSD17B11"
"51144","ENSG00000149084","HSD17B12"
"8630","ENSG00000025423","HSD17B6"
"158160","ENSG00000099251","HSD17B7P2"
"83401","ENSG00000119915","ELOVL3"
"64834","ENSG00000066322","ELOVL1"
"79993","ENSG00000164181","ELOVL7"
"401494","ENSG00000188921","HACD4"
"192286","ENSG00000146066","HIGD2A"
"201562","ENSG00000206527","HACD2"
"9200","ENSG00000165996","HACD1"
"51495","ENSG00000074696","HACD3"
"253017","ENSG00000205678","TECRL"
"9524","ENSG00000099797","TECR"
"283985","ENSG00000172782","FADS6"
"3995","ENSG00000221968","FADS3"
"1155","ENSG00000105254","TBCB"
"114571","ENSG00000149742","SLC22A9"
"123096","ENSG00000197119","SLC25A29"
"57016","ENSG00000198074","AKR1B10"
"55277","ENSG00000172456","FGGY"
"79707","ENSG00000162408","NOL9"
"64122","ENSG00000167363","FN3K"
"9917","ENSG00000116199","FAM20B"
"79672","ENSG00000141560","FN3KRP"
"92370","ENSG00000155893","PXYLP1"
"390928","ENSG00000183760","ACP7"
"93650","ENSG00000142513","ACPT"
"139596","ENSG00000094841","UPRT"
"55066","ENSG00000090857","PDPR"
"283208","ENSG00000149380","P4HA3"
"5033","ENSG00000122884","P4HA1"
"8974","ENSG00000072682","P4HA2"
"58478","ENSG00000145293","ENOPH1"
"55256","ENSG00000182551","ADI1"
"259307","ENSG00000104951","IL4I1"
"81894","ENSG00000155287","SLC25A28"
"51312","ENSG00000147454","SLC25A37"
"138639","ENSG00000158079","PTPDC1"
"23203","ENSG00000165688","PMPCA"
"9896","ENSG00000112367","FIG4"
"374462","ENSG00000139304","PTPRQ"
"163404","ENSG00000117598","PLPPR5"
"22908","ENSG00000211456","SACM1L"
"22876","ENSG00000198825","INPP5F"
"84814","ENSG00000160539","PLPP7"
"51559","ENSG00000111696","NT5DC3"
"29085","ENSG00000054148","PHPT1"
"64419","ENSG00000163719","MTMR14"
"145553","ENSG00000213920","MDP1"
"51496","ENSG00000137770","CTDSPL2"
"8446","ENSG00000144048","DUSP11"
"9107","ENSG00000139505","MTMR6"
"23371","ENSG00000111077","TNS2"
"9108","ENSG00000003987","MTMR7"
"55613","ENSG00000102043","MTMR8"
"403313","ENSG00000205808","PLPP6"
"9562","ENSG00000107789","MINPP1"
"3705","ENSG00000100605","ITPK1"
"138429","ENSG00000167103","PIP5KL1"
"10170","ENSG00000073737","DHRS9"
"9249","ENSG00000162496","DHRS3"
"220074","ENSG00000184154","LRTOMT"
"1733","ENSG00000211452","DIO1"
"1735","ENSG00000197406","DIO3"
"1734","ENSG00000211448","DIO2"
"6819","ENSG00000198203","SULT1C2"
"27284","ENSG00000173597","SULT1B1"
"84274","ENSG00000110871","COQ5"
"4297","ENSG00000118058","KMT2A"
"55904","ENSG00000005483","KMT2E"
"55870","ENSG00000116539","ASH1L"
"79723","ENSG00000152455","SUV39H2"
"79813","ENSG00000181090","EHMT1"
"387893","ENSG00000183955","KMT5A"
"8085","ENSG00000167548","KMT2D"
"58508","ENSG00000055609","KMT2C"
"9869","ENSG00000143379","SETDB1"
"9757","ENSG00000272333","KMT2B"
"80854","ENSG00000145391","SETD7"
"9739","ENSG00000099381","SETD1A"
"64754","ENSG00000185420","SMYD3"
"84444","ENSG00000104885","DOT1L"
"10919","ENSG00000204371","EHMT2"
"64324","ENSG00000165671","NSD1"
"23067","ENSG00000139718","SETD1B"
"6839","ENSG00000101945","SUV39H1"
"83852","ENSG00000136169","SETDB2"
"54904","ENSG00000147548","WHSC1L1"
"84787","ENSG00000133247","KMT5C"
"29072","ENSG00000181555","SETD2"
"7468","ENSG00000109685","WHSC1"
"51111","ENSG00000110066","KMT5B"
"6419","ENSG00000170364","SETMAR"
"90701","ENSG00000166562","SEC11C"
"9789","ENSG00000118363","SPCS2"
"23478","ENSG00000140612","SEC11A"
"28972","ENSG00000114902","SPCS1"
"60559","ENSG00000129128","SPCS3"
"57171","ENSG00000167130","DOLPP1"
"4249","ENSG00000152127","MGAT5"
"25834","ENSG00000182050","MGAT4C"
"137902","ENSG00000147485","PXDNL"
"7837","ENSG00000130508","PXDN"
"9677","ENSG00000168781","PPIP5K1"
"23262","ENSG00000145725","PPIP5K2"
"26007","ENSG00000149476","TKFC"
"158584","ENSG00000165591","FAAH2"
"283209","ENSG00000165434","PGM2L1"
"23491","ENSG00000172828","CES3"
"221223","ENSG00000159398","CES5A"
"1208","ENSG00000137392","CLPS"
"55244","ENSG00000142494","SLC47A1"
"146802","ENSG00000180638","SLC47A2"
"345274","ENSG00000145283","SLC10A6"
"116085","ENSG00000197891","SLC22A12"
"123688","ENSG00000188266","HYKK"
"56898","ENSG00000164039","BDH2"
"51171","ENSG00000087076","HSD17B14"
"84869","ENSG00000145439","CBR4"
"51741","ENSG00000186153","WWOX"
"10202","ENSG00000100867","DHRS2"
"1487","ENSG00000159692","CTBP1"
"93517","ENSG00000184860","SDR42E1"
"121214","ENSG00000170426","SDR9C7"
"10553","ENSG00000109854","HTATIP2"
"100288072","ENSG00000183921","SDR42E2"
"374875","ENSG00000167733","HSD11B1L"
"441282","ENSG00000227471","AKR1B15"
"340811","ENSG00000264006","AKR1C8P"
"133121","ENSG00000164303","ENPP6"
"85007","ENSG00000175309","PHYKPL"
"250","ENSG00000163283","ALPP"
"251","ENSG00000163286","ALPPL2"
"123264","ENSG00000186198","SLC51B"
"200931","ENSG00000163959","SLC51A"
"10941","ENSG00000173610","UGT2A1"
"79799","ENSG00000135220","UGT2A3"
"10476","ENSG00000167863","ATP5H"
"518","ENSG00000154518","ATP5G3"
"498","ENSG00000152234","ATP5A1"
"516","ENSG00000159199","ATP5G1"
"522","ENSG00000154723","ATP5J"
"515","ENSG00000116459","ATP5F1"
"9551","ENSG00000241468","ATP5J2"
"27109","ENSG00000125375","ATP5S"
"267020","ENSG00000249222","ATP5L2"
"509","ENSG00000165629","ATP5C1"
"513","ENSG00000099624","ATP5D"
"514","ENSG00000124172","ATP5E"
"517","ENSG00000135390","ATP5G2"
"521","ENSG00000169020","ATP5I"
"10632","ENSG00000167283","ATP5L"
"506","ENSG00000110955","ATP5B"
"539","ENSG00000241837","ATP5O"
"29796","ENSG00000184076","UQCR10"
"4519","ENSG00000198727","MT-CYB"
"1537","ENSG00000179091","CYC1"
"7381","ENSG00000156467","UQCRB"
"10975","ENSG00000127540","UQCR11"
"27089","ENSG00000164405","UQCRQ"
"7384","ENSG00000010256","UQCRC1"
"7386","ENSG00000169021","UQCRFS1"
"7388","ENSG00000173660","UQCRH"
"7385","ENSG00000140740","UQCRC2"
"9481","ENSG00000153291","SLC25A27"
"9016","ENSG00000102078","SLC25A14"
"7351","ENSG00000175567","UCP2"
"7352","ENSG00000175564","UCP3"
"4535","ENSG00000198888","MT-ND1"
"4540","ENSG00000198786","MT-ND5"
"4541","ENSG00000198695","MT-ND6"
"4729","ENSG00000178127","NDUFV2"
"126328","ENSG00000174886","NDUFA11"
"4717","ENSG00000109390","NDUFC1"
"4719","ENSG00000023228","NDUFS1"
"7991","ENSG00000104723","TUSC3"
"4539","ENSG00000212907","MT-ND4L"
"4707","ENSG00000183648","NDUFB1"
"4705","ENSG00000130414","NDUFA10"
"4536","ENSG00000198763","MT-ND2"
"4713","ENSG00000099795","NDUFB7"
"4538","ENSG00000198886","MT-ND4"
"4731","ENSG00000160194","NDUFV3"
"4695","ENSG00000131495","NDUFA2"
"4708","ENSG00000090266","NDUFB2"
"4711","ENSG00000136521","NDUFB5"
"4723","ENSG00000167792","NDUFV1"
"4706","ENSG00000004779","NDUFAB1"
"4701","ENSG00000267855","NDUFA7"
"4724","ENSG00000164258","NDUFS4"
"4718","ENSG00000151366","NDUFC2"
"4698","ENSG00000128609","NDUFA5"
"4537","ENSG00000198840","MT-ND3"
"55967","ENSG00000184752","NDUFA12"
"4728","ENSG00000110717","NDUFS8"
"4715","ENSG00000147684","NDUFB9"
"51079","ENSG00000186010","NDUFA13"
"54539","ENSG00000147123","NDUFB11"
"4714","ENSG00000166136","NDUFB8"
"4720","ENSG00000158864","NDUFS2"
"4712","ENSG00000165264","NDUFB6"
"4722","ENSG00000213619","NDUFS3"
"4704","ENSG00000139180","NDUFA9"
"4694","ENSG00000125356","NDUFA1"
"4702","ENSG00000119421","NDUFA8"
"4709","ENSG00000119013","NDUFB3"
"4725","ENSG00000168653","NDUFS5"
"4710","ENSG00000065518","NDUFB4"
"4697","ENSG00000189043","NDUFA4"
"4726","ENSG00000145494","NDUFS6"
"4716","ENSG00000140990","NDUFB10"
"374291","ENSG00000115286","NDUFS7"
"1345","ENSG00000164919","COX6C"
"1340","ENSG00000126267","COX6B1"
"1329","ENSG00000135940","COX5B"
"4514","ENSG00000198938","MT-CO3"
"4513","ENSG00000198712","MT-CO2"
"1327","ENSG00000131143","COX4I1"
"1351","ENSG00000176340","COX8A"
"1349","ENSG00000131174","COX7B"
"1346","ENSG00000161281","COX7A1"
"1347","ENSG00000112695","COX7A2"
"9377","ENSG00000178741","COX5A"
"1337","ENSG00000111775","COX6A1"
"4512","ENSG00000198804","MT-CO1"
"1350","ENSG00000127184","COX7C"
"9167","ENSG00000115944","COX7A2L"
"125965","ENSG00000160471","COX6B2"
"1339","ENSG00000156885","COX6A2"
"170712","ENSG00000170516","COX7B2"
"84701","ENSG00000131055","COX4I2"
"4363","ENSG00000103222","ABCC1"
"146712","ENSG00000175711","B3GNTL1"
"10554","ENSG00000204310","AGPAT1"
"240","ENSG00000012779","ALOX5"
"534","ENSG00000213760","ATP6V1G2"
"8705","ENSG00000235863","B3GALT4"
"570","ENSG00000136881","BAAT"
"622","ENSG00000161267","BDH1"
"57818","ENSG00000152254","G6PC2"
"8647","ENSG00000073734","ABCB11"
"124935","ENSG00000167703","SLC43A2"
"6531","ENSG00000142319","SLC6A3"
"11000","ENSG00000143554","SLC27A3"
"4758","ENSG00000204386","NEU1"
"2618","ENSG00000159131","GART"
"2629","ENSG00000177628","GBA"
"7264","ENSG00000104522","TSTA3"
"284098","ENSG00000277161","PIGW"
"3163","ENSG00000103415","HMOX2"
"7923","ENSG00000204228","HSD17B8"
"10723","ENSG00000113504","SLC12A7"
"201288","ENSG00000167494","NOS2P2"
"645740","ENSG00000265788","NOS2P1"
"1589","ENSG00000231852","CYP21A2"
"9651","ENSG00000149527","PLCH2"
"8396","ENSG00000276293","PIP4K2B"
"8399","ENSG00000069764","PLA2G10"
"64711","ENSG00000162040","HS3ST6"
"7366","ENSG00000196620","UGT2B15"
"9374","ENSG00000221988","PPT2"
"93100","ENSG00000147813","NAPRT"
"55229","ENSG00000157881","PANK4"
"26063","ENSG00000242612","DECR2"
"2880","ENSG00000224586","GPX5"
"65263","ENSG00000104524","PYCRL"
"8781","ENSG00000226278","PSPHP1"
"31","ENSG00000278540","ACACA"
"55750","ENSG00000006530","AGK"
"8644","ENSG00000196139","AKR1C3"
"1066","ENSG00000198848","CES1"
"5446","ENSG00000105852","PON3"
"4905","ENSG00000073969","NSF"
"4700","ENSG00000184983","NDUFA6"
"4696","ENSG00000170906","NDUFA3"
"341947","ENSG00000187581","COX8C"
