"","GSM2579316","GSM2579320","GSM2579324","GSM2579328","GSM2579332","GSM2579336","GSM2579317","GSM2579321","GSM2579325","GSM2579329","GSM2579333","GSM2579337"
"26",0,0,0,0,1,0,0,0,0,0,0,0
"314",0,1,0,0,1,0,0,1,0,0,0,0
"8639",0,0,0,0,0,1,0,1,0,0,0,0
"1591",1,1,0,1,1,1,1,0,0,0,0,0
"1594",1,0,0,0,1,1,0,0,0,0,0,1
"10993",0,0,0,0,0,1,0,0,0,0,0,0
"6818",1,1,1,1,1,1,1,1,1,1,1,1
"89874",0,0,1,0,1,1,0,0,0,0,0,0
"55293",0,0,0,0,0,0,1,1,1,1,1,1
"3945",1,1,1,1,1,1,1,1,1,1,1,1
"92483",0,0,0,0,0,0,0,0,0,1,0,0
"160287",0,1,1,0,0,0,1,1,1,0,0,1
"3948",0,0,0,1,0,0,0,0,0,1,0,0
"3939",1,1,1,1,1,1,1,1,1,1,1,1
"134526",0,0,0,0,0,0,0,0,0,0,1,0
"51",0,1,1,1,1,0,0,1,1,0,0,0
"95",0,0,1,0,1,0,1,0,0,1,1,1
"50",1,1,1,1,1,1,1,0,1,1,1,1
"48",1,0,1,0,1,1,1,1,1,0,0,1
"8309",1,1,1,1,1,1,1,1,1,1,1,1
"52",1,1,1,1,1,1,1,1,1,1,1,1
"55",1,1,1,1,1,1,1,1,1,1,1,1
"788",0,1,0,1,1,0,1,1,1,1,1,1
"9194",1,1,1,1,1,0,1,0,1,0,0,0
"55902",1,1,1,0,1,1,1,0,1,0,0,0
"9123",1,0,0,0,0,1,0,0,1,1,1,1
"6566",0,1,0,1,1,0,0,1,0,1,1,0
"57835",0,1,0,1,0,1,0,0,0,0,0,1
"65985",0,1,1,0,1,0,1,0,0,1,0,1
"8671",0,0,0,1,0,0,1,1,0,1,0,0
"438",0,0,0,1,1,0,1,0,0,0,1,0
"1571",1,1,0,1,0,0,1,0,0,0,1,1
"4967",1,1,1,1,1,1,1,1,1,1,1,1
"100",1,1,1,1,1,1,1,1,1,1,1,1
"8050",1,1,1,1,0,1,0,1,1,1,1,0
"1738",1,1,1,1,1,1,1,1,1,1,1,1
"3177",1,1,0,0,1,0,1,1,0,0,0,0
"1743",0,1,1,0,0,0,1,1,1,0,1,0
"126",1,1,1,1,1,1,1,1,1,1,1,1
"205",1,0,0,0,0,0,1,0,0,1,0,0
"128",1,1,1,1,1,1,1,1,1,0,1,1
"204",1,1,1,1,1,1,1,1,1,1,1,1
"130",0,0,0,0,0,0,1,0,0,0,0,1
"127",0,0,1,0,1,0,0,0,0,0,0,0
"131",1,1,1,1,1,1,1,1,1,1,1,1
"124",1,1,1,1,1,1,1,1,1,1,1,1
"125",1,1,1,1,1,1,1,1,1,1,1,1
"26289",1,1,1,1,1,0,1,1,0,0,0,0
"137872",0,1,1,0,1,0,1,0,1,0,1,1
"1312",1,1,1,1,1,1,1,1,1,1,1,1
"50808",1,1,1,1,0,1,1,1,1,1,0,1
"262",1,1,1,1,1,1,1,1,1,1,1,1
"117247",0,0,1,1,1,1,0,1,0,0,1,0
"222",1,1,1,1,1,1,1,1,1,1,1,1
"113",1,1,0,1,1,1,0,1,1,0,0,0
"218",1,1,1,1,1,1,1,1,1,1,1,1
"108",0,0,0,0,0,0,0,0,1,0,0,0
"220",1,1,1,1,1,1,1,1,1,1,1,1
"221",0,0,0,0,0,0,0,0,1,1,0,0
"114",1,0,0,0,0,0,0,0,0,0,0,0
"111",0,0,0,1,1,0,0,0,0,0,0,0
"3242",0,1,1,1,0,0,0,0,0,1,1,1
"115",1,0,1,0,0,0,1,0,1,1,0,1
"18",0,0,0,1,0,1,0,0,0,1,0,1
"109",1,1,0,1,0,1,0,0,0,0,1,1
"55811",1,0,0,0,0,0,0,0,0,0,0,0
"196883",1,1,1,0,0,1,0,1,1,0,1,0
"2531",1,0,1,0,0,0,0,1,0,1,1,1
"107",0,1,0,0,0,0,0,0,0,0,1,0
"23498",0,0,1,0,0,0,0,0,1,0,0,0
"112",1,1,1,1,1,1,1,1,1,1,1,1
"55268",1,0,0,1,0,1,0,0,1,0,1,1
"51166",1,1,1,1,1,1,1,1,1,1,1,1
"2030",1,0,1,0,1,0,1,1,0,1,0,1
"883",0,1,1,0,1,1,0,1,0,0,1,0
"1644",1,1,1,1,1,1,1,1,1,1,1,1
"4129",1,1,1,1,1,1,1,1,1,1,1,1
"9154",1,1,1,1,1,1,1,1,1,1,1,1
"64078",0,0,0,0,0,0,0,0,0,1,1,0
"4128",0,0,0,0,1,0,0,0,0,0,0,0
"9153",0,1,0,1,0,0,1,0,0,1,0,0
"10165",1,1,0,1,1,1,0,1,0,0,1,1
"55315",1,1,0,0,0,0,1,0,1,1,1,0
"8604",0,1,0,1,1,1,1,0,0,1,1,0
"245972",1,1,1,1,1,1,1,1,1,1,1,1
"2572",1,1,1,1,1,1,1,1,1,1,1,1
"9114",1,1,1,1,1,1,1,1,1,1,1,1
"11164",1,1,1,1,1,1,1,1,1,1,1,1
"2571",0,0,0,1,0,1,0,0,0,0,0,0
"952",0,1,1,1,0,1,1,0,1,0,0,1
"51380",0,1,1,1,0,1,0,0,0,1,0,1
"1375",0,0,1,0,1,1,0,0,1,1,1,0
"533",1,1,1,1,1,1,1,1,1,1,1,1
"2805",1,1,1,1,1,1,1,0,1,1,1,0
"50617",0,0,0,0,1,1,1,0,0,0,0,0
"1374",1,1,0,1,0,0,1,1,1,1,0,0
"2806",1,1,1,1,1,1,1,1,1,1,1,1
"8659",0,1,0,0,0,1,1,1,0,0,1,1
"126129",0,1,0,1,0,0,0,0,0,0,0,1
"10312",1,1,1,1,1,1,1,1,1,1,1,1
"6817",0,1,0,1,1,1,1,0,1,0,0,1
"535",0,1,1,1,1,1,0,0,1,1,0,1
"127124",0,0,0,0,0,0,0,0,0,0,0,1
"523",0,1,0,0,1,1,0,1,1,0,0,1
"1376",0,0,0,1,1,0,1,1,1,0,1,0
"6799",0,1,0,1,1,0,0,0,1,0,0,1
"9060",0,1,1,0,1,1,0,0,0,1,0,1
"8992",1,1,1,1,1,1,1,1,1,1,1,1
"9061",1,1,1,1,0,1,1,1,1,1,1,1
"158",1,1,1,1,1,1,0,0,0,0,0,0
"9550",1,1,1,1,1,1,1,1,1,1,1,1
"4363",1,1,1,1,1,1,0,1,0,1,1,1
"529",1,1,1,1,1,1,1,1,1,1,1,1
"6822",1,1,1,1,1,1,1,1,1,1,1,1
"6573",1,1,0,1,1,1,0,0,1,0,1,1
"146712",0,0,0,0,1,1,0,1,0,1,1,1
"528",1,0,1,1,0,0,1,1,0,0,0,1
"316",1,1,1,1,1,1,1,1,1,1,1,1
"10678",1,1,1,1,1,1,1,1,1,1,1,1
"6571",0,0,1,0,0,0,0,1,1,0,0,0
"6570",1,1,1,1,1,1,1,1,1,1,1,1
"10331",0,0,0,0,1,0,0,0,1,0,1,0
"51382",0,1,1,1,1,1,1,1,1,1,1,1
"2348",1,1,1,1,1,1,1,1,1,1,1,1
"90423",1,0,0,1,1,1,1,1,0,1,1,0
"534",0,0,0,1,0,1,0,0,0,1,1,1
"374907",1,0,1,0,0,0,1,0,1,1,1,1
"2352",0,0,0,0,0,0,0,0,1,0,0,1
"51606",1,1,1,1,1,1,1,1,1,1,1,1
"11041",1,1,0,0,1,0,1,0,0,0,1,0
"93010",0,0,0,0,0,0,0,0,1,0,1,0
"9296",1,1,1,1,1,1,1,1,1,1,1,1
"79369",1,1,0,1,0,0,0,0,0,0,0,1
"4125",1,1,1,1,1,1,1,1,1,1,0,1
"954",1,0,1,0,0,0,0,0,0,1,0,0
"79814",1,1,1,1,1,1,1,0,0,0,0,0
"53947",0,0,0,0,1,0,0,0,0,0,0,0
"51146",1,1,1,1,1,1,1,1,1,1,1,1
"28",1,1,1,0,1,0,1,0,1,0,1,0
"953",0,0,0,0,1,1,1,0,1,0,1,1
"206358",0,0,0,0,1,0,1,0,1,1,0,1
"957",1,1,0,1,0,0,1,1,1,0,1,1
"56895",0,0,0,0,1,1,0,1,1,1,1,1
"6540",1,1,1,1,1,1,1,1,1,1,1,1
"137964",1,0,1,1,0,1,1,1,0,1,1,0
"129642",0,0,1,1,0,1,0,0,0,0,1,0
"956",0,0,0,0,0,0,0,0,1,0,0,0
"955",1,1,1,1,1,1,0,1,0,0,1,0
"6539",0,0,0,0,1,0,0,0,0,0,0,0
"56894",0,1,0,1,0,1,0,0,0,1,0,1
"10555",1,1,1,1,1,1,1,1,1,1,1,1
"55326",1,0,0,1,1,1,1,0,0,1,0,0
"10554",0,0,0,0,0,1,1,1,1,1,0,1
"6529",1,1,1,1,1,1,1,1,1,1,1,1
"6538",1,1,1,1,1,1,1,1,1,1,1,1
"10449",1,1,0,0,0,0,1,1,1,1,1,1
"38",1,0,0,0,1,1,1,1,0,1,0,0
"64850",1,1,1,1,1,1,1,1,1,1,1,1
"377841",0,0,0,0,0,0,0,0,0,0,0,1
"3032",1,1,1,1,1,1,1,1,1,1,1,1
"292",1,1,1,1,1,1,1,1,1,1,1,1
"293",1,1,1,1,1,1,1,1,1,1,1,1
"64902",1,1,1,1,1,1,1,1,1,1,1,1
"3030",1,1,1,1,1,1,1,1,1,1,1,1
"189",0,0,0,0,0,1,1,0,0,0,0,0
"291",0,0,0,0,0,1,0,1,1,1,1,0
"39",1,1,1,1,1,1,1,1,1,1,1,1
"30",1,1,1,1,1,0,1,1,1,1,1,1
"32",1,1,0,1,1,1,1,1,0,1,0,0
"9197",1,1,0,0,0,1,0,1,1,1,1,1
"4126",1,0,1,0,1,0,0,1,1,0,1,0
"3073",0,1,0,0,1,0,0,0,1,1,1,0
"3074",1,1,1,1,1,1,1,1,1,1,1,1
"79611",0,0,1,0,0,0,0,0,0,0,0,0
"10606",1,1,1,1,0,1,0,0,0,0,1,0
"8706",0,0,0,1,0,0,0,0,0,0,0,1
"84532",0,1,0,1,1,1,1,1,1,1,1,0
"64841",1,1,0,0,0,1,0,1,1,0,1,0
"55577",0,1,1,0,1,1,0,0,1,0,1,0
"5238",1,0,0,1,1,1,0,0,1,0,1,0
"8705",1,1,1,0,1,1,1,1,1,0,1,1
"9487",1,0,1,0,1,1,1,0,0,1,0,0
"10317",0,0,1,0,1,0,0,0,0,0,0,0
"162417",1,0,1,1,0,0,1,1,1,0,1,0
"43",0,0,0,0,0,1,0,0,0,0,0,0
"6572",1,1,1,1,1,1,1,1,1,1,1,1
"84002",0,0,0,0,1,1,1,0,0,1,0,1
"47",1,1,1,1,1,1,1,1,1,1,1,1
"570",0,0,0,0,1,0,1,0,0,0,0,1
"3141",1,1,1,0,0,1,1,1,0,0,0,1
"54187",0,1,1,1,1,0,1,0,0,1,0,0
"140679",0,0,0,1,0,0,0,0,1,0,0,0
"26503",1,1,0,1,0,1,1,0,1,1,1,1
"54",1,1,1,1,1,1,1,1,1,1,1,1
"8424",1,1,1,1,1,1,1,1,1,1,1,1
"51205",1,0,0,0,1,1,0,0,0,1,1,1
"53630",1,1,1,1,1,1,1,1,1,1,1,1
"140838",1,0,0,0,0,0,1,0,1,1,0,1
"622",1,1,0,1,1,1,0,0,1,0,1,1
"36",1,1,0,1,0,0,1,1,1,0,1,0
"34",1,1,1,1,0,0,1,1,1,1,0,1
"84129",1,0,0,0,0,1,0,0,0,0,1,0
"23743",1,1,1,1,1,1,1,1,1,1,1,1
"80724",1,0,0,0,1,1,0,1,1,0,1,0
"635",1,1,1,1,1,1,1,1,1,1,1,1
"27034",0,0,1,1,1,1,0,1,1,0,1,0
"10599",1,0,0,0,0,0,0,0,0,0,0,0
"28976",0,1,1,1,0,0,1,0,1,1,1,1
"1244",1,0,1,1,0,1,0,0,1,0,0,0
"35",1,1,1,1,1,1,1,1,1,1,1,1
"3712",0,0,1,0,1,1,0,1,1,0,1,1
"1607",1,1,1,1,1,1,1,1,1,1,1,1
"8714",0,0,0,0,0,0,0,0,1,0,0,0
"28234",1,1,1,1,1,1,1,1,1,1,1,1
"644",1,1,1,1,1,1,1,1,1,1,1,1
"1468",1,1,1,0,1,0,1,0,1,0,0,1
"8402",1,1,1,1,1,1,1,1,1,1,1,1
"64849",0,0,0,0,1,0,0,0,1,0,0,0
"645",1,0,1,0,0,1,1,1,1,1,1,0
"9488",1,0,0,1,1,0,1,1,1,1,0,1
"1610",1,1,1,1,1,1,1,1,1,1,1,1
"10380",0,1,0,1,1,0,0,0,1,0,1,0
"686",1,0,1,1,0,1,0,1,0,1,0,1
"1645",0,1,0,0,1,1,0,0,0,0,0,1
"2745",1,1,1,1,1,1,1,1,1,1,1,1
"1109",0,0,0,1,0,1,0,1,0,0,0,1
"8884",0,1,0,1,0,0,0,1,0,1,0,1
"80704",0,0,0,0,1,0,0,0,0,0,0,0
"51022",1,0,0,0,1,1,1,0,0,0,1,1
"51733",0,0,1,0,1,0,0,1,0,0,1,1
"7108",0,0,0,1,1,1,0,0,1,1,0,0
"6718",0,0,1,0,0,0,0,0,0,0,0,0
"8528",0,0,0,0,0,0,0,0,0,0,0,1
"6510",0,1,1,0,0,0,1,1,1,0,1,1
"50814",0,1,1,0,0,1,1,1,0,1,1,1
"3295",0,1,0,1,0,0,1,1,0,1,1,0
"6307",1,1,1,1,1,1,1,1,1,1,1,1
"6509",0,1,0,0,0,1,1,0,1,1,0,1
"1632",1,1,1,1,1,1,1,1,1,1,1,1
"56301",0,1,0,0,0,0,0,0,0,1,0,0
"492",1,1,1,1,1,1,1,1,1,1,1,1
"10455",1,1,1,0,1,1,1,1,0,0,0,0
"490",1,1,1,1,1,1,1,1,1,1,1,1
"6520",1,1,1,1,1,1,1,1,1,1,1,1
"1633",1,1,1,1,1,1,1,1,1,1,1,1
"211",1,1,1,1,1,1,1,1,1,1,1,1
"493",0,0,0,0,1,1,1,1,1,1,1,1
"6319",0,0,0,0,1,1,1,0,1,1,1,0
"9415",1,0,1,0,0,0,1,1,1,0,0,0
"491",0,0,0,0,0,0,0,0,0,0,1,1
"23464",1,1,1,0,1,1,0,1,1,0,0,0
"3992",1,0,1,0,1,1,1,0,1,0,0,1
"212",0,0,0,0,0,0,0,0,0,0,1,0
"8694",1,1,1,1,1,1,0,1,0,1,1,0
"847",1,1,1,1,1,1,1,1,1,1,1,1
"84649",1,0,0,0,0,0,0,0,0,0,0,0
"1716",1,1,1,1,1,1,1,1,1,1,1,1
"6546",0,0,0,0,0,0,0,0,1,0,0,0
"6547",0,0,0,0,0,0,0,0,0,0,1,0
"54407",1,1,1,1,1,1,1,1,1,1,1,1
"6541",1,0,0,1,1,1,0,1,1,0,1,1
"6543",1,1,1,1,1,1,1,1,1,1,1,1
"6515",1,1,1,1,1,1,1,1,1,1,1,1
"59272",0,0,0,0,0,0,0,0,1,0,0,0
"84889",1,1,1,1,1,1,1,1,1,1,1,1
"6517",1,0,0,0,0,0,0,1,0,0,0,0
"81539",1,1,1,1,1,1,1,1,1,1,1,1
"340024",0,0,0,0,0,0,0,0,0,0,1,0
"6513",1,1,1,1,1,1,1,1,1,1,1,1
"55089",1,0,0,0,1,1,1,0,0,0,0,0
"1718",1,1,0,0,0,1,1,1,1,0,0,1
"2538",1,1,1,1,1,1,1,1,1,1,1,1
"1581",1,1,1,1,1,1,1,1,1,1,1,1
"57818",1,1,1,1,1,1,1,1,1,1,1,1
"92579",0,1,0,1,0,0,1,1,0,0,0,0
"1373",0,1,0,0,0,1,0,0,0,0,0,1
"873",1,1,1,1,1,1,1,1,1,1,1,1
"11254",1,1,1,1,1,1,1,1,1,1,1,1
"57393",0,0,0,0,1,0,0,0,0,0,0,0
"6542",0,0,1,0,0,0,0,0,0,0,0,0
"84706",0,0,1,0,0,1,0,0,0,1,0,0
"1717",1,0,0,1,1,0,1,1,0,1,0,1
"2875",0,0,0,1,1,1,1,0,0,0,0,0
"8560",1,1,1,1,1,1,1,1,1,1,1,1
"10423",1,1,1,1,1,1,1,1,1,1,1,1
"123099",0,1,1,0,0,1,1,0,0,1,0,0
"92745",1,0,0,1,1,1,1,1,0,1,1,0
"10991",0,0,0,0,0,1,0,0,0,0,0,0
"1040",1,0,1,0,0,1,0,0,0,0,0,1
"11309",0,0,0,0,0,0,0,0,0,0,0,1
"8760",1,1,1,1,1,1,1,1,1,1,1,1
"284273",0,1,0,0,0,1,1,1,0,0,0,1
"6783",0,0,0,0,0,0,0,0,1,0,0,0
"1723",0,1,1,1,0,1,0,1,1,1,0,0
"10327",1,1,1,1,1,1,1,1,1,1,1,1
"10390",0,1,0,1,0,1,0,1,1,0,0,1
"56994",0,1,1,1,1,1,0,1,0,0,1,0
"1807",0,0,0,0,0,0,0,0,0,0,0,1
"64781",1,1,1,1,1,1,1,1,1,1,1,1
"1809",1,1,1,1,1,1,1,1,1,1,1,1
"8854",0,0,0,0,0,0,0,1,0,0,0,0
"1808",1,1,0,0,0,1,0,0,1,0,1,0
"10087",0,0,0,1,1,0,0,1,0,1,1,1
"23539",0,0,0,0,1,0,0,0,0,0,0,0
"6565",1,0,0,0,1,0,0,0,1,0,0,0
"9023",1,1,0,0,1,0,0,0,0,0,0,0
"224",1,1,0,1,0,1,0,0,1,0,1,0
"501",0,0,1,0,0,1,0,0,0,0,0,0
"2224",1,1,1,1,1,1,1,1,1,1,1,1
"1103",0,0,1,0,0,0,0,0,0,0,0,0
"29958",0,0,1,0,1,0,0,1,1,1,1,1
"60386",1,1,0,0,0,1,1,1,1,0,0,1
"223",1,1,1,1,1,1,1,1,1,1,1,1
"216",0,0,0,0,0,0,0,1,1,1,0,0
"162466",0,0,0,0,0,1,1,1,1,0,1,0
"84920",1,1,0,1,0,1,0,0,1,0,1,0
"5130",1,1,0,0,0,1,1,0,1,1,1,1
"9468",1,1,1,1,1,1,1,1,1,1,1,1
"6579",1,1,1,1,1,1,1,1,1,1,1,1
"217",0,0,0,0,0,1,1,1,1,0,1,0
"219",0,0,1,1,0,0,0,0,1,1,1,1
"79087",1,0,1,1,1,1,1,1,1,0,0,0
"239",1,1,1,0,0,0,1,1,1,1,0,0
"6555",1,1,1,1,1,1,1,1,1,1,1,1
"6554",1,0,0,1,1,0,0,0,0,1,1,0
"26002",1,1,1,1,1,1,1,1,1,1,1,1
"1621",1,0,0,0,0,1,0,0,0,0,0,0
"8647",0,0,1,1,0,0,0,0,0,1,0,0
"247",0,0,1,0,0,0,0,0,0,0,0,0
"7299",1,1,1,1,1,1,1,1,1,1,1,1
"55349",1,0,0,1,0,0,1,1,0,1,0,1
"6530",0,0,0,0,0,1,1,0,0,0,0,0
"246",0,0,0,1,0,1,0,0,1,0,0,0
"6531",0,1,0,1,1,0,0,0,0,0,0,0
"6581",0,0,0,0,1,0,0,0,0,0,1,1
"240",0,1,1,0,1,1,0,0,1,0,1,0
"231",1,1,1,1,1,1,1,1,1,1,1,1
"8574",1,1,1,1,1,1,1,1,1,1,1,1
"23600",0,1,0,1,0,0,0,0,1,0,1,1
"1119",0,1,0,1,1,0,0,1,1,0,0,0
"1120",0,0,0,1,0,0,1,0,1,1,1,1
"5224",1,1,1,1,1,1,1,1,1,1,1,1
"60482",0,0,0,0,0,0,0,0,1,0,0,0
"6582",0,0,1,0,0,0,0,0,0,0,1,0
"115286",1,1,1,1,0,0,1,0,0,1,0,0
"5223",1,1,1,1,1,1,1,1,1,1,1,1
"6584",1,1,0,1,1,1,0,1,1,0,0,1
"669",1,1,1,1,1,1,1,1,1,0,1,1
"271",0,1,0,1,0,1,0,0,1,1,1,1
"6820",1,1,0,0,1,1,0,0,1,0,1,0
"4597",1,1,1,1,0,1,1,1,1,0,1,1
"51071",1,1,1,1,1,1,1,1,1,1,0,1
"10948",1,1,1,1,1,1,1,1,1,1,1,1
"19",0,1,0,0,0,0,0,0,0,1,1,1
"272",0,0,0,0,1,1,0,1,1,1,0,0
"1806",1,1,1,1,1,1,1,1,1,1,1,1
"270",1,1,1,1,1,1,1,1,1,1,1,1
"7083",1,0,1,0,0,0,1,1,1,0,0,1
"290",0,0,0,1,0,0,0,0,1,1,0,0
"1118",0,0,0,0,0,0,0,0,0,0,1,0
"7084",1,1,1,0,0,0,1,0,1,0,1,1
"54682",0,0,0,0,0,1,0,0,0,1,1,0
"27159",0,0,0,0,0,0,0,0,0,0,0,1
"3704",1,1,1,1,1,1,1,1,1,1,1,1
"279",0,0,0,0,0,0,0,0,0,1,0,0
"277",1,1,1,1,1,1,1,1,1,1,1,1
"1854",1,1,1,1,1,1,1,1,1,1,1,1
"10682",1,1,1,1,1,1,1,1,1,1,1,1
"9058",0,0,0,0,0,0,1,0,0,0,0,0
"276",1,1,1,1,1,1,1,1,1,1,1,1
"278",1,1,1,1,1,1,1,1,1,1,1,1
"1892",1,1,1,1,1,1,1,1,1,1,1,1
"549",0,0,1,1,0,1,0,1,1,0,1,1
"11136",0,0,0,0,0,1,0,0,0,0,0,0
"6519",1,1,0,0,0,0,0,1,1,1,0,1
"1962",1,0,1,1,1,0,1,0,0,0,0,1
"280",0,1,1,1,0,1,0,0,0,0,1,1
"6576",1,1,1,1,1,1,1,1,1,1,1,1
"1891",1,1,1,1,1,1,1,1,1,1,1,1
"1160",0,0,0,0,0,1,0,1,1,1,0,0
"11001",1,0,0,0,1,0,1,1,1,1,1,0
"1159",1,1,1,1,1,1,1,1,1,1,1,1
"548596",1,1,1,1,1,1,1,1,1,1,1,1
"1152",0,0,0,1,0,1,1,1,1,1,0,0
"1158",0,0,0,0,0,1,0,0,0,0,0,1
"5172",0,0,0,0,1,0,0,0,0,0,0,0
"65010",0,0,0,1,1,1,1,1,1,0,1,1
"10998",0,1,0,1,0,0,0,1,1,1,0,1
"113451",1,1,0,0,0,0,1,1,0,1,1,0
"53919",1,1,1,1,1,1,1,1,1,1,1,1
"9057",1,1,0,1,1,1,0,0,0,1,1,1
"384",1,1,0,0,0,1,0,1,1,0,1,1
"28231",0,1,1,0,1,0,1,0,0,0,1,0
"54675",0,0,1,1,0,1,0,1,0,1,1,0
"10257",0,0,1,0,0,1,1,1,0,0,1,0
"10559",1,1,1,0,1,1,1,1,1,1,0,1
"445",1,0,0,0,0,0,0,0,0,0,0,0
"28232",0,1,1,0,0,0,0,1,0,1,0,1
"55907",1,1,1,1,1,1,1,1,1,1,1,1
"2108",1,1,1,1,1,1,1,1,1,1,1,1
"8034",1,0,1,0,0,1,1,1,0,1,0,1
"2109",0,1,0,0,0,0,0,1,0,1,1,0
"83884",0,0,0,0,0,1,0,0,0,0,0,1
"10166",0,1,0,1,0,0,0,1,0,0,1,1
"8824",1,0,0,0,1,1,1,1,0,0,1,1
"410",1,1,1,1,1,1,1,1,1,1,1,1
"2110",1,1,1,0,0,0,0,0,1,1,1,0
"51805",0,1,1,1,1,1,1,1,0,0,0,0
"55500",1,0,1,0,1,0,1,0,1,0,0,0
"427",1,0,1,0,1,0,1,0,1,0,0,0
"55224",0,1,1,0,1,0,1,1,0,0,0,0
"51004",1,1,1,1,0,1,0,0,0,0,0,0
"10229",1,0,1,1,1,1,0,0,0,1,1,0
"9962",1,1,0,0,1,1,0,1,0,1,0,1
"2181",1,0,0,1,1,0,1,0,0,0,1,0
"9245",1,0,0,0,0,1,0,0,1,0,0,1
"2650",0,0,1,0,0,0,0,1,1,0,1,0
"51301",1,1,1,1,1,1,0,0,0,0,1,1
"2182",0,0,1,0,0,0,1,1,0,0,1,1
"9963",0,0,1,0,0,1,0,0,0,1,1,1
"2180",0,0,0,0,0,0,0,1,1,0,1,1
"192134",0,0,0,0,0,0,0,0,1,1,0,0
"386757",1,1,1,1,1,1,1,1,1,1,1,1
"80150",1,1,1,1,0,1,1,0,1,0,0,1
"51703",1,1,1,1,1,1,1,1,1,1,1,1
"81616",0,1,0,0,0,0,0,0,0,0,0,0
"23305",0,1,1,0,0,1,0,1,0,1,0,1
"440",1,1,0,0,1,1,1,0,0,0,1,0
"6535",0,0,0,0,0,0,0,0,1,1,1,1
"1384",1,0,1,0,0,1,1,1,1,1,1,0
"116285",0,0,0,0,1,0,1,0,0,0,0,0
"6583",0,0,0,1,0,0,1,0,1,1,0,0
"5167",0,0,0,0,0,0,1,1,0,0,1,0
"790",1,0,1,1,0,1,1,1,0,0,0,0
"5169",0,1,0,1,0,0,0,1,0,0,0,1
"54898",1,1,1,1,1,1,1,1,1,1,1,1
"6511",1,1,1,1,1,1,1,1,1,1,1,1
"1431",1,1,1,1,1,1,1,1,1,1,1,1
"6785",0,0,1,1,0,1,1,0,0,1,0,1
"6505",1,0,0,0,0,1,0,1,0,0,0,0
"54677",1,1,0,0,1,1,1,0,1,1,1,0
"60481",1,1,1,1,1,1,1,1,1,1,1,1
"6507",1,1,1,1,1,1,1,1,1,1,1,1
"79071",1,1,0,1,1,0,1,1,0,1,0,1
"1579",1,1,1,1,1,1,1,1,1,1,1,1
"6512",0,0,0,0,0,0,0,1,1,0,0,0
"2194",1,0,1,0,0,1,0,0,0,1,0,1
"6506",0,1,0,0,1,1,1,0,0,1,0,1
"376497",1,1,1,0,0,0,1,0,0,0,1,0
"10999",1,0,0,1,0,1,0,1,1,1,0,1
"525",1,1,1,1,1,1,1,1,1,1,1,1
"11000",0,0,0,0,0,0,1,1,1,0,1,1
"230",1,1,1,1,1,0,0,1,1,1,1,1
"226",0,1,1,1,0,0,1,1,1,0,1,0
"527",1,0,0,0,1,1,0,0,1,1,1,1
"8140",0,0,0,1,0,0,1,0,1,1,1,1
"229",0,0,0,0,0,0,0,0,0,0,1,0
"23545",1,1,0,1,0,1,0,0,1,0,1,1
"5207",0,1,0,1,0,0,0,1,0,0,0,0
"526",1,1,1,1,1,1,1,1,1,0,1,1
"23428",0,1,1,1,0,1,0,1,0,0,1,0
"5208",0,0,0,1,0,0,1,0,0,0,0,1
"1036",1,1,0,0,0,0,1,1,0,1,0,0
"245973",0,1,0,0,0,0,1,0,0,1,0,1
"5210",1,1,1,0,0,1,0,1,0,0,1,0
"8789",1,1,1,1,1,1,1,1,1,1,1,1
"5209",1,1,1,1,0,0,1,0,0,1,1,0
"124935",0,1,1,1,0,0,0,0,1,1,0,1
"2203",1,0,1,0,1,0,1,0,1,0,0,0
"2235",0,1,1,0,0,0,1,1,0,0,0,0
"23657",0,0,0,0,0,0,1,0,1,0,1,0
"57379",0,0,0,0,1,0,0,0,0,0,0,0
"2629",1,0,1,1,0,0,1,1,1,1,0,0
"10840",1,0,1,0,0,1,0,0,0,0,0,0
"26301",0,0,1,0,1,0,0,0,0,1,0,0
"79901",0,0,0,0,1,0,0,0,1,0,0,1
"978",0,0,0,0,0,1,1,0,1,0,0,1
"7371",0,1,0,0,1,0,1,1,1,1,1,1
"83549",1,1,1,1,1,1,1,1,1,1,1,1
"7915",0,1,0,1,0,1,0,0,1,0,1,0
"125061",0,1,0,1,1,0,1,1,1,0,0,0
"4329",1,1,0,0,1,0,0,0,0,1,1,1
"51727",1,1,1,1,1,1,1,1,1,1,1,1
"1719",0,0,0,0,1,1,1,0,1,1,0,1
"129607",1,0,0,1,1,1,0,1,0,1,0,0
"2356",1,1,1,1,1,1,1,1,1,1,1,1
"2731",0,0,0,0,1,0,0,0,0,1,1,1
"29988",0,1,0,0,0,0,1,1,1,1,1,1
"275",1,1,1,0,0,0,0,0,0,0,0,0
"2653",0,0,0,1,0,0,1,1,0,1,0,0
"1609",0,1,0,0,0,1,0,0,1,1,0,1
"155184",1,1,1,1,1,1,1,1,1,1,1,1
"2651",1,1,1,1,1,0,1,0,0,0,0,1
"6514",0,0,0,0,0,1,0,0,0,0,0,0
"6518",0,0,1,1,0,1,0,0,0,0,0,0
"8525",1,0,0,1,1,1,0,1,1,1,1,0
"66035",1,1,1,1,0,1,1,1,0,0,0,0
"55343",1,1,0,1,1,1,0,1,0,0,1,0
"7264",1,1,1,1,1,1,1,1,1,1,1,1
"160428",0,1,0,0,1,0,0,1,0,1,0,0
"8836",1,0,0,0,1,0,1,1,0,0,1,0
"4522",0,1,1,0,0,0,1,1,1,0,0,0
"25902",0,1,0,0,1,0,0,1,1,1,0,0
"1608",0,0,1,0,0,0,0,0,0,0,0,0
"79017",1,1,0,1,0,1,1,1,0,0,1,1
"2519",0,1,1,1,1,1,1,0,1,1,0,1
"2997",1,1,1,1,1,1,1,1,1,1,1,1
"160851",0,1,0,0,1,1,1,1,0,1,1,1
"9162",0,1,0,0,0,1,0,0,0,0,1,0
"2184",1,0,0,1,0,0,0,1,1,0,1,0
"8527",0,1,0,1,1,1,0,0,1,1,0,1
"8908",0,1,0,0,0,0,0,0,0,0,0,0
"2271",1,1,1,1,1,1,1,1,1,1,1,1
"2992",1,1,1,1,1,1,1,1,1,1,1,1
"2523",0,0,1,0,0,0,0,0,0,0,0,0
"8526",0,0,0,0,1,1,0,0,1,0,1,1
"2998",1,1,1,1,1,1,1,1,1,1,1,1
"2525",1,1,1,1,1,1,1,1,1,1,1,1
"2687",0,0,1,0,0,1,0,0,0,0,0,0
"6470",1,1,1,0,1,0,1,1,1,0,0,1
"1606",1,1,1,1,1,1,1,1,1,1,1,1
"6472",1,1,1,1,1,1,1,1,1,1,1,1
"10690",0,0,0,0,0,1,0,0,0,0,0,0
"9334",0,0,0,0,0,1,0,1,1,1,1,1
"8704",0,0,1,0,0,0,0,0,1,1,0,1
"2717",1,1,1,1,0,0,1,0,0,1,1,1
"8703",1,1,1,1,1,1,1,1,1,1,1,1
"2632",1,0,1,0,0,1,0,0,1,0,1,1
"2683",1,1,1,1,1,1,1,1,1,1,1,1
"2820",0,1,1,0,1,1,0,1,0,1,1,1
"5832",1,1,1,1,1,1,1,1,1,1,1,1
"2990",1,1,1,1,1,1,1,1,1,1,1,1
"9563",1,1,1,1,0,1,0,1,0,0,1,0
"8372",1,1,1,1,0,0,0,1,1,0,1,1
"3290",0,1,1,0,1,0,1,0,1,1,1,0
"2539",1,1,1,1,1,1,1,1,1,1,1,1
"3291",0,0,0,0,1,0,0,0,0,0,0,0
"3292",0,1,1,0,0,0,0,1,0,0,1,1
"26035",0,0,1,1,1,0,0,0,1,1,0,1
"2542",1,1,1,0,0,1,1,0,0,1,1,0
"2593",1,1,1,1,0,1,1,1,1,1,1,1
"54480",1,1,1,1,1,1,1,1,1,0,1,1
"2132",0,0,1,1,0,0,1,1,1,0,0,1
"7923",1,1,1,1,1,1,1,1,1,1,1,1
"3294",0,0,1,0,0,1,0,0,0,0,1,0
"2131",0,1,0,0,0,1,0,0,1,1,1,1
"51478",0,0,1,1,1,1,1,0,0,0,1,1
"9514",0,0,0,0,0,0,0,0,0,0,0,1
"3283",0,0,0,0,0,1,0,0,1,0,0,0
"2720",1,1,1,1,1,1,1,1,1,1,1,1
"3284",1,1,1,1,1,1,1,1,1,1,1,1
"27087",0,0,0,0,0,0,1,1,1,0,0,0
"4758",1,0,0,0,1,0,1,1,1,1,1,0
"80270",1,0,0,0,0,0,0,1,0,0,0,0
"57026",0,0,0,1,1,0,0,0,0,1,1,1
"5476",1,1,1,1,1,1,1,1,1,1,1,1
"135152",1,1,0,1,1,1,1,0,0,1,1,0
"2588",0,0,0,1,1,0,0,1,1,0,1,1
"26229",1,1,1,1,1,1,1,1,1,1,1,1
"2581",1,0,0,1,0,0,1,1,0,0,1,1
"4669",1,1,0,1,1,1,0,1,0,1,1,0
"3421",1,1,1,1,1,1,1,1,1,1,1,1
"2583",1,1,1,1,1,1,1,1,1,1,1,1
"55454",1,1,1,1,0,1,1,1,1,1,1,1
"3420",1,1,1,1,1,1,1,1,1,1,1,1
"3340",0,0,0,0,0,0,0,0,0,0,0,1
"8509",1,1,1,1,1,0,0,1,1,0,1,1
"9348",0,0,0,0,1,0,0,0,0,0,0,0
"55790",1,1,1,1,1,0,1,1,1,1,1,1
"64579",0,0,0,0,0,0,0,0,0,0,0,1
"3419",0,1,1,1,1,0,0,0,1,0,1,0
"79586",0,1,1,1,1,0,0,1,0,1,1,0
"3417",0,1,0,0,1,1,0,1,1,1,1,1
"2137",0,0,0,0,1,1,1,0,1,1,1,0
"3418",1,1,1,1,1,1,1,1,1,1,1,1
"22856",0,0,0,0,0,1,1,1,1,1,0,1
"337876",1,1,1,1,1,1,1,1,1,1,1,1
"7173",1,1,0,1,0,1,0,1,1,1,1,0
"2135",0,1,1,0,0,0,1,0,1,1,1,1
"2134",1,0,0,0,0,1,0,0,1,0,1,0
"55568",1,0,0,0,0,1,0,0,1,1,1,1
"56606",1,1,0,1,1,1,1,0,1,0,0,0
"2590",0,1,1,0,0,1,1,0,1,1,1,1
"154091",0,0,0,0,0,1,0,0,0,0,0,0
"3425",0,0,0,1,1,1,1,0,0,1,1,1
"2591",0,0,0,0,0,0,1,1,1,1,0,1
"144195",1,0,0,1,0,0,1,0,0,1,0,0
"11182",0,0,0,1,0,0,0,1,1,0,0,0
"114805",1,1,1,1,1,1,1,1,1,1,1,1
"6523",0,0,0,0,0,0,0,0,0,1,0,0
"587",1,0,1,1,0,1,0,1,0,0,1,0
"8693",1,0,1,0,1,1,0,0,0,0,1,1
"63917",1,0,0,0,1,0,1,1,1,0,0,0
"50614",0,0,1,0,0,1,0,1,1,0,1,0
"8501",1,1,0,1,1,0,1,0,1,0,1,1
"2589",0,0,0,0,0,1,0,1,0,1,1,1
"178",0,0,0,0,1,1,1,0,1,0,0,1
"51809",0,1,0,1,1,1,1,0,0,1,1,0
"55586",0,0,0,0,0,0,1,0,0,1,0,0
"114134",0,0,1,0,0,0,0,1,1,0,1,1
"117248",0,0,0,0,0,0,0,0,0,0,1,0
"11227",1,1,0,0,0,1,1,0,0,0,1,0
"6526",1,0,0,0,0,1,1,1,0,0,0,1
"11226",1,0,0,1,0,0,1,1,1,1,1,1
"79695",0,1,1,0,1,1,1,0,0,1,0,1
"79623",0,0,1,1,1,0,0,0,0,0,0,0
"3422",1,1,1,1,1,1,1,1,1,1,1,1
"91734",1,1,1,1,1,1,1,1,1,1,1,1
"26290",0,0,0,0,1,1,0,0,1,1,1,1
"81031",0,0,1,0,0,0,0,0,0,0,0,0
"126792",0,1,1,0,1,1,0,0,0,1,1,1
"5837",0,0,1,1,0,1,0,0,0,1,0,1
"5836",0,0,0,0,0,1,0,0,1,0,0,0
"5834",1,1,1,1,1,1,1,1,1,1,1,1
"160728",0,0,0,0,0,0,0,0,0,0,0,1
"8801",1,1,1,1,1,1,1,1,1,1,1,1
"11285",0,0,0,1,0,0,1,1,1,1,1,0
"8802",1,1,1,1,1,1,1,1,1,1,1,1
"2729",0,0,0,1,0,0,1,0,0,1,0,1
"8972",1,1,1,1,1,1,1,1,1,1,1,1
"2618",1,0,1,0,1,0,1,1,1,0,0,1
"2730",0,0,1,0,0,1,0,0,1,1,1,1
"8803",1,1,1,1,0,1,1,0,1,0,0,0
"10723",1,1,1,0,1,1,0,1,0,0,1,0
"9990",1,1,0,0,1,1,0,0,1,0,1,1
"2746",1,1,1,1,1,1,1,1,1,1,1,1
"6560",0,0,1,1,1,0,0,1,1,0,1,1
"2747",0,1,0,0,1,0,1,1,1,1,0,0
"5019",1,1,1,1,1,1,1,1,1,1,1,1
"10841",0,1,0,1,0,0,0,1,0,0,0,0
"57468",0,0,0,0,1,0,1,1,0,0,1,1
"3795",0,0,1,1,1,1,1,0,1,1,0,0
"1629",0,0,1,1,1,1,1,0,0,0,0,1
"27165",1,1,1,1,0,0,0,0,1,1,0,0
"594",1,1,1,1,1,0,1,1,0,1,0,0
"2744",0,0,0,0,0,1,0,0,1,1,0,1
"8564",0,0,0,0,0,0,0,1,1,0,0,0
"3938",0,0,0,0,0,1,0,0,0,0,0,0
"593",1,0,0,1,0,0,1,1,1,0,1,0
"26873",0,0,1,0,0,0,0,1,0,0,0,1
"79751",0,1,0,1,1,0,1,0,1,0,0,1
"83733",0,1,0,0,0,0,0,0,0,0,0,0
"4942",1,1,1,1,1,1,1,1,1,1,1,1
"2639",0,1,1,1,1,1,0,1,0,1,1,0
"53",1,1,1,0,0,1,0,0,1,0,1,0
"3931",0,1,0,0,1,1,0,0,1,1,1,1
"7372",1,1,0,0,1,1,0,1,1,1,0,0
"57084",1,1,1,1,1,1,1,1,1,1,1,1
"1811",1,0,0,1,0,0,0,1,0,0,0,1
"246213",1,1,1,1,1,1,1,1,1,1,1,1
"57030",0,0,0,0,0,0,0,1,0,1,1,0
"387775",1,1,1,1,1,1,1,1,1,1,1,1
"10861",1,0,1,0,0,0,1,0,0,0,1,0
"1836",0,0,1,0,0,1,1,1,0,1,1,1
"124637",0,1,1,0,0,1,0,0,1,0,0,1
"51179",0,1,0,0,0,0,0,0,0,0,0,0
"54363",1,1,1,1,1,1,1,1,1,1,1,1
"366",0,0,0,0,0,1,0,0,1,0,0,0
"1583",1,1,1,1,1,1,1,1,1,1,1,1
"2628",0,0,1,0,1,0,0,0,0,0,1,0
"1584",1,0,0,0,0,0,0,0,0,0,0,0
"1585",1,1,1,1,1,1,1,1,1,1,1,1
"11283",0,0,0,1,0,0,0,0,0,0,0,0
"9380",1,0,1,1,1,1,1,1,1,1,1,1
"1586",1,0,0,0,0,0,0,0,0,0,0,0
"2713",0,0,0,0,0,0,0,1,0,0,0,0
"4047",0,0,0,1,0,0,1,0,1,1,1,0
"1588",1,0,0,0,1,0,0,0,0,0,1,0
"29124",0,0,0,0,0,0,0,0,0,0,1,0
"5321",0,0,0,0,0,0,1,0,0,0,1,0
"2710",0,0,1,0,0,0,1,1,0,0,1,1
"1576",1,1,1,1,1,1,1,1,1,1,1,1
"2712",1,1,1,1,1,1,1,1,1,1,1,1
"1178",0,0,1,0,0,0,0,0,0,1,0,1
"51268",0,0,1,0,0,1,0,0,0,0,1,0
"1056",1,1,1,1,1,1,1,1,1,1,1,1
"3029",1,1,1,1,1,1,1,1,1,1,1,1
"6536",1,0,0,0,0,0,0,0,0,0,0,0
"1589",1,1,1,1,1,1,1,1,1,1,1,1
"1593",0,0,0,0,0,0,0,0,1,0,0,0
"3990",0,0,0,1,0,1,0,0,0,1,0,1
"1548",0,0,0,0,1,1,0,0,0,0,1,1
"80339",1,1,1,1,1,1,1,1,1,1,1,1
"4023",1,1,1,1,1,1,1,1,1,1,1,1
"5226",1,1,1,1,1,1,1,1,1,1,1,1
"1553",1,1,1,1,1,1,1,1,1,1,1,1
"11343",0,1,0,0,0,0,1,1,0,1,1,1
"1562",1,1,1,1,1,1,1,1,1,1,1,1
"27232",1,1,0,0,1,1,1,0,0,0,1,0
"1558",0,0,0,0,0,0,0,0,0,1,0,0
"57678",1,0,0,0,1,1,0,0,1,1,1,1
"50487",1,1,1,1,1,1,1,1,1,1,1,1
"284098",1,1,1,0,0,1,1,0,1,1,1,0
"1559",1,1,1,1,1,1,1,1,1,1,1,1
"93183",1,0,0,1,1,1,0,0,0,1,0,1
"9227",1,1,1,1,1,1,1,1,1,1,1,1
"1565",1,0,0,1,1,1,0,0,0,1,1,1
"54965",1,1,0,1,0,1,0,1,0,0,1,1
"1572",1,0,0,0,1,0,1,1,1,0,0,0
"51302",1,1,1,1,1,1,1,1,1,1,1,1
"2936",1,1,1,0,1,1,0,1,0,0,1,1
"6309",1,1,1,1,0,1,1,0,0,0,0,0
"64816",0,0,0,0,0,0,1,0,0,0,0,0
"4048",1,1,1,1,1,1,1,0,1,1,1,0
"1577",0,1,1,1,0,0,1,1,0,1,0,1
"4056",0,0,0,1,0,1,1,1,0,1,1,0
"5052",1,1,1,1,1,1,1,1,1,1,1,1
"7001",1,1,1,1,1,1,1,1,1,1,1,1
"1551",0,0,0,1,1,0,1,0,0,0,0,0
"4259",1,1,1,1,0,1,1,1,1,1,1,1
"10858",0,0,0,0,0,1,0,0,0,1,1,0
"2876",1,1,1,1,1,1,1,1,1,1,1,1
"66002",1,0,0,1,0,0,0,0,0,0,0,0
"8529",0,0,0,0,0,0,0,0,0,0,0,1
"2879",1,1,1,1,1,1,1,1,1,1,1,1
"4258",0,0,1,0,1,0,1,0,1,0,1,0
"4051",1,0,0,1,0,0,0,0,0,0,0,1
"9420",0,0,0,1,0,0,0,1,0,1,0,0
"1582",1,1,1,1,1,1,1,1,1,1,1,1
"2877",0,1,0,0,0,0,0,0,1,0,1,0
"5831",0,0,0,1,1,0,0,1,1,0,0,0
"2878",0,0,0,1,0,0,0,0,1,0,0,0
"2954",1,0,0,1,0,1,1,1,0,0,1,1
"257202",1,1,1,1,1,1,1,1,1,1,1,1
"2882",1,1,1,1,1,1,1,1,1,1,1,1
"5048",0,1,0,1,1,1,1,1,1,1,1,1
"2548",1,1,1,1,1,0,0,0,1,0,0,0
"10935",1,1,1,1,1,1,1,1,1,1,1,1
"5051",0,0,0,0,1,1,1,1,1,0,1,1
"5050",1,1,1,1,1,1,1,1,1,1,1,1
"2937",1,1,1,1,1,1,1,1,1,1,1,0
"5049",1,1,1,1,1,1,0,0,0,1,1,1
"64087",1,0,1,1,1,0,0,0,1,0,1,0
"7941",0,0,1,0,0,0,0,0,1,0,0,0
"56922",1,1,1,0,1,0,0,1,0,0,1,0
"23417",0,0,1,1,1,1,0,1,0,0,1,1
"2678",1,1,1,1,1,1,1,0,0,0,0,0
"347734",1,1,1,1,1,1,1,1,1,1,1,1
"57194",1,0,0,1,1,0,0,1,0,0,0,1
"5337",1,0,0,0,0,0,1,0,0,1,1,1
"4357",0,0,0,1,0,0,1,1,1,1,1,0
"5338",0,1,0,0,1,1,1,1,0,0,0,0
"2679",1,1,1,1,1,1,1,1,1,1,1,1
"4190",1,1,1,1,1,1,1,1,1,1,1,1
"130013",0,0,0,0,0,0,0,0,0,1,1,1
"4191",1,1,1,1,1,1,1,1,1,1,1,1
"4200",0,0,1,0,1,0,0,1,0,0,0,1
"4881",1,1,1,1,1,1,1,1,1,1,1,1
"5091",0,0,1,0,1,1,1,0,1,0,0,0
"4882",1,1,1,0,1,1,0,1,0,0,0,0
"2984",0,0,0,0,0,0,0,0,1,0,1,1
"2974",0,0,1,0,0,0,0,0,0,0,0,0
"2982",0,1,0,0,0,0,0,0,0,0,0,0
"2986",0,0,0,0,0,0,0,0,0,0,0,1
"4199",1,0,0,1,0,1,0,0,0,1,0,1
"10873",0,1,0,0,1,1,0,1,1,0,0,1
"3620",1,1,1,1,1,1,1,1,1,1,1,1
"2983",1,0,0,0,0,0,0,1,1,0,0,0
"3000",1,1,1,1,1,1,1,1,1,1,1,1
"1557",0,0,0,0,0,0,0,0,0,0,0,1
"1545",0,0,0,0,1,0,0,1,1,0,0,0
"5244",1,0,0,0,0,0,0,1,0,1,0,1
"2977",0,0,0,1,0,0,0,0,0,0,0,0
"1543",0,0,0,0,0,0,0,0,0,1,0,0
"1544",1,1,1,1,1,1,1,1,1,1,1,1
"9615",1,0,0,0,1,0,0,0,0,0,1,0
"4144",1,1,1,1,1,0,1,0,1,0,1,1
"4143",1,0,0,0,0,0,0,0,0,0,0,0
"5150",1,1,1,1,1,1,0,1,0,1,1,1
"27430",1,1,1,1,1,1,1,1,1,1,1,1
"4548",1,0,0,1,1,1,1,0,0,0,0,1
"763",1,1,1,1,1,1,1,1,1,1,1,1
"5143",1,1,1,1,1,1,1,1,1,1,1,1
"11238",1,0,1,1,1,1,1,0,0,0,1,0
"4598",0,0,1,1,1,0,1,1,1,0,1,0
"5137",0,0,0,0,0,0,0,0,1,0,0,0
"3636",0,1,0,0,0,1,0,0,0,1,1,1
"5151",0,1,1,0,1,1,0,0,0,1,0,1
"23556",1,0,1,1,1,1,1,0,1,0,1,0
"55650",1,0,1,1,0,0,0,0,1,1,1,0
"3635",1,1,1,1,1,1,1,1,1,1,1,1
"3633",1,0,1,1,0,1,1,0,1,0,1,0
"8867",1,0,1,0,0,1,0,0,1,0,0,1
"5140",1,1,1,0,0,0,0,0,1,0,1,1
"27124",1,1,1,1,1,1,1,1,1,1,1,1
"53905",1,1,0,0,1,1,0,1,1,1,0,0
"50506",0,0,0,0,1,0,0,0,0,0,0,0
"5142",1,1,1,1,1,1,1,1,1,1,1,1
"343",1,0,0,0,0,0,0,0,0,0,1,1
"5281",1,1,0,1,0,1,1,1,1,0,0,1
"3632",0,1,0,0,1,0,0,1,0,1,0,1
"10846",1,0,0,0,1,0,0,0,0,0,0,0
"84720",1,0,1,1,1,0,1,1,0,0,1,0
"56623",1,1,1,0,1,0,0,0,1,0,0,1
"5141",0,0,0,0,0,0,1,1,1,1,1,1
"8622",0,0,0,0,1,1,1,0,0,0,0,1
"3628",1,1,0,0,0,0,1,0,1,1,0,1
"3707",1,1,1,1,1,1,0,0,1,1,1,1
"80235",0,0,0,0,0,0,1,1,1,1,0,0
"5144",1,0,0,1,1,0,0,0,1,1,1,1
"3706",0,0,0,0,1,1,0,0,0,0,0,0
"5153",0,0,0,1,1,1,0,0,1,0,0,1
"80271",1,1,1,0,1,1,1,1,0,0,0,1
"94005",1,1,1,1,1,1,1,1,1,1,1,1
"27115",1,0,0,1,1,0,0,0,0,0,0,0
"128869",0,1,1,0,0,0,1,1,0,0,1,0
"51477",1,1,1,1,1,1,1,1,1,1,1,1
"10026",1,0,1,1,1,0,1,1,1,1,0,1
"5138",0,0,1,1,0,1,0,1,0,0,0,0
"51604",1,0,0,0,0,0,1,1,1,0,0,0
"3631",0,0,0,0,1,1,0,1,0,1,0,0
"5139",0,0,1,0,0,0,0,1,0,0,0,0
"8821",1,1,1,1,1,1,1,1,1,1,1,1
"50940",1,0,1,0,0,0,0,1,0,0,1,0
"2595",1,1,1,1,0,0,0,1,0,0,0,1
"84693",0,1,0,1,1,1,0,1,0,0,1,1
"8733",1,1,1,1,1,1,1,1,1,1,1,1
"5136",1,1,1,1,1,1,1,1,1,1,1,1
"4594",1,1,0,1,1,0,1,1,0,0,0,1
"3028",1,1,1,1,1,1,1,1,1,1,1,1
"5152",0,0,1,1,0,1,0,0,1,1,0,0
"3033",0,1,0,0,1,1,0,1,1,1,1,1
"3037",0,0,0,0,0,1,0,0,0,0,0,0
"80168",1,1,1,1,1,1,1,1,1,1,1,1
"116255",1,1,1,1,1,1,1,1,1,1,1,1
"5146",0,0,1,0,0,1,1,0,0,1,0,1
"4507",0,0,1,1,1,0,0,1,0,1,1,0
"3038",1,0,0,1,0,0,1,0,1,0,0,0
"3036",0,0,0,0,1,1,0,0,0,1,0,0
"27235",1,1,0,1,1,0,0,1,0,1,0,1
"6521",1,1,1,1,1,1,1,1,1,1,1,1
"83697",0,0,0,0,0,0,0,0,0,1,0,0
"10797",1,1,0,1,1,0,0,0,1,1,0,1
"56913",1,1,1,1,1,1,1,1,1,1,1,1
"443",1,0,0,0,0,0,0,0,0,0,0,0
"91703",0,0,1,0,0,0,0,1,1,0,1,0
"6522",1,0,0,0,1,1,0,0,1,1,1,0
"6508",1,1,1,1,1,1,1,1,1,1,1,1
"5145",1,0,0,0,0,0,0,0,1,0,0,0
"4668",1,1,1,0,1,1,1,1,1,1,1,1
"9498",0,0,1,0,0,0,1,1,0,1,1,1
"57282",0,0,0,1,0,1,0,0,1,1,1,1
"6528",1,1,0,1,1,0,0,0,0,1,1,0
"3098",1,1,1,1,1,1,1,1,1,1,1,1
"80201",1,1,1,0,1,1,1,0,0,0,1,0
"8654",1,0,0,0,1,1,0,0,1,1,1,1
"2645",0,1,1,1,0,1,0,1,1,0,0,0
"483",1,1,1,1,1,1,1,1,1,1,1,1
"3101",0,0,0,0,0,1,1,1,1,0,0,1
"5149",1,1,1,1,1,1,1,1,1,1,1,1
"478",0,0,0,0,0,1,0,1,0,1,0,1
"480",1,1,1,1,1,1,1,1,1,1,1,1
"481",1,0,0,1,1,0,1,1,0,0,1,1
"3099",0,0,1,0,1,1,0,1,0,1,1,1
"5147",1,1,1,1,1,1,1,1,1,1,1,1
"482",0,1,0,1,1,0,1,0,0,0,0,0
"476",1,1,1,1,1,1,1,1,1,1,1,1
"477",1,0,0,1,0,0,1,0,0,0,0,0
"23439",1,1,1,1,1,1,1,1,1,1,1,1
"3081",0,0,0,0,1,1,1,1,1,0,0,1
"11112",1,1,1,1,1,1,1,1,1,1,1,0
"3067",0,0,0,1,0,0,1,0,1,0,0,0
"6549",0,0,0,0,0,0,1,0,0,0,0,1
"6550",1,1,0,0,1,0,0,1,1,1,0,0
"5148",1,0,1,0,1,0,1,1,1,1,0,1
"496",1,1,1,1,1,1,1,1,1,1,1,1
"6548",1,0,0,0,0,1,0,0,0,1,1,1
"495",1,1,1,1,1,1,1,1,1,1,1,1
"55748",1,0,0,1,1,0,1,1,1,1,1,0
"5158",0,1,1,1,1,0,1,1,0,1,0,0
"84735",1,1,0,0,0,0,0,1,1,1,0,0
"6559",1,1,1,1,1,1,1,1,1,1,1,1
"8942",0,0,0,1,0,0,0,0,1,0,0,0
"5162",1,1,1,1,1,1,1,1,1,1,1,1
"3157",1,0,0,1,0,0,0,1,0,0,1,0
"5161",0,1,0,0,0,0,0,0,0,0,0,0
"123041",0,0,0,1,0,0,0,0,1,0,0,0
"1737",0,1,1,0,1,0,1,1,0,0,0,1
"3158",1,1,1,1,1,1,1,1,1,1,1,1
"5160",1,1,1,1,1,1,1,1,1,1,1,1
"55163",0,1,1,0,0,1,0,0,1,0,1,0
"25769",1,0,0,0,0,0,0,1,0,1,0,0
"54511",1,1,1,1,1,1,1,1,1,1,1,1
"10396",0,1,0,1,0,1,0,1,0,1,0,0
"57419",0,0,0,0,0,0,1,0,0,0,0,0
"9187",0,0,0,1,1,1,0,0,0,1,1,0
"5105",1,1,1,1,1,1,1,1,1,1,1,1
"124583",0,0,1,1,1,0,0,1,1,0,1,1
"3155",0,1,0,0,0,1,0,0,1,1,0,0
"5106",1,1,0,1,1,1,0,0,0,0,1,0
"3162",0,0,0,1,0,0,0,1,1,0,1,1
"3163",1,1,1,1,1,1,1,1,1,1,1,1
"79077",1,1,1,1,1,1,1,1,1,1,1,1
"8310",0,0,1,0,1,0,1,1,1,1,0,0
"9583",1,0,0,1,1,1,0,0,0,0,1,1
"26062",1,1,1,1,1,1,1,1,1,1,1,1
"197257",0,1,1,0,0,0,0,0,1,0,0,0
"5833",0,0,1,1,0,1,1,1,1,1,1,1
"1841",1,1,1,1,1,1,1,1,1,1,1,1
"10400",1,1,1,1,1,1,1,1,1,1,1,1
"6448",1,1,1,1,1,1,1,1,1,1,1,1
"29922",1,0,0,0,0,0,1,1,1,1,1,0
"26227",1,1,1,0,0,1,1,1,1,0,0,0
"10201",1,0,1,1,0,1,1,0,0,1,1,1
"5730",0,0,0,1,0,0,1,1,1,1,1,0
"4830",0,0,1,0,0,0,1,0,1,1,0,1
"27306",0,0,0,0,1,1,0,0,1,1,1,0
"80142",1,1,1,1,1,1,1,1,1,1,1,1
"4831",1,1,1,1,1,1,1,1,1,1,1,1
"4832",1,1,1,1,1,1,1,1,1,1,1,1
"200576",0,0,0,0,1,1,0,0,0,0,1,1
"8396",1,1,1,1,1,1,0,0,1,0,1,1
"9536",0,0,0,1,0,1,0,0,0,1,0,0
"4833",1,1,1,1,1,1,1,1,1,0,1,1
"6005",0,0,0,0,0,0,0,0,1,0,1,0
"79837",1,1,1,1,1,1,1,1,1,1,1,1
"5740",0,0,0,0,0,1,0,0,0,0,0,1
"5289",1,1,0,0,0,1,0,1,1,0,0,1
"57127",1,1,1,1,1,1,1,1,1,1,1,1
"6557",0,0,0,0,1,0,0,0,0,0,0,0
"5277",1,1,1,1,1,0,1,0,0,1,0,0
"114971",1,1,1,1,1,1,1,1,1,1,1,1
"6558",0,0,0,1,0,1,0,1,1,1,0,1
"349565",0,0,0,0,1,1,0,0,0,1,1,1
"9489",1,1,1,1,1,1,1,1,1,1,1,1
"64802",0,0,1,0,1,0,1,1,0,1,0,1
"23057",0,0,0,0,0,0,0,0,0,1,0,0
"8818",1,1,1,1,1,1,1,1,1,1,1,1
"5743",0,0,0,0,0,0,0,0,1,0,1,0
"5742",0,0,1,0,0,0,1,0,1,0,0,0
"10135",0,0,1,1,0,0,0,0,1,0,0,1
"6898",1,0,0,0,1,1,1,0,0,1,0,1
"5053",0,0,0,0,1,0,0,1,0,1,0,0
"5283",1,1,1,1,1,1,1,1,1,1,1,1
"5264",1,1,1,1,1,0,0,1,1,1,1,1
"4837",0,1,0,0,0,0,1,0,0,0,0,0
"5409",0,0,0,0,0,0,0,0,0,0,0,1
"5728",1,1,0,1,1,1,1,1,1,0,1,1
"645740",0,0,0,0,0,0,1,0,0,0,0,0
"8871",1,1,1,0,0,1,1,0,0,1,1,1
"51227",1,0,1,1,1,1,0,0,0,1,0,0
"8395",1,1,1,0,0,0,0,0,0,0,0,1
"9091",1,0,1,0,0,0,1,1,1,0,0,0
"4842",1,1,1,1,1,1,1,1,1,1,1,1
"23396",0,1,0,1,1,1,0,1,0,0,1,0
"4843",0,1,0,0,0,0,1,0,0,0,0,0
"5279",1,1,1,1,1,1,1,1,1,1,1,1
"8394",1,1,0,0,1,0,0,1,0,0,1,0
"55361",1,1,0,1,0,0,1,1,1,0,0,1
"201288",1,1,1,1,1,1,1,1,1,1,1,1
"4846",0,0,1,0,0,1,1,1,1,0,1,0
"5297",1,1,0,1,1,1,0,0,0,0,1,1
"4860",1,0,0,0,0,0,1,1,0,1,1,1
"5298",1,1,1,1,1,1,1,1,1,1,1,1
"5294",0,0,0,1,0,0,1,1,1,0,0,1
"123745",0,0,0,0,0,1,0,0,0,0,0,0
"5290",1,1,0,1,1,1,0,0,0,1,0,0
"6580",1,0,1,1,0,0,0,0,0,0,0,1
"5295",1,1,1,1,1,1,1,1,1,1,1,1
"10870",1,1,1,1,1,1,1,1,1,1,1,1
"55808",1,0,1,1,0,1,0,0,0,1,0,0
"5251",0,1,1,1,1,0,0,1,0,0,0,0
"5320",0,0,0,0,0,0,0,1,0,0,0,0
"8503",1,0,0,1,0,0,1,0,1,0,0,1
"30833",1,1,1,1,1,1,1,1,1,1,1,1
"81579",0,0,1,0,1,1,1,0,0,0,1,1
"56953",1,1,0,1,0,1,0,1,0,1,1,1
"23533",1,1,1,1,1,1,1,1,1,1,1,1
"8398",0,0,0,1,1,1,0,0,1,0,0,0
"5296",0,0,0,0,0,0,0,1,1,0,0,0
"5322",1,1,1,1,1,1,1,1,1,1,1,1
"4907",1,0,1,1,1,1,1,0,1,1,1,0
"5291",0,0,0,1,0,1,1,0,1,1,0,0
"5293",1,1,1,1,1,1,1,1,1,1,1,1
"6476",0,0,0,0,1,1,1,1,0,0,0,0
"5009",0,0,0,0,0,0,0,1,0,0,0,0
"4952",1,0,0,0,1,0,1,0,1,0,1,1
"64600",1,1,1,1,1,1,1,1,1,1,1,1
"64064",1,1,1,1,1,1,1,1,1,1,1,1
"23236",0,0,0,0,0,0,1,0,1,1,1,1
"100137049",1,1,0,1,1,0,0,0,0,0,0,0
"30814",1,1,1,1,1,1,1,1,1,1,1,1
"26279",0,0,0,1,0,0,0,0,0,0,0,0
"5335",0,1,1,0,1,1,0,0,0,0,1,1
"8399",0,0,1,0,0,0,0,0,0,0,0,0
"5332",0,0,0,0,1,1,0,0,1,0,0,0
"257068",1,0,1,0,0,0,1,0,0,1,0,1
"5319",1,0,0,0,0,1,0,0,0,0,1,0
"6489",0,0,0,1,0,1,0,1,1,0,0,1
"5336",0,0,0,0,0,0,0,0,1,0,1,0
"23007",0,0,0,1,1,0,0,0,0,0,0,0
"29906",0,0,0,0,0,0,0,0,1,0,0,0
"5334",0,0,1,0,1,1,0,0,0,1,1,1
"10654",1,1,1,1,1,1,1,1,1,1,1,1
"9651",1,0,1,0,0,1,1,0,0,1,0,0
"9807",1,1,1,0,0,1,1,0,1,0,0,0
"412",1,1,0,1,1,0,0,0,0,1,1,0
"51196",0,1,1,1,1,0,1,0,0,0,0,0
"117283",1,1,1,1,1,1,1,1,1,1,1,1
"5331",0,0,0,0,1,1,0,1,1,1,1,1
"84812",0,1,0,0,1,1,0,0,1,1,0,1
"5330",0,1,0,1,1,1,0,0,1,1,1,1
"6391",0,1,0,0,0,1,1,1,0,0,1,0
"113026",0,0,0,0,0,0,1,1,0,0,0,0
"6392",1,1,1,1,1,1,1,1,1,1,1,1
"6390",1,1,1,1,1,1,1,1,1,1,1,1
"51447",1,1,1,1,1,1,1,1,1,1,1,1
"5333",1,1,1,1,1,1,1,1,1,1,1,0
"6389",0,0,1,1,1,1,1,1,1,0,0,0
"6821",0,0,1,0,0,1,1,0,0,0,1,1
"89869",1,1,1,1,1,1,1,1,1,1,1,1
"6533",1,1,1,0,1,0,1,1,0,0,1,0
"5288",0,0,0,1,0,0,0,0,0,0,0,1
"55350",1,1,1,1,1,1,1,1,1,1,1,1
"5092",1,1,1,1,1,1,1,1,1,1,1,1
"5287",0,1,1,0,1,1,1,0,1,0,0,1
"23530",1,0,1,1,0,1,0,0,1,0,0,0
"5286",1,0,0,1,1,1,1,0,1,0,1,1
"8876",1,1,1,1,1,1,1,1,1,1,1,1
"79178",1,1,0,1,1,0,1,1,1,0,1,1
"5305",1,1,1,1,1,1,1,1,1,1,1,1
"8875",0,1,1,1,1,1,1,0,1,0,0,0
"64499",1,1,1,1,1,1,1,1,1,1,1,1
"6567",0,0,0,1,0,0,0,0,0,0,0,1
"7177",1,1,1,1,1,1,1,1,1,1,1,1
"1890",1,1,1,1,0,0,1,1,1,1,1,1
"27068",1,1,1,1,1,1,1,1,1,1,1,1
"1636",1,1,1,0,0,1,1,0,0,0,1,1
"9365",0,0,0,0,1,0,0,1,0,0,0,0
"9331",0,0,0,0,0,1,0,1,0,0,0,1
"55217",1,0,1,1,1,0,0,1,0,0,0,0
"7368",0,1,0,0,0,0,0,0,0,0,0,0
"7296",1,0,1,0,1,0,1,1,1,0,0,0
"8613",1,1,1,1,1,1,1,1,1,1,1,1
"5315",1,1,1,1,1,1,1,1,1,1,1,1
"8611",1,1,1,0,1,1,1,1,1,0,0,0
"26063",0,1,1,0,1,1,0,0,0,1,1,1
"8612",0,0,0,0,1,0,1,1,1,1,0,1
"1666",1,1,1,1,1,1,1,1,1,1,1,1
"874",1,1,1,1,0,1,0,0,1,1,0,0
"5498",0,1,1,0,1,1,1,1,1,1,1,1
"11181",0,0,0,0,0,0,0,0,0,0,1,0
"10901",1,0,1,1,1,1,1,0,0,1,0,0
"126410",0,0,0,1,0,0,1,0,1,0,0,1
"80162",1,1,0,1,1,1,1,0,0,1,1,1
"7166",0,1,0,1,1,0,1,1,1,0,1,1
"8288",0,1,0,0,1,0,0,0,0,1,0,0
"2053",1,1,1,1,1,1,1,1,0,0,1,0
"9588",1,1,1,1,1,1,1,1,1,1,1,1
"121278",0,0,0,0,0,1,0,0,0,0,0,1
"8897",0,0,0,0,0,1,1,0,0,1,0,1
"4353",1,1,1,1,1,1,1,1,1,1,1,1
"8898",1,1,1,0,0,0,0,1,0,1,0,0
"169355",0,0,0,1,0,0,0,0,0,0,0,0
"6999",1,1,1,1,1,1,1,1,1,1,1,1
"2880",1,1,1,1,1,1,1,1,1,1,1,1
"5625",1,1,1,1,1,1,1,1,1,1,1,1
"9152",1,1,1,1,1,1,1,1,1,1,1,1
"6578",0,1,0,0,0,1,0,1,0,0,0,0
"6561",1,1,1,1,1,1,1,1,1,1,1,1
"9497",0,0,0,0,0,1,1,0,0,1,0,1
"115584",0,0,0,1,1,0,0,0,0,0,0,0
"6575",1,1,0,1,1,1,0,0,0,0,1,0
"6916",0,1,0,1,0,0,1,1,1,0,1,1
"23761",1,1,1,1,0,0,0,1,0,0,1,0
"6574",1,1,1,1,1,1,1,1,1,1,1,1
"7054",1,1,1,1,1,1,1,1,1,1,1,1
"142680",1,1,1,1,1,1,1,1,1,1,1,1
"9791",1,1,1,1,1,1,1,1,1,1,1,1
"6534",0,0,0,0,0,1,0,0,0,0,0,0
"81490",0,0,1,0,1,0,1,1,0,1,1,1
"10005",0,1,1,1,1,0,1,0,0,1,1,0
"3293",1,1,1,1,1,1,1,1,1,1,1,1
"1622",1,1,1,1,1,1,1,1,1,1,1,1
"225",0,1,1,0,1,1,1,0,1,0,1,0
"10965",0,1,0,1,1,1,1,0,1,1,0,0
"28965",0,0,0,0,0,1,0,0,0,0,0,0
"122970",1,1,1,0,0,0,1,1,1,1,0,0
"10020",0,1,0,1,0,1,0,0,1,0,0,1
"23205",0,0,0,0,0,1,0,0,0,0,1,0
"5805",1,1,1,1,0,1,1,1,1,1,0,1
"26061",1,1,1,1,1,1,1,1,1,1,1,1
"112483",1,1,1,1,1,1,1,1,1,1,1,1
"6303",1,1,1,1,1,1,1,1,1,1,1,1
"29880",1,1,1,1,1,1,1,1,1,1,1,1
"54716",0,0,0,0,1,0,0,0,0,0,1,1
"7355",0,0,0,1,0,1,1,1,1,1,1,0
"6564",0,0,0,1,0,0,1,0,0,0,0,0
"8566",0,1,0,1,1,0,0,0,1,1,0,1
"113235",0,1,0,1,0,1,0,0,1,1,0,1
"151531",0,1,1,1,0,1,1,0,1,0,1,1
"1200",1,1,1,1,1,1,1,1,1,1,1,1
"2168",1,1,1,1,1,1,1,1,1,1,1,1
"7358",0,0,1,0,0,0,1,0,1,0,1,1
"23169",1,1,0,1,1,0,0,1,1,1,0,1
"51056",1,1,1,1,1,1,1,1,1,1,1,1
"7378",1,1,1,1,1,1,1,1,1,1,1,1
"9390",0,0,0,0,1,0,0,0,0,0,1,0
"80146",1,1,1,1,0,1,1,0,1,1,1,1
"5184",1,1,1,1,1,1,1,1,1,1,1,1
"4891",1,1,0,1,1,1,0,0,1,1,1,0
"5168",0,1,1,1,0,1,0,0,0,0,0,0
"2944",0,0,0,1,1,0,0,0,0,1,1,0
"30061",1,1,1,1,1,1,0,0,1,1,1,1
"84912",1,0,1,0,1,1,0,0,0,1,0,1
"248",1,1,1,1,1,1,1,1,1,1,1,1
"64080",1,0,0,1,1,0,0,0,1,1,1,0
"4524",0,0,0,0,1,1,1,1,0,1,0,0
"3906",1,1,1,1,1,1,1,1,1,1,1,1
"65263",0,1,1,1,0,0,1,0,1,1,0,1
"8608",0,1,0,1,1,1,1,0,0,0,0,0
"25796",1,1,1,1,1,1,1,1,1,1,1,1
"5959",1,1,0,1,1,0,1,1,1,0,1,0
"7357",1,1,1,1,1,1,0,1,1,1,1,1
"28982",1,0,0,0,1,1,0,0,1,0,1,1
"6120",1,0,1,0,0,0,0,1,1,0,1,1
"11046",1,1,0,1,1,1,0,1,0,0,0,1
"54576",1,1,1,1,1,1,1,1,1,1,1,1
"54575",0,0,1,0,0,0,0,0,0,0,0,0
"51109",1,1,1,1,1,1,1,1,1,1,1,1
"157506",0,1,0,0,1,1,0,1,1,1,0,0
"54578",1,0,0,0,0,0,0,0,0,0,0,0
"54579",1,1,1,1,1,1,1,1,1,1,1,1
"10864",1,1,1,0,0,0,0,0,0,0,0,0
"9356",1,1,1,1,1,1,1,1,1,1,1,1
"54657",1,1,1,1,1,1,1,1,1,1,1,1
"195814",1,1,1,1,1,1,1,1,1,1,1,1
"9376",1,1,1,1,1,1,1,1,1,1,1,1
"112724",1,0,0,1,1,0,1,0,1,1,1,0
"50700",1,1,1,1,1,1,1,1,1,1,1,1
"54658",1,1,1,1,1,1,1,1,1,1,1,1
"348932",1,1,1,1,1,1,1,1,1,1,1,1
"54659",1,1,1,1,1,1,1,1,1,1,1,1
"54577",1,1,1,1,1,1,1,1,1,1,1,1
"57665",1,1,1,1,1,1,1,1,1,1,1,1
"120103",1,0,1,1,1,0,0,0,0,1,0,1
"1080",1,1,1,1,1,1,1,1,1,1,1,1
"85320",1,0,0,0,1,0,0,0,0,1,0,0
"145226",1,1,0,0,0,0,0,0,0,0,1,1
"54600",1,1,1,1,1,1,1,1,1,1,1,1
"222962",0,0,1,0,1,0,1,1,0,1,0,1
"8228",1,1,0,1,0,1,1,0,0,1,0,1
"113278",1,1,1,1,1,1,1,1,1,1,1,1
"10351",1,1,0,1,1,0,1,0,1,0,0,1
"54981",1,1,1,1,1,1,1,1,1,1,1,1
"7364",1,1,1,1,1,1,1,1,1,1,1,1
"9429",0,0,1,0,0,1,0,0,1,1,0,0
"7367",1,1,1,1,1,1,1,1,1,1,1,1
"55867",1,1,1,1,1,1,1,1,1,1,1,1
"54490",1,1,1,1,1,1,1,1,1,1,1,1
"364",0,0,0,0,1,1,0,0,1,0,0,0
"7366",1,0,0,0,0,0,0,0,0,0,0,0
"6482",1,1,1,1,1,1,1,1,1,1,1,1
"360",1,1,1,1,1,1,1,1,1,1,1,1
"6484",1,0,0,0,1,1,1,1,0,1,1,0
"7363",1,1,1,1,1,1,1,1,1,1,1,1
"89872",1,1,0,0,0,0,0,0,0,0,0,0
"7365",0,0,0,0,0,1,0,0,0,0,0,0
"6483",0,1,1,1,1,1,0,1,0,0,1,1
"21",0,0,1,0,1,1,1,0,0,0,1,0
"10720",1,1,1,1,1,1,1,1,1,1,1,1
"24",0,0,0,0,0,0,0,0,0,0,0,1
"54963",1,1,1,1,1,1,1,1,1,1,1,1
"10057",0,1,0,0,0,1,0,1,1,0,1,1
"125206",0,1,0,1,0,0,0,0,0,0,0,1
"7498",0,0,0,0,0,0,0,0,1,1,0,0
"10090",1,1,1,0,1,1,0,0,0,1,0,0
"200010",1,1,1,1,1,1,1,1,1,1,1,1
"9653",0,1,1,0,0,1,1,1,1,0,0,1
"9942",1,0,1,0,1,0,1,0,0,0,1,0
"6524",1,1,0,1,0,0,1,0,0,0,1,1
"159963",0,0,1,1,0,0,0,0,0,0,0,0
"64131",1,0,0,0,0,1,1,0,1,1,0,1
"55065",0,0,1,0,1,1,1,1,0,0,0,0
"64132",0,0,1,1,0,0,1,0,1,0,1,1
"3423",1,1,0,1,0,0,1,1,1,1,0,0
"79581",1,1,1,1,1,1,1,1,1,1,1,1
"10060",0,0,0,0,0,0,0,0,0,1,0,0
"9957",0,0,0,0,0,0,0,0,1,1,0,0
"51181",1,1,1,1,1,1,1,1,1,1,1,1
"6833",0,0,0,1,0,0,0,0,0,0,0,0
"9951",1,1,1,1,1,1,1,1,1,1,1,1
"3764",1,1,1,1,1,1,1,1,1,1,1,1
"222537",0,0,0,0,0,0,0,0,0,0,1,0
"64077",1,1,1,1,1,1,1,1,1,1,1,1
"3767",0,0,0,1,0,0,0,0,0,0,0,0
"5464",1,1,1,1,1,1,1,1,1,1,1,1
"64220",1,0,0,0,0,1,0,0,0,0,0,0
"10724",1,1,1,1,1,1,1,1,1,1,1,1
"5950",1,1,1,1,1,1,1,1,1,1,1,1
"1356",1,0,0,0,1,0,1,0,0,1,0,0
"2495",1,1,1,1,1,1,1,1,1,1,1,1
"9956",1,1,1,1,1,1,1,1,1,1,1,1
"5947",0,1,0,0,0,1,0,0,0,0,0,1
"9955",0,1,0,1,0,1,1,1,1,0,0,0
"2512",1,1,1,1,1,1,1,1,1,1,1,1
"94033",1,1,1,1,1,1,1,1,1,1,1,1
"5948",0,0,0,0,0,1,0,0,0,0,0,0
"29881",0,0,0,0,0,0,0,0,0,0,0,1
"1727",1,1,1,1,1,1,1,1,1,1,1,1
"9953",0,1,0,0,1,0,0,1,1,0,1,1
"64711",0,0,0,0,0,0,0,0,0,0,0,1
"949",0,0,0,0,1,1,0,1,1,0,1,1
"2350",0,0,0,0,0,1,0,0,1,0,0,0
"55501",0,0,0,0,0,0,1,1,1,1,1,0
"51706",1,1,1,1,1,1,1,1,0,1,1,1
"3248",0,0,0,1,0,0,1,1,0,1,1,0
"51700",0,0,0,0,1,0,0,0,0,0,0,1
"166929",1,1,1,1,1,1,1,1,1,1,1,1
"10587",1,0,0,1,0,1,1,1,0,0,0,0
"166012",0,0,0,0,0,0,0,0,1,0,0,0
"113189",0,1,0,1,1,0,1,1,1,0,0,1
"56261",1,1,1,1,1,1,1,1,1,1,1,1
"50515",1,1,1,1,1,1,1,1,1,1,1,1
"80347",1,1,1,1,1,1,1,1,1,1,1,1
"3658",0,0,1,1,1,1,1,0,1,1,0,0
"93034",0,1,0,1,1,1,0,0,0,1,0,0
"84618",1,1,1,1,1,1,1,1,1,1,1,1
"411",0,0,1,1,0,0,0,0,1,1,1,1
"203",0,0,1,0,0,1,0,1,0,1,1,1
"22978",1,1,0,1,1,0,1,0,1,0,1,0
"122481",1,1,1,1,1,1,1,1,1,1,1,1
"100526794",1,1,1,1,1,1,1,1,1,1,1,1
"159",1,1,0,1,1,1,0,1,1,1,1,1
"51251",1,1,1,1,1,1,1,1,1,1,1,1
"23563",0,1,0,0,0,0,0,0,0,1,0,0
"122622",0,1,1,0,1,1,0,0,1,0,1,1
"10164",0,0,0,0,1,0,0,0,0,0,0,0
"353",1,1,1,1,1,1,1,1,1,1,1,1
"11212",1,1,1,1,1,1,1,1,1,1,1,1
"3251",1,1,1,1,1,1,1,1,1,1,1,1
"383",1,1,0,1,0,1,0,1,0,1,0,1
"9435",0,1,1,1,1,0,0,1,1,0,0,1
"1371",1,1,1,0,0,1,0,0,1,1,0,1
"4166",1,1,1,1,1,1,1,1,1,1,1,1
"56954",0,1,1,0,1,0,0,1,0,1,1,0
"1503",0,1,0,1,0,1,0,1,0,1,1,0
"9469",1,1,1,1,1,1,1,1,1,1,1,1
"56474",1,1,0,0,1,1,0,1,1,0,0,1
"8534",0,0,0,0,0,0,1,0,0,0,0,0
"1491",1,0,1,1,0,0,1,1,0,1,0,0
"5313",1,1,1,1,1,1,1,1,1,1,1,1
"92086",1,1,1,1,1,1,1,1,1,1,1,1
"2987",1,1,1,1,1,1,1,1,1,1,1,1
"56548",1,1,1,0,1,0,0,1,1,1,1,1
"5860",0,1,1,1,1,1,1,1,1,1,1,1
"9394",0,0,0,1,0,1,1,1,1,0,1,0
"728441",0,0,0,0,0,0,1,0,0,0,0,0
"124975",0,0,1,0,0,0,0,0,0,1,0,0
"9453",1,1,1,1,0,1,1,0,1,0,0,1
"2686",0,1,1,0,1,1,0,0,1,1,0,0
"2023",1,1,1,1,1,1,1,1,1,1,1,1
"2027",1,1,0,0,0,0,0,1,1,0,1,1
"90161",1,1,1,1,1,1,1,1,1,1,1,1
"91227",0,0,0,0,0,0,0,0,0,0,1,0
"2026",1,1,1,1,1,1,1,1,1,1,1,1
"102724197",0,0,0,0,0,0,1,0,0,0,0,0
"266722",0,0,0,0,0,0,0,0,0,0,0,1
"9843",1,1,1,1,1,1,1,1,1,1,1,1
"2799",1,0,1,1,0,0,1,1,1,1,1,1
"80308",1,1,1,1,1,1,1,1,1,1,1,1
"10157",1,0,1,1,0,1,0,0,1,1,1,1
"118881",1,1,1,1,0,1,1,1,1,1,1,1
"5211",1,1,1,1,1,1,1,1,1,1,1,1
"7360",1,1,1,1,1,1,1,1,1,1,1,1
"2819",0,0,0,0,0,1,0,0,0,0,0,0
"3176",0,0,0,0,0,0,0,1,1,0,1,0
"26330",1,1,1,1,1,1,1,1,1,1,1,1
"1757",1,0,1,1,1,1,0,1,0,0,0,0
"81537",0,1,1,0,1,1,1,1,0,0,1,1
"2597",1,1,1,1,1,1,1,1,1,1,1,1
"29926",1,1,1,1,1,1,1,1,1,1,1,1
"2673",1,0,1,1,1,0,0,0,1,0,1,1
"9945",0,0,0,0,0,0,1,0,1,1,1,1
"6652",0,1,1,1,0,0,0,1,1,1,1,0
"29925",1,0,1,0,1,0,0,1,1,1,0,0
"51557",0,1,0,0,0,0,0,0,0,0,1,1
"875",0,1,0,0,0,0,0,0,0,0,0,0
"6342",1,1,1,1,1,1,1,1,1,1,1,1
"2752",1,1,1,1,1,1,1,1,1,1,1,1
"102724560",0,0,0,0,0,0,0,0,0,1,0,0
"1800",0,0,0,0,0,1,0,0,0,0,0,0
"249",0,1,0,0,0,0,0,0,0,0,0,0
"9056",0,0,0,1,0,0,0,0,1,0,0,1
"2762",0,0,1,0,1,0,1,0,1,0,1,1
"10558",1,1,1,1,1,1,1,1,1,0,1,1
"2643",1,1,0,1,1,1,0,1,1,1,1,1
"22934",1,1,1,1,1,1,1,1,1,1,1,1
"761",0,0,0,0,1,0,0,0,0,0,1,0
"51292",1,1,1,1,1,1,1,1,1,1,1,1
"55304",0,1,0,0,1,0,0,0,0,0,0,1
"766",1,0,0,0,0,0,0,1,1,0,0,0
"9517",0,0,0,1,1,1,1,1,1,1,0,0
"2098",1,1,1,1,1,1,1,1,1,1,1,1
"8879",1,0,0,1,1,0,0,1,1,0,0,1
"2766",1,0,0,1,0,1,1,1,0,0,0,0
"771",0,0,0,1,0,0,0,0,0,0,0,0
"4284",1,0,0,0,1,1,1,1,0,1,0,0
"57571",1,0,0,1,1,1,0,1,0,1,1,0
"8869",0,1,0,1,1,1,0,1,0,1,0,1
"362",1,1,1,1,1,1,1,1,1,1,1,1
"358",0,0,0,0,0,1,0,0,0,0,0,1
"8833",1,1,1,1,0,0,1,1,1,0,0,1
"641371",1,0,0,1,1,1,1,0,1,1,1,0
"361",0,0,0,0,0,1,0,0,0,0,0,0
"5538",1,1,1,1,1,1,1,1,1,1,1,1
"56848",1,0,1,1,1,0,0,1,1,1,0,0
"359",1,1,1,1,1,1,1,1,1,1,1,1
"8877",0,0,0,1,0,0,1,0,1,0,0,1
"3145",1,1,0,0,1,0,1,1,1,1,0,0
"9374",1,0,1,0,1,1,1,1,1,0,1,1
"11332",0,1,0,0,0,0,1,1,1,1,0,0
"586",0,0,0,0,0,1,0,1,1,0,0,1
"55825",0,1,1,0,0,0,1,1,0,1,1,1
"130752",1,1,1,1,1,1,1,1,1,1,1,1
"51102",0,1,1,0,0,0,1,0,1,1,1,0
"3615",1,1,1,1,1,1,1,1,1,1,1,1
"3614",1,1,1,1,1,1,1,1,1,1,1,1
"37",1,1,1,1,1,1,1,1,1,1,1,1
"55512",0,1,0,1,1,1,0,1,0,1,1,0
"55627",1,0,1,0,1,1,0,0,1,0,1,0
"33",1,1,1,1,1,1,1,1,1,1,1,1
"682",1,1,1,1,1,1,1,1,1,1,1,1
"132158",1,0,1,1,1,0,1,1,0,1,0,0
"339221",1,1,1,1,1,1,1,1,1,1,1,1
"6609",1,0,0,1,0,1,0,1,1,1,1,1
"641649",1,1,0,0,0,1,1,0,0,1,0,1
"4351",1,1,1,1,1,1,1,1,0,0,1,1
"23475",0,1,1,0,0,1,0,1,1,0,0,1
"6610",0,1,0,0,1,1,1,1,1,1,0,1
"100287639",0,0,0,0,0,0,0,0,1,0,0,0
"259230",1,0,1,0,1,1,1,0,0,1,1,1
"93100",1,1,1,1,1,1,1,0,1,1,1,1
"441024",1,0,1,0,0,1,1,1,0,1,0,1
"50484",0,1,0,0,1,0,1,1,1,0,1,0
"65220",0,1,0,0,1,0,0,1,1,0,1,0
"6241",0,0,1,0,0,0,1,1,1,0,0,1
"116369",0,0,0,0,0,0,1,0,0,1,0,0
"115111",1,1,1,1,1,1,1,1,1,1,1,1
"389015",1,1,1,1,1,1,1,1,1,1,1,1
"6240",1,1,1,1,1,1,1,1,1,1,1,1
"6553",0,0,0,0,1,1,0,1,0,1,0,0
"3156",1,1,1,1,0,0,1,1,0,0,1,1
"284129",0,1,1,1,1,1,0,0,0,1,1,1
"2821",1,1,1,1,1,1,1,1,1,1,1,1
"115019",0,0,0,0,0,0,0,0,1,0,0,0
"5230",1,1,1,1,1,1,1,1,1,1,1,1
"79966",0,0,0,0,0,0,0,1,1,0,0,1
"5232",0,0,0,0,1,0,0,1,0,0,0,0
"375056",0,1,0,1,1,0,0,0,1,1,0,1
"10588",1,1,0,1,0,0,0,1,1,0,0,1
"5236",1,1,1,0,1,0,1,1,1,1,1,0
"26266",1,0,0,1,1,0,0,0,0,0,1,0
"84890",1,0,0,1,0,0,0,0,1,1,0,1
"55276",1,1,1,1,1,1,1,0,1,0,0,0
"6646",0,1,1,0,0,1,0,0,1,0,0,0
"5372",1,1,1,0,1,1,1,1,1,0,1,1
"6649",1,1,1,1,1,1,1,1,1,1,1,1
"55229",1,1,0,0,0,1,1,1,1,1,0,0
"5373",0,1,0,1,1,0,1,0,1,1,1,1
"79646",1,0,0,0,0,1,1,1,0,1,1,1
"80025",0,1,1,1,1,0,0,1,0,1,0,0
"53354",0,0,1,1,0,1,0,0,1,0,1,0
"6648",1,0,1,1,0,0,0,0,1,0,1,0
"6647",1,1,1,1,1,1,1,1,1,1,1,1
"6697",1,0,0,0,0,0,1,0,1,0,0,0
"6611",1,1,1,1,1,1,1,1,1,1,1,1
"83594",1,0,0,1,0,1,0,0,0,0,0,1
"7263",0,1,0,0,0,1,0,0,1,0,0,1
"26275",0,0,1,1,0,1,1,0,0,1,1,0
"6723",1,1,1,1,1,1,1,1,1,1,1,1
"6713",1,0,1,0,0,1,0,1,1,0,1,0
"2222",1,1,1,1,1,1,1,1,1,1,1,1
"210",1,1,1,1,0,0,1,0,1,0,1,0
"29920",1,1,1,1,1,1,1,1,1,1,1,1
"6715",0,0,1,1,0,1,0,1,1,1,1,0
"60490",1,0,0,1,1,0,0,1,0,0,1,1
"6716",0,1,0,0,0,0,0,0,0,0,0,0
"79717",1,1,1,1,1,1,1,1,1,1,1,1
"15",1,0,0,1,0,0,0,0,0,0,0,1
"7389",1,1,1,1,1,1,1,1,1,1,1,1
"58510",1,1,1,1,1,1,1,1,1,1,1,1
"1595",1,0,0,1,0,1,0,1,0,0,1,1
"130367",0,1,1,0,1,1,0,1,0,0,0,0
"6532",0,1,0,0,0,1,0,1,0,0,0,0
"153201",1,0,0,1,0,0,0,0,0,0,0,1
"10478",0,0,1,1,0,1,1,1,0,0,1,0
"221823",0,0,0,0,1,0,1,0,1,0,1,0
"23443",1,1,0,0,0,1,0,1,1,1,0,0
"5634",1,1,1,1,1,1,1,1,1,1,1,1
"64240",0,0,0,0,1,0,0,0,0,0,0,0
"6487",0,0,0,1,1,0,0,1,0,0,1,1
"5631",1,1,1,1,1,1,1,1,1,1,1,1
"29968",1,0,1,0,1,1,1,0,1,0,0,1
"64241",0,0,0,0,1,0,0,0,0,0,0,0
"284111",0,0,0,1,1,1,0,0,0,0,1,0
"8781",0,0,1,0,1,0,0,0,1,0,1,0
"8435",0,0,1,1,0,1,0,0,1,1,0,1
"5723",0,1,1,0,1,1,0,1,1,0,1,0
"3988",1,1,1,1,1,1,1,1,1,1,1,1
"55312",0,1,0,1,0,0,0,1,1,1,1,0
"6888",1,1,1,1,1,1,1,1,1,1,1,1
"79896",1,1,0,0,1,0,1,0,0,1,1,1
"8277",0,1,1,0,1,0,0,1,0,0,1,1
"768",0,0,0,0,0,1,0,0,0,0,0,0
"84076",1,1,1,1,1,1,1,1,1,1,1,1
"762",1,1,1,1,1,1,1,1,1,1,1,1
"765",0,1,1,0,1,1,0,0,1,0,1,0
"7086",1,1,1,1,1,1,1,1,1,1,1,1
"10402",0,0,1,0,0,0,0,0,1,0,0,0
"27010",1,1,0,1,1,0,1,0,1,0,0,1
"286016",1,0,0,0,0,1,0,0,1,0,0,0
"10610",0,0,0,0,1,1,1,0,0,0,1,1
"23632",0,1,0,1,0,1,0,0,0,1,0,1
"7167",1,1,1,1,1,1,1,1,1,1,1,1
"760",0,0,0,0,0,0,1,1,1,1,0,1
"256435",0,0,0,1,1,1,0,0,1,0,0,0
"2582",1,0,1,0,0,1,1,0,1,1,1,1
"30815",1,1,0,1,1,0,1,0,1,0,0,0
"81849",1,1,1,1,1,1,1,1,1,1,1,1
"767",1,1,1,1,1,1,1,1,1,1,1,1
"759",1,1,1,1,1,1,1,1,1,1,1,1
"91373",0,1,1,1,1,1,0,0,0,1,1,0
"377677",1,0,1,1,1,0,0,0,0,0,0,1
"31",1,1,0,0,0,1,0,1,1,1,0,1
"6675",1,1,1,1,0,1,1,1,1,1,1,1
"6556",0,0,1,1,0,1,0,1,1,1,0,0
"7390",0,1,0,0,1,0,1,0,0,0,1,1
"6563",1,1,0,0,0,0,0,0,1,1,1,0
"8170",0,0,0,0,0,1,0,0,0,0,0,1
"6568",0,0,0,0,0,0,1,0,0,0,1,0
"374569",0,0,0,0,0,1,0,0,0,0,0,0
"7779",1,0,0,0,1,1,0,1,1,0,1,0
"54020",1,1,1,1,1,0,1,0,0,0,0,0
"100507855",1,0,0,0,0,0,1,0,0,1,0,0
"285440",0,1,1,1,0,0,0,1,0,1,1,0
"55191",0,1,0,0,1,0,1,1,1,0,1,1
"132",1,1,1,1,1,1,1,1,1,1,1,1
"97",1,1,1,1,1,1,1,1,1,1,1,1
"98",1,1,0,1,1,0,1,0,0,0,0,1
"112611",1,0,1,0,1,1,1,1,0,1,0,0
"51005",0,0,1,1,1,0,0,1,0,1,0,1
"471",1,1,1,1,1,1,1,1,1,1,1,1
"435",1,0,0,0,1,1,1,0,1,1,1,1
"171425",1,0,0,0,1,1,0,1,0,0,0,1
"132789",1,1,0,0,1,1,0,1,0,1,0,1
"10007",1,1,1,1,1,0,1,1,1,1,1,1
"2585",0,1,1,1,0,0,0,1,1,0,1,1
"2584",0,0,0,0,1,0,1,1,1,1,1,1
"2592",1,1,1,1,1,1,1,1,1,1,1,1
"5471",1,1,0,1,0,1,1,0,1,0,0,0
"84264",1,1,0,0,0,0,1,1,0,0,0,1
"3034",1,0,0,0,0,1,0,0,1,0,0,0
"144193",1,1,0,0,0,0,0,0,0,0,1,1
"2739",1,1,1,1,1,1,1,1,1,1,1,1
"8776",1,1,1,1,1,1,0,0,0,0,1,1
"3612",0,0,0,1,0,1,1,1,0,1,0,1
"3613",1,1,1,1,1,0,1,1,0,0,1,0
"2978",1,1,1,1,1,1,1,1,1,1,1,1
"4953",1,1,1,1,1,1,1,1,1,1,1,1
"5213",1,1,0,1,0,0,1,1,1,0,0,1
"5214",1,1,1,1,1,1,1,1,1,1,1,1
"10050",1,1,1,1,1,1,1,1,1,1,1,1
"10786",1,1,0,1,1,1,1,0,0,0,1,0
"10246",0,0,0,0,0,1,0,0,0,0,0,0
"6569",1,0,0,0,0,0,0,0,0,1,0,0
"10568",0,0,0,0,0,1,1,0,0,0,0,0
"5198",1,1,0,0,1,1,1,1,0,0,0,1
"113675",0,0,0,0,0,0,0,0,0,0,1,0
"7298",0,1,1,0,1,0,1,1,1,0,0,1
"215",1,0,0,1,1,1,1,0,1,0,1,1
"5825",1,1,0,0,0,1,1,1,1,1,1,1
"641372",0,0,0,0,1,1,0,0,0,0,1,0
"9045",1,1,1,1,1,1,1,1,1,1,1,1
"4017",1,0,1,0,1,1,1,0,0,1,1,0
"84105",0,0,1,1,0,1,1,0,1,1,0,1
"25830",1,1,1,1,1,1,1,1,1,1,1,1
"84569",1,1,1,1,1,1,1,1,1,1,1,1
"4025",1,1,0,0,0,0,0,0,0,0,1,0
"54995",1,1,0,0,1,1,0,0,1,0,0,0
"93492",1,0,0,0,0,0,1,0,0,0,0,1
"1267",1,0,0,0,1,0,0,1,1,0,0,0
"10249",1,1,1,1,1,1,1,1,1,1,1,1
"1549",1,1,1,1,1,1,1,1,1,1,1,1
"1580",1,0,1,1,0,0,0,0,0,0,0,0
"1573",0,0,1,0,1,0,0,0,1,1,0,0
"29785",0,0,0,0,0,0,0,0,1,0,0,0
"199974",1,1,1,1,1,1,1,1,1,1,1,1
"57834",0,0,1,0,0,0,0,0,0,1,0,0
"1555",1,1,1,1,1,1,1,1,1,1,1,1
"260293",1,1,1,1,1,1,1,1,1,1,1,1
"1215",1,1,1,1,1,1,1,1,1,1,1,1
"57094",1,1,1,1,1,1,1,1,1,1,1,1
"1357",1,1,1,1,1,1,1,1,1,1,1,1
"1358",1,1,1,1,1,1,1,1,1,1,1,1
"93979",1,1,1,0,1,1,1,0,0,1,1,0
"23430",1,1,1,1,1,1,1,1,1,1,1,1
"7384",1,1,1,1,1,1,1,1,1,1,1,1
"7388",1,1,1,1,1,1,1,1,1,1,1,1
"7386",1,1,1,1,1,1,1,1,1,1,1,1
"29796",1,1,1,1,1,1,1,1,1,1,1,1
"7385",1,1,1,1,1,1,1,1,1,1,1,1
"1537",1,1,1,1,1,1,1,1,1,1,1,1
"9481",1,1,0,0,0,1,0,0,0,0,0,0
"9016",1,0,0,0,0,1,1,1,0,1,0,0
"7352",0,1,1,0,1,0,0,1,0,0,1,1
"7351",1,1,1,1,1,1,1,1,1,1,1,1
"4726",1,1,1,1,1,1,1,1,1,1,1,1
"4729",1,1,0,1,1,1,1,0,0,0,0,0
"4541",1,1,1,1,1,1,1,1,1,1,1,1
"4719",0,0,1,1,1,0,0,1,0,1,0,0
"4713",1,1,1,1,1,1,1,1,1,1,1,1
"4718",1,1,1,1,1,1,1,1,1,1,1,1
"7991",0,0,0,0,1,0,0,0,0,0,0,0
"126328",1,1,1,1,1,1,1,1,1,1,1,1
"4539",1,1,1,1,1,1,1,1,1,1,1,1
"4731",1,1,0,0,0,1,1,0,1,0,1,1
"4694",1,1,1,1,1,1,1,1,1,1,1,1
"4705",1,1,1,1,1,1,1,1,1,1,1,1
"4704",0,1,1,0,1,0,1,1,1,0,1,0
"4695",1,1,1,1,1,1,1,1,1,1,1,1
"4696",1,1,1,1,1,1,1,1,1,1,1,1
"4707",1,1,1,1,1,1,1,1,1,1,1,1
"4711",1,1,1,1,1,1,1,1,1,1,1,1
"4712",1,1,1,1,1,1,1,1,1,1,1,1
"4702",1,1,1,1,1,1,1,1,1,1,1,1
"4537",1,1,1,1,1,1,1,1,1,1,1,1
"4710",1,1,1,1,1,1,1,1,1,1,1,1
"4700",1,1,1,1,1,1,1,1,1,1,1,1
"4538",1,1,1,1,1,1,1,1,1,1,1,1
"4708",1,1,1,1,1,1,1,1,1,1,1,1
"4709",1,1,1,1,1,1,1,1,1,1,1,1
"4715",1,1,1,1,1,1,1,1,1,1,1,1
"4535",1,1,1,1,1,1,1,1,1,1,1,1
"131669",1,1,1,1,1,1,1,1,1,1,1,1
"79644",1,0,0,0,0,1,1,0,1,1,0,0
"5973",0,0,0,1,1,1,0,1,1,0,0,0
"4698",1,1,1,1,1,1,1,1,1,1,1,1
"55967",1,1,1,1,1,1,1,1,1,1,1,1
"1646",1,0,0,0,0,1,1,0,0,0,0,0
"4701",0,1,1,0,0,1,0,0,0,1,0,1
"4540",1,1,1,1,1,1,1,1,1,1,1,1
"1635",1,1,1,1,1,1,1,1,1,1,1,1
"158160",0,1,0,1,1,1,0,1,1,0,1,1
"286297",0,0,0,0,0,1,0,0,0,0,0,0
"10560",0,1,0,0,1,1,1,1,0,1,0,0
"4717",1,1,1,1,1,1,1,1,1,1,1,1
"374291",0,1,1,0,1,1,1,1,0,1,0,0
"8630",0,1,0,1,0,0,0,0,0,0,0,1
"4724",1,1,1,1,1,1,1,1,1,1,1,1
"4723",1,1,1,1,1,1,1,1,1,1,1,1
"191",1,1,0,1,1,1,0,0,0,1,1,1
"10768",1,0,0,1,0,1,0,0,0,1,1,1
"51170",1,1,1,1,1,1,1,1,1,1,1,1
"51144",0,0,0,1,1,1,0,1,0,1,0,1
"83401",0,0,0,0,1,0,0,0,1,0,0,0
"25874",1,1,1,1,1,1,1,1,1,1,1,1
"4720",1,1,1,1,1,1,1,1,1,1,1,1
"79993",1,0,0,0,0,0,0,0,0,0,0,0
"4697",1,1,1,1,1,1,1,1,1,1,1,1
"4728",1,1,1,1,1,1,1,1,1,1,1,1
"51660",1,1,1,1,1,1,1,1,1,1,1,1
"64834",1,1,1,1,1,1,1,1,1,1,1,1
"57198",1,0,1,1,1,1,1,0,0,1,0,0
"4725",1,1,1,1,1,1,1,1,1,1,1,1
"201562",1,0,1,1,1,0,0,1,0,1,1,0
"5205",0,0,0,1,1,1,0,1,1,1,0,0
"51495",1,1,1,0,1,0,0,0,1,0,1,1
"23250",0,1,0,1,1,1,0,0,0,1,0,1
"4706",1,1,1,1,1,1,1,1,1,1,1,1
"9200",1,0,0,0,1,1,1,1,0,0,1,1
"192286",1,1,1,1,1,1,1,1,1,1,1,1
"286410",0,0,0,0,1,1,0,1,1,0,1,1
"401494",1,0,1,0,1,0,0,1,1,1,1,1
"5243",1,0,0,0,1,0,1,0,1,1,1,1
"55856",0,0,1,0,0,1,1,1,1,0,1,0
"9524",1,1,1,1,1,1,1,1,1,1,1,1
"54539",1,1,1,1,1,1,1,1,1,1,1,1
"7350",1,1,1,1,1,1,1,1,1,1,1,1
"253017",1,0,0,0,0,0,1,0,1,0,0,0
"4716",1,1,1,1,1,1,1,1,1,1,1,1
"283985",0,0,0,0,0,0,1,0,0,0,0,1
"3995",0,0,0,1,0,0,1,1,1,0,0,1
"4536",1,1,1,1,1,1,1,1,1,1,1,1
"26027",0,0,0,0,0,1,0,0,1,0,0,0
"10058",0,0,0,1,0,1,0,0,0,0,1,1
"1155",1,1,1,1,1,1,1,1,1,1,1,1
"4714",1,1,1,1,1,1,1,1,1,1,1,1
"4722",1,1,1,1,1,1,1,1,1,1,1,1
"123096",1,0,0,1,0,0,1,0,1,1,1,0
"51079",1,1,1,1,1,1,1,1,1,1,1,1
"51458",1,1,1,1,1,1,1,1,1,1,1,1
"948",1,0,1,0,0,0,0,0,1,0,0,0
"114571",1,1,1,1,1,1,1,1,1,1,1,1
"1339",1,1,1,1,1,1,1,1,1,1,1,1
"57016",1,1,1,1,1,1,1,1,1,1,1,1
"10928",0,1,0,0,0,1,0,1,0,1,1,1
"79707",0,0,0,1,0,1,1,0,1,1,1,0
"1728",1,1,0,0,1,1,0,1,0,0,1,0
"1345",1,1,1,1,1,1,1,1,1,1,1,1
"79672",1,1,1,1,1,1,1,1,1,1,1,0
"1329",1,1,1,1,1,1,1,1,1,1,1,1
"2946",1,0,1,1,1,1,0,0,0,0,1,0
"9917",0,0,0,1,1,1,0,0,0,1,1,0
"55331",0,1,1,1,1,0,1,0,0,0,0,1
"341947",1,1,1,1,1,1,1,1,1,1,1,1
"125965",1,0,0,0,0,1,0,0,0,1,0,0
"55277",1,1,0,1,0,0,0,0,0,1,0,1
"125981",1,1,0,0,1,1,0,0,0,0,0,1
"340485",0,0,0,1,0,0,1,0,0,0,0,0
"64122",1,0,1,1,0,1,1,0,0,0,0,0
"1327",1,1,1,1,1,1,1,1,1,1,1,1
"92370",1,1,1,0,0,0,1,0,0,0,1,1
"4513",1,1,1,1,1,1,1,1,1,1,1,1
"2760",0,1,0,1,1,0,0,1,1,1,0,0
"1346",0,1,0,0,0,0,0,0,0,1,0,0
"93650",0,0,0,0,0,0,1,0,0,1,1,1
"5660",1,1,1,1,1,1,1,1,1,1,1,1
"390928",0,0,0,1,0,0,0,0,0,0,0,0
"57704",1,1,0,1,0,1,0,1,0,1,1,0
"4759",1,1,1,1,1,1,1,1,1,1,1,1
"1347",1,1,1,1,1,1,1,1,1,1,1,1
"139596",0,1,1,1,0,0,0,1,0,0,0,0
"1337",1,1,1,1,1,1,1,1,1,1,1,1
"55066",0,1,0,0,1,1,0,1,0,1,1,1
"4514",1,1,1,1,1,1,1,1,1,1,1,1
"10825",0,1,0,1,1,0,0,1,0,1,0,1
"283208",0,0,0,0,0,1,1,0,0,0,0,0
"7903",1,1,0,0,0,0,1,1,1,0,1,1
"1351",1,1,1,1,1,1,1,1,1,1,1,1
"84701",1,1,1,1,1,1,1,1,1,1,1,1
"5033",1,1,1,1,1,1,1,1,1,1,1,1
"1350",1,1,1,1,1,1,1,1,1,1,1,1
"8974",1,0,0,0,0,0,1,1,0,0,0,0
"4512",1,1,1,1,1,1,1,1,1,1,1,1
"8513",0,0,0,0,0,1,0,0,1,0,0,0
"58478",1,1,1,1,1,1,1,1,1,1,1,1
"55256",1,1,1,1,1,1,1,1,1,1,1,1
"5408",1,1,1,1,1,1,1,1,1,1,1,1
"170712",1,1,1,1,1,1,1,1,1,1,1,1
"259307",1,0,1,1,0,0,0,0,1,1,0,1
"9377",1,1,1,1,1,1,1,1,1,1,1,1
"51312",0,0,0,1,0,1,0,1,1,1,1,0
"9167",1,1,1,1,1,1,1,1,1,1,1,1
"1340",1,1,1,1,1,1,1,1,1,1,1,1
"57104",1,1,1,1,1,1,1,1,1,1,1,1
"81894",1,0,1,1,1,1,1,1,1,1,1,1
"13",0,0,0,0,1,0,0,0,0,0,0,0
"1349",1,1,1,1,1,1,1,1,1,1,1,1
"29085",1,1,1,1,1,1,1,1,1,1,1,1
"9388",0,1,1,0,0,0,0,0,0,1,0,0
"5407",1,1,1,1,1,1,1,1,1,1,1,1
"9107",1,0,1,0,1,1,0,0,0,1,0,1
"22908",1,1,0,0,0,1,1,1,0,1,0,1
"163404",1,1,1,1,1,1,1,1,1,1,1,1
"3991",0,0,1,1,1,1,0,1,1,0,1,0
"22876",1,0,0,1,1,1,0,0,0,1,1,1
"221955",1,0,0,1,0,1,1,1,0,0,1,1
"5406",1,1,1,1,1,1,1,1,1,1,1,1
"9896",0,1,1,0,1,1,1,1,1,1,1,0
"747",1,0,1,0,1,0,1,0,1,1,1,0
"51559",1,0,0,1,1,1,0,0,0,1,1,1
"119548",0,0,0,0,0,0,0,0,1,0,0,0
"646486",1,1,1,1,1,1,1,1,1,1,1,1
"9108",0,0,0,1,0,1,0,1,0,0,0,1
"84814",0,0,0,0,0,0,0,1,0,0,0,0
"23371",0,0,1,0,1,0,0,0,0,0,1,1
"2167",1,1,1,1,1,1,1,1,1,1,1,1
"2172",0,1,0,0,0,0,0,0,0,0,0,1
"8446",1,1,1,1,1,1,1,1,1,1,1,1
"2173",0,0,0,0,0,0,0,1,0,0,0,0
"51496",1,0,0,0,0,1,0,0,1,1,1,0
"374462",0,0,0,0,0,1,1,1,1,0,0,0
"2169",0,0,0,1,0,0,0,0,0,1,0,0
"403313",1,1,1,0,1,1,0,0,0,1,0,1
"23203",1,0,1,1,1,1,1,1,1,1,1,0
"2171",0,1,0,0,0,1,1,1,0,0,0,1
"145553",0,0,1,0,1,0,1,0,1,1,1,0
"646480",1,1,1,1,1,1,1,1,1,1,1,1
"2170",0,1,0,0,1,1,0,0,1,1,1,1
"64419",1,1,1,1,1,1,1,1,1,1,1,1
"54988",1,1,1,1,1,1,1,1,1,1,1,1
"55613",0,1,0,1,0,0,0,1,1,0,0,0
"341392",0,0,1,0,0,0,0,0,0,0,0,0
"138639",1,1,1,1,1,0,0,1,0,0,0,0
"9562",0,1,0,0,1,0,1,1,1,0,1,0
"123876",1,1,1,1,1,1,1,1,1,1,1,1
"3705",1,0,0,0,0,0,0,1,1,0,0,0
"6296",1,1,0,1,1,1,1,0,1,0,0,0
"138429",0,0,0,0,0,1,0,0,0,1,0,1
"348158",1,1,1,1,1,1,1,1,1,1,1,1
"344967",0,0,1,0,0,0,1,0,1,1,1,0
"10170",0,0,0,0,0,0,0,0,1,1,0,0
"9249",1,1,1,1,1,1,1,1,1,1,1,1
"220074",0,0,1,0,0,1,1,0,1,1,0,1
"51099",1,1,1,1,0,1,0,0,0,0,1,0
"154141",0,0,1,0,1,1,0,0,1,0,0,1
"1733",0,0,0,0,0,0,0,0,0,0,0,1
"253558",1,1,0,0,1,1,1,1,0,0,1,1
"64748",0,0,0,0,1,0,0,1,1,1,0,1
"23175",0,1,0,1,1,1,0,0,0,1,0,1
"1735",0,0,1,0,0,0,0,0,0,0,0,0
"1734",0,0,0,0,0,0,0,0,0,0,0,1
"27284",1,1,1,1,1,1,0,0,0,0,0,0
"6819",0,0,0,0,1,0,0,0,0,0,0,0
"84513",1,1,1,1,1,1,1,1,1,1,1,1
"79948",0,0,0,1,0,1,0,0,0,0,1,1
"84274",1,1,1,1,1,1,1,1,1,1,1,1
"9890",1,1,0,1,0,0,0,0,0,0,0,0
"84787",0,1,0,1,1,0,0,0,1,1,0,0
"79813",0,0,0,1,1,1,0,1,1,1,0,0
"64900",0,0,1,0,1,1,0,0,0,0,1,0
"9663",1,1,1,1,1,1,1,1,1,1,1,1
"9757",0,0,0,0,1,1,0,0,1,1,1,1
"196051",1,1,1,1,1,1,1,1,1,1,1,1
"9869",1,0,1,1,0,1,1,1,1,0,0,1
"85465",1,1,1,0,1,1,1,1,0,0,1,0
"23646",1,1,1,1,1,1,1,1,1,1,1,1
"122618",0,0,0,0,0,0,0,0,1,0,0,0
"29072",1,1,1,1,1,1,1,1,1,1,1,1
"201164",1,1,0,0,1,1,0,0,1,0,1,0
"590",0,0,0,1,0,0,1,0,0,0,0,0
"80854",1,0,0,1,0,1,0,0,0,1,0,1
"55750",1,0,0,1,1,0,1,1,1,0,0,1
"387893",0,1,0,0,1,1,0,1,0,1,1,0
"84444",0,0,1,1,1,1,0,1,0,0,1,1
"4297",0,0,0,0,0,1,0,0,0,1,1,1
"91012",1,1,1,1,1,1,1,1,1,1,1,1
"204219",0,0,1,0,1,0,0,0,0,0,0,0
"10715",1,1,1,1,1,1,1,1,1,1,1,1
"58508",0,0,0,0,1,1,0,0,0,1,1,1
"253782",0,1,1,1,1,1,0,1,0,1,0,0
"55870",1,1,1,0,0,1,0,0,0,1,0,1
"29956",1,1,1,1,1,0,1,1,1,1,1,1
"10919",1,0,1,1,1,1,1,1,0,0,0,0
"6839",1,0,1,0,1,1,1,0,1,0,1,0
"79603",1,0,1,0,1,1,1,0,1,0,1,0
"64324",0,1,0,1,0,1,0,0,1,1,1,1
"56624",0,0,0,1,1,0,0,1,1,0,1,1
"6419",1,1,1,1,0,0,1,1,0,0,1,1
"170384",1,0,0,0,0,0,0,1,1,1,1,1
"23067",0,1,0,0,1,1,0,0,0,1,1,1
"56886",0,0,1,1,0,1,1,1,0,1,0,1
"54904",1,1,1,1,1,1,1,1,1,1,1,1
"2526",1,0,0,1,0,1,1,0,1,0,0,1
"152586",1,1,1,1,1,1,1,1,1,1,1,1
"148789",1,0,1,0,1,0,1,1,1,1,1,0
"200810",0,0,1,0,1,0,1,0,1,0,0,1
"55624",1,0,1,0,0,0,0,1,1,0,1,0
"64754",1,0,0,1,1,1,0,0,1,0,1,0
"56983",0,1,1,1,1,1,0,0,1,0,1,0
"79723",0,1,1,1,1,0,0,1,0,0,0,0
"644378",1,1,1,1,1,1,1,1,1,1,1,1
"55904",1,1,1,1,1,1,1,1,1,1,1,1
"644974",0,1,1,0,0,0,0,0,1,1,0,0
"8702",1,1,0,1,1,1,0,1,0,1,0,0
"9739",0,0,0,0,0,1,1,0,0,1,0,0
"8473",1,1,1,1,1,1,1,1,1,1,1,1
"55830",1,1,1,1,1,1,1,1,1,1,1,1
"7468",1,0,0,1,0,1,1,0,0,1,0,1
"3703",1,1,1,1,1,1,1,1,1,1,1,1
"83852",1,1,1,1,0,0,1,0,0,0,1,0
"8085",1,1,0,0,0,1,0,0,0,1,1,1
"283358",0,0,1,1,1,0,1,0,0,0,0,1
"51111",0,1,1,1,0,0,1,0,0,1,0,1
"55757",0,0,0,0,0,0,0,0,0,0,1,0
"60559",1,1,1,1,1,1,1,1,1,1,1,1
"23478",1,1,1,1,1,1,1,1,1,1,1,1
"146664",1,0,0,1,0,0,0,0,0,0,0,0
"28972",1,1,1,1,1,1,1,1,1,1,1,1
"2529",1,1,1,0,1,1,1,1,1,1,1,1
"360203",1,1,1,1,1,1,1,1,1,1,1,1
"90701",1,1,1,1,1,1,1,1,1,1,1,1
"9789",1,1,1,1,1,1,1,1,1,1,1,1
"57171",0,0,1,0,0,0,1,0,1,1,0,1
"4249",1,0,0,1,1,1,0,0,0,1,1,1
"25834",0,0,0,1,1,1,1,1,0,0,0,0
"7837",1,1,1,1,1,1,1,1,1,1,1,1
"140687",1,0,1,0,1,0,0,0,0,1,0,1
"137902",0,0,0,0,0,1,0,0,0,1,0,0
"8708",1,1,1,1,1,1,1,1,1,1,1,1
"9677",1,0,1,1,0,1,1,0,1,1,0,0
"23262",1,0,1,1,0,0,1,1,0,0,1,1
"201595",1,1,1,1,1,1,1,1,1,1,1,1
"26007",0,0,0,1,1,1,0,1,1,0,1,0
"83468",0,0,0,0,0,0,0,1,1,1,0,0
"158584",1,1,1,1,1,1,1,1,1,1,1,1
"84752",0,1,1,1,1,1,0,0,1,0,1,1
"283209",0,0,0,0,1,1,0,1,1,1,0,1
"145173",0,1,0,1,0,0,1,1,1,0,0,1
"23491",1,1,0,0,0,1,0,0,0,0,0,0
"124872",1,1,1,1,1,1,1,1,1,1,1,1
"84750",0,0,0,1,1,1,1,0,0,1,0,1
"221223",1,1,1,1,1,1,1,1,1,1,1,1
"338707",1,0,0,0,0,1,0,0,0,0,0,1
"1066",0,1,0,0,0,0,0,0,1,0,0,0
"1208",1,1,1,1,1,1,1,1,1,1,1,1
"146802",1,0,0,0,0,0,0,0,0,0,1,0
"168391",1,1,1,1,1,1,1,1,1,1,1,1
"55244",1,1,1,1,1,1,1,1,1,1,1,1
"345274",1,1,1,1,1,1,1,1,1,1,1,1
"116085",1,1,1,1,1,1,1,1,1,1,1,1
"8707",1,0,0,1,1,1,1,0,1,1,0,1
"123688",0,1,1,1,1,1,0,0,0,0,1,0
"51228",1,1,1,1,1,1,1,1,1,1,1,1
"51171",0,1,0,0,1,1,0,1,0,0,1,1
"284004",1,1,1,1,1,0,0,1,0,0,0,0
"79411",0,0,1,1,0,1,0,0,1,0,0,1
"51741",1,1,0,1,1,0,0,1,1,1,1,0
"27090",1,0,1,0,0,0,0,0,1,1,0,0
"129807",0,0,1,0,0,0,0,0,1,1,0,0
"441282",1,0,0,0,0,0,0,0,0,0,0,0
"2524",1,1,0,0,0,0,1,1,1,1,0,0
"10202",1,1,1,1,1,1,1,1,1,1,1,1
"2527",0,0,0,1,0,1,0,0,0,0,0,0
"10553",1,1,1,1,1,1,1,1,1,1,1,1
"121214",1,0,0,0,0,0,1,0,0,0,0,0
"374875",1,1,1,0,0,1,1,1,0,0,0,0
"2528",0,0,0,0,0,0,0,0,0,0,1,0
"113612",0,0,0,1,0,1,0,1,0,1,1,1
"56898",0,0,1,1,1,0,1,0,1,0,0,1
"493869",0,0,0,0,0,0,0,0,0,1,1,0
"1487",1,0,1,1,1,1,0,1,1,1,1,1
"64174",1,1,1,1,1,1,1,1,1,1,1,1
"100288072",1,1,1,0,1,1,0,0,0,1,1,1
"64180",0,0,0,0,0,1,1,0,0,0,0,0
"93517",1,1,0,0,1,1,1,0,0,0,1,0
"10728",1,1,1,1,1,1,1,1,1,1,1,1
"84869",1,1,0,1,0,0,0,1,1,0,0,1
"340811",0,0,0,0,0,1,0,0,0,0,1,1
"91179",1,1,0,1,0,1,0,1,0,0,1,1
"133121",1,1,1,1,1,1,1,1,1,1,1,1
"11102",1,1,0,0,0,1,1,0,0,1,1,1
"85007",1,1,1,1,1,1,1,1,1,1,1,1
"250",1,0,0,1,0,0,0,0,0,0,0,0
"8644",1,0,0,0,1,1,1,1,0,0,1,1
"10826",0,1,0,1,0,1,0,0,1,0,0,0
"251",1,1,1,1,1,1,1,1,1,1,1,1
"266740",1,1,1,1,1,1,1,1,1,1,1,1
"200931",1,0,0,0,0,0,0,0,1,1,1,1
"3930",1,1,1,1,1,1,1,1,1,1,1,1
"123264",1,1,1,1,1,1,1,1,1,1,1,1
"10941",0,0,0,1,0,1,0,0,0,0,0,0
"79799",1,1,1,1,1,1,1,1,1,1,1,1
"4645",0,0,0,0,0,0,0,1,0,0,1,1
"5446",0,0,1,0,0,0,0,0,0,0,0,0
"4864",1,0,0,0,1,0,1,1,1,1,1,0
"506",1,1,1,1,1,1,1,1,1,1,1,1
"3069",1,1,1,1,1,1,1,1,1,1,1,1
"10632",1,1,1,1,1,1,1,1,1,1,1,1
"515",1,1,1,1,1,1,1,1,1,1,1,1
"10476",1,1,1,1,1,1,1,1,1,1,1,1
"513",1,1,1,1,1,1,1,1,1,1,1,1
"522",1,1,1,1,1,1,1,1,1,1,1,1
"539",1,1,1,1,1,1,1,1,1,1,1,1
"9551",1,1,1,1,1,1,1,1,1,1,1,1
"516",1,1,1,1,1,1,1,1,1,1,1,1
"509",1,1,1,1,1,1,1,1,1,1,1,1
"518",1,1,1,1,1,1,1,1,1,1,1,1
"27109",0,1,1,1,0,1,0,0,1,0,0,1
"514",1,1,1,1,1,1,1,1,1,1,1,1
"4905",1,1,1,1,0,0,1,1,0,0,1,0
"517",1,1,1,1,1,1,1,1,1,1,1,1
"521",1,1,1,1,1,1,1,1,1,1,1,1
"498",1,1,1,1,1,1,1,1,1,1,1,1
"267020",1,0,0,0,1,1,1,0,0,0,1,1
"27089",1,1,1,1,1,1,1,1,1,1,1,1
"10975",1,1,1,1,1,1,1,1,1,1,1,1
"7381",1,1,1,1,1,1,1,1,1,1,1,1
"4519",1,1,1,1,1,1,1,1,1,1,1,1
