"","GSM663126","GSM663130","GSM1511432","GSM1511433","GSM1511434","GSM1511435","GSM1511436","GSM1511437","GSM1906875","GSM1906876","GSM1906877"
"314",0,0,0,0,0,0,0,0,0,0,0
"26",0,0,0,0,0,0,0,0,0,0,0
"8639",1,0,1,0,0,1,1,0,0,1,0
"1591",0,1,0,0,0,1,1,1,0,0,0
"1594",0,1,1,0,0,0,1,1,1,0,0
"10993",1,0,1,1,0,0,0,0,1,1,0
"6818",1,1,1,1,1,1,1,1,1,1,1
"89874",0,0,0,0,0,0,0,0,0,0,0
"3945",1,1,1,1,1,1,1,1,1,1,1
"3948",0,0,0,0,0,0,0,0,0,0,0
"55293",1,0,0,0,1,1,1,1,0,1,1
"160287",0,0,1,0,0,0,0,0,0,0,0
"92483",0,0,0,0,0,0,0,0,0,0,0
"3939",1,1,1,1,1,1,1,1,1,1,1
"9194",0,1,1,0,1,1,1,0,0,0,1
"6566",1,0,0,1,0,0,0,0,0,1,0
"9123",1,0,1,0,1,0,1,1,1,0,0
"57835",1,0,0,0,1,0,1,1,0,1,0
"8671",0,0,0,0,0,0,1,0,0,0,0
"1738",1,1,1,1,1,1,1,1,1,1,1
"4967",1,1,1,0,1,1,1,1,1,1,1
"1743",1,1,1,0,1,1,1,1,1,1,1
"8050",1,1,0,1,1,1,1,1,1,1,1
"128",1,1,1,0,0,1,1,1,1,1,1
"137872",1,1,0,1,1,1,1,0,1,1,1
"130",0,0,0,0,0,0,0,0,0,0,0
"127",0,0,1,0,0,0,1,0,0,0,0
"131",0,0,0,0,0,0,0,0,0,0,0
"126",0,0,0,0,0,0,0,0,0,0,0
"124",0,0,0,0,0,0,0,0,0,0,0
"125",0,0,0,0,0,0,0,0,0,0,0
"1312",0,1,0,1,0,0,1,1,1,0,0
"117247",1,0,0,0,1,1,1,1,1,0,1
"220",0,0,0,0,0,0,0,0,0,0,0
"221",1,0,1,1,1,0,0,0,1,0,1
"218",1,0,0,1,1,0,1,1,1,1,0
"222",0,0,0,0,0,0,0,0,0,0,0
"3242",0,0,0,0,0,0,0,0,0,0,0
"18",1,0,0,0,1,1,0,1,0,1,0
"2531",0,1,1,0,1,0,0,1,0,1,1
"23498",1,0,1,1,0,0,1,0,1,0,1
"55268",1,1,1,1,0,1,1,1,1,1,1
"883",0,1,0,0,1,1,0,1,0,0,1
"51166",0,0,0,0,0,0,1,0,0,0,0
"1644",1,0,1,0,0,1,0,1,0,1,1
"4128",0,0,0,0,0,0,0,0,0,0,0
"4129",0,0,0,0,0,0,0,0,0,0,0
"8604",0,1,0,0,1,0,1,1,1,0,0
"10165",0,1,1,1,1,1,0,0,0,1,0
"2572",0,0,0,0,0,0,0,0,0,0,0
"2571",0,0,0,0,0,0,0,0,0,0,0
"51380",0,1,1,0,1,1,0,0,1,0,0
"2805",1,0,0,1,0,0,1,1,1,0,0
"2806",1,1,1,1,1,1,1,1,1,1,1
"8659",0,1,1,1,1,1,0,0,0,1,0
"6817",1,0,1,1,0,0,1,0,0,1,0
"6799",1,0,1,0,1,1,1,0,1,1,0
"6822",0,0,0,0,0,0,0,0,0,0,0
"6573",0,1,1,1,0,0,0,0,1,0,0
"316",0,0,0,0,0,0,0,0,0,0,0
"6570",0,0,0,0,0,0,0,0,0,0,0
"6571",0,1,1,0,0,0,1,0,0,1,1
"2348",0,0,0,0,0,0,0,0,0,0,0
"2352",0,1,0,0,0,0,1,1,0,1,1
"4125",1,1,1,1,1,1,1,1,1,1,1
"53947",1,0,1,1,0,0,1,0,1,0,0
"51146",0,0,0,0,0,0,0,0,0,0,0
"28",0,1,1,1,0,0,1,0,0,0,1
"206358",1,0,1,1,1,0,0,0,1,0,0
"6538",1,0,0,0,0,1,1,1,0,1,1
"6529",0,0,0,0,0,0,0,0,0,0,0
"6539",0,0,0,1,0,0,1,0,0,0,0
"6540",1,0,1,0,0,1,1,0,1,1,0
"3032",1,1,1,1,1,1,1,1,1,1,1
"10449",1,0,1,0,1,1,0,0,0,0,1
"38",0,1,0,1,0,1,1,1,1,1,0
"3030",1,1,1,1,1,1,1,1,1,1,1
"39",1,0,0,1,1,1,0,1,1,1,1
"30",1,0,0,1,1,0,1,1,1,0,0
"32",1,0,1,0,1,1,1,1,1,0,1
"9197",1,0,1,1,0,1,1,0,1,1,0
"79611",0,0,0,0,0,0,0,0,0,0,0
"84532",0,1,1,1,1,0,0,0,0,1,1
"64841",0,1,0,0,1,0,1,1,1,0,0
"55577",1,1,1,1,1,1,1,1,1,1,1
"5238",1,0,1,0,0,0,0,1,1,0,0
"9487",0,1,0,1,0,1,0,1,1,1,0
"162417",1,0,1,1,0,0,1,0,1,0,0
"43",1,0,0,1,0,1,0,0,1,0,0
"6572",0,1,1,1,1,0,1,0,0,1,0
"47",1,1,1,1,1,1,1,1,1,1,1
"54187",1,0,0,0,1,1,1,1,0,0,1
"26503",0,1,0,1,0,1,1,0,1,0,1
"54",1,0,0,1,1,0,0,0,1,0,0
"140838",0,1,0,1,0,1,0,1,1,1,0
"51205",1,0,0,1,1,0,1,1,1,0,1
"36",0,1,0,1,0,1,1,0,1,0,0
"34",0,1,0,1,1,1,0,0,0,0,1
"35",1,0,1,1,1,1,0,0,1,0,0
"84129",1,1,1,1,1,1,1,1,1,1,1
"28976",0,1,0,1,1,1,0,0,1,0,0
"80724",1,0,0,1,0,1,0,1,1,0,0
"27034",0,1,1,1,0,0,1,0,1,1,1
"3712",1,0,0,1,1,1,0,0,1,0,1
"134526",0,0,0,0,0,0,0,0,0,0,0
"51",0,1,1,0,0,1,0,1,1,1,0
"95",0,1,1,0,1,0,0,1,1,0,1
"50",1,1,1,1,1,1,1,1,1,1,1
"48",0,1,0,1,1,0,0,0,0,1,0
"8309",0,0,0,0,0,0,0,0,0,0,0
"52",1,1,1,1,1,1,1,1,1,1,1
"55",0,0,0,0,0,0,0,0,0,0,0
"788",0,1,1,1,0,0,1,0,0,1,0
"55902",0,1,0,0,0,0,1,1,1,0,0
"65985",1,0,1,0,0,1,0,1,1,1,0
"438",0,0,0,0,0,0,0,0,0,0,0
"1571",0,1,1,1,0,1,0,0,1,0,1
"100",1,1,1,0,1,0,1,1,1,1,1
"3177",0,1,1,1,1,0,0,0,1,0,0
"205",1,0,1,1,0,1,0,1,1,0,0
"204",0,1,0,0,1,1,1,1,0,0,1
"26289",0,1,0,1,0,0,1,0,1,0,1
"50808",1,1,1,1,1,1,0,1,1,1,1
"262",1,1,1,1,1,1,1,1,1,1,1
"113",1,1,1,1,1,1,1,1,1,1,1
"109",0,1,1,0,0,1,1,0,1,0,1
"115",1,0,0,1,0,0,1,1,1,0,0
"112",0,1,0,1,1,0,1,1,1,0,0
"107",1,0,1,0,0,1,0,0,0,1,1
"114",1,0,0,1,0,1,0,0,0,0,0
"55811",0,0,0,0,0,0,0,0,0,0,0
"196883",0,1,0,1,0,0,0,0,1,0,1
"111",1,0,0,0,0,1,0,1,1,1,0
"108",0,1,0,0,1,0,1,0,0,0,0
"2030",0,1,0,0,1,0,1,1,1,0,1
"9154",0,0,0,1,0,0,0,1,0,0,0
"64078",0,0,0,0,0,0,0,0,0,0,0
"9153",0,0,0,0,0,0,0,0,0,0,0
"55315",0,1,0,1,0,1,1,1,1,0,0
"11164",1,1,0,1,1,1,1,1,1,1,1
"952",1,0,0,1,1,0,0,1,0,1,0
"1375",1,1,0,1,1,1,1,1,1,1,1
"1374",1,0,1,1,0,0,1,0,0,1,0
"126129",1,0,0,1,1,0,0,1,0,1,0
"1376",0,1,0,1,1,1,0,1,1,0,1
"9061",0,1,0,1,1,0,0,0,1,0,1
"9060",0,1,1,1,0,1,0,1,1,1,0
"158",1,1,1,1,1,1,1,1,1,1,1
"10331",1,0,1,1,0,0,1,0,1,0,0
"374907",1,0,1,1,0,1,0,0,0,1,0
"10678",1,1,1,0,1,1,0,1,1,1,1
"79369",1,0,0,1,0,0,0,0,1,0,1
"11041",1,0,0,1,0,0,1,0,0,1,0
"93010",1,0,1,1,0,0,1,0,0,1,0
"79814",0,1,0,0,1,1,1,1,0,1,0
"56894",1,1,1,0,1,0,1,1,1,1,1
"10555",1,0,1,1,0,0,0,1,1,0,0
"137964",1,1,1,1,1,1,0,1,1,1,1
"56895",0,1,1,1,1,0,0,0,0,0,1
"55326",0,1,0,1,0,0,1,1,0,1,0
"129642",1,0,1,0,0,1,0,1,0,1,0
"64850",0,0,0,0,0,0,0,0,0,0,0
"64902",0,0,0,0,0,0,0,0,0,0,0
"189",1,0,0,1,0,0,0,0,1,0,1
"3074",1,1,1,1,1,1,1,1,1,1,1
"3073",0,1,1,0,1,0,1,0,0,1,1
"10606",1,0,0,1,1,0,0,0,1,0,1
"8402",0,1,1,0,1,0,1,0,1,0,0
"1468",0,1,1,0,0,0,1,1,0,1,1
"64849",0,1,1,1,1,0,0,0,0,1,1
"1645",0,1,0,1,1,1,0,1,1,1,0
"1109",0,0,0,0,0,0,0,0,0,0,0
"6718",0,0,0,0,0,0,0,0,0,0,0
"6510",1,0,0,1,1,0,0,1,1,0,1
"6509",0,1,1,1,1,0,0,1,1,1,0
"56301",1,0,0,1,0,1,1,0,0,0,1
"6520",1,1,1,1,1,1,1,1,1,1,1
"211",1,0,0,1,0,1,0,0,1,0,0
"23464",0,1,0,1,1,0,1,1,1,0,0
"212",1,0,0,1,0,0,1,0,0,1,0
"59272",0,0,0,0,0,0,0,0,0,0,0
"6542",0,0,0,0,0,0,0,0,0,0,0
"6541",0,1,0,1,0,0,0,1,0,0,1
"84889",0,0,0,0,0,0,0,0,0,0,0
"54407",1,1,1,1,1,1,1,1,1,1,1
"81539",1,1,1,1,1,1,1,1,1,1,1
"340024",0,1,1,0,0,0,1,0,1,0,0
"11254",0,0,0,0,0,0,0,0,0,0,0
"57393",0,0,0,0,0,0,0,0,0,0,0
"55089",0,0,0,0,0,0,0,0,0,0,0
"2875",1,0,1,1,0,0,1,0,1,0,0
"84706",0,1,0,1,0,1,1,0,0,1,0
"92745",0,1,1,1,0,0,1,0,1,0,1
"10991",1,0,1,1,0,0,1,0,0,1,0
"284273",0,1,0,1,0,0,1,0,1,0,1
"10327",1,1,1,1,1,1,1,0,1,1,1
"8854",1,0,0,1,1,1,0,0,0,1,0
"224",1,0,1,0,0,0,0,1,1,0,0
"223",1,1,1,1,1,1,1,1,1,1,1
"216",0,0,0,0,0,0,0,0,0,0,0
"501",0,0,0,0,0,0,0,1,0,0,0
"217",0,1,1,0,1,0,0,0,1,0,1
"219",1,0,1,1,0,0,1,0,1,0,0
"239",0,0,0,0,0,1,0,0,0,0,1
"247",0,1,1,1,1,1,1,0,0,1,0
"246",0,0,0,0,0,0,0,0,0,0,0
"231",1,1,1,1,1,1,1,1,1,1,1
"8574",0,1,0,1,1,1,0,0,1,1,0
"23600",1,0,0,1,1,1,0,0,1,0,0
"115286",1,1,1,1,1,1,1,1,1,1,1
"271",1,1,1,1,1,1,1,1,1,1,1
"272",1,0,1,1,1,0,0,0,1,0,0
"270",0,0,0,0,0,0,0,0,0,0,0
"290",1,0,1,0,0,1,1,1,1,0,1
"278",1,1,1,1,1,1,1,1,1,1,1
"277",1,1,1,1,1,1,1,1,1,1,1
"279",1,1,1,1,1,1,1,1,1,1,1
"280",1,1,1,1,1,1,1,1,1,1,1
"6519",1,0,0,1,0,0,0,0,0,1,0
"276",1,1,1,1,1,1,1,1,1,1,1
"11136",0,1,0,1,1,1,1,0,0,1,1
"10998",1,0,0,1,0,0,1,1,0,1,1
"113451",1,0,1,1,0,0,1,1,1,0,1
"9057",1,1,1,1,1,1,1,1,1,1,1
"384",0,1,0,0,1,0,1,1,0,1,0
"445",1,0,1,1,0,0,1,1,0,1,0
"83884",1,0,1,0,1,0,0,0,0,1,0
"10166",0,1,1,0,1,0,1,0,0,0,1
"410",0,1,1,1,0,0,0,0,1,0,0
"427",1,1,1,1,1,1,1,1,1,1,1
"9963",0,1,1,0,1,0,1,1,0,1,1
"9962",0,1,0,0,1,1,1,0,1,0,0
"80150",0,1,0,0,1,1,0,0,0,0,1
"440",1,1,1,0,1,1,1,1,1,1,1
"790",1,0,0,1,1,0,1,0,1,0,0
"6505",0,0,0,0,0,1,0,0,0,0,0
"6512",0,1,1,1,1,0,0,0,0,1,0
"6511",0,0,0,0,0,0,0,0,0,0,0
"6507",0,0,0,0,0,0,0,0,0,0,0
"6506",0,0,0,0,0,0,0,0,0,0,0
"9296",1,1,1,1,1,1,1,1,1,1,1
"51606",1,1,1,1,1,1,1,1,1,1,1
"533",1,1,1,0,1,1,1,1,1,1,1
"90423",0,1,0,0,1,0,0,1,0,1,0
"528",0,1,0,1,0,0,0,1,1,1,0
"525",1,0,1,1,0,0,0,0,0,1,1
"10312",1,1,1,1,1,1,1,1,1,1,1
"127124",0,0,0,0,0,0,0,0,0,0,0
"245973",0,0,0,0,0,0,0,0,0,0,0
"50617",0,0,0,0,0,0,0,0,0,0,0
"9114",1,1,1,1,1,1,1,1,1,1,1
"23545",0,1,1,1,0,0,0,0,1,0,0
"8992",1,1,1,1,1,1,1,1,1,1,1
"535",0,1,1,1,1,0,1,1,0,1,1
"527",1,1,1,1,1,1,1,1,1,1,1
"526",1,1,1,1,1,1,1,1,1,1,1
"523",0,1,1,1,0,0,1,0,1,0,1
"529",1,1,1,1,1,1,1,1,1,1,1
"9550",1,1,1,1,1,1,1,1,1,1,1
"51382",0,1,1,1,0,0,0,0,0,1,1
"245972",0,0,0,0,0,0,0,0,0,0,0
"957",0,1,1,1,0,1,1,0,1,0,1
"956",0,0,0,0,0,0,0,0,0,0,0
"955",0,1,0,0,1,1,1,1,1,0,0
"953",1,0,1,0,1,1,0,0,0,0,1
"954",1,0,0,1,0,0,1,1,0,0,1
"377841",0,0,0,0,0,0,0,0,0,0,0
"293",1,1,1,1,1,1,1,1,1,1,1
"291",0,1,1,1,0,0,0,1,1,0,0
"292",1,1,1,1,1,1,1,1,1,1,1
"4126",1,0,1,1,1,1,0,0,1,0,0
"8706",0,0,0,0,0,0,0,0,0,0,0
"10317",1,0,0,1,1,0,1,1,0,1,0
"84002",0,0,1,0,0,1,0,0,0,0,0
"3141",0,1,1,1,0,0,1,0,0,1,1
"140679",1,0,1,1,0,0,1,0,1,0,1
"8424",0,0,0,0,0,0,0,0,0,0,0
"53630",0,0,0,0,0,0,0,0,0,0,0
"635",0,0,0,0,0,0,0,0,0,0,0
"23743",0,0,0,0,0,0,0,0,0,0,0
"10599",0,0,0,0,0,0,0,0,0,0,0
"1244",1,0,1,0,1,1,1,0,0,1,1
"8714",1,0,0,1,0,0,1,0,1,0,1
"28234",0,0,0,0,0,0,0,0,0,0,0
"645",0,1,0,1,1,1,1,0,0,0,1
"644",1,1,1,0,1,1,1,1,1,1,1
"9488",1,1,1,1,1,1,1,1,1,1,1
"10380",0,1,1,0,1,0,1,1,1,1,0
"686",0,1,1,0,1,0,1,1,1,0,1
"8884",1,1,1,1,1,1,1,1,1,1,1
"80704",0,0,0,0,0,0,0,0,0,0,0
"51733",1,0,1,1,1,0,1,0,0,1,0
"7108",1,0,0,1,1,0,1,1,1,0,1
"50814",0,1,0,1,1,1,0,0,0,1,1
"3295",1,1,1,0,1,1,1,1,1,1,1
"6307",1,1,1,1,1,1,1,1,1,1,1
"493",1,1,1,1,1,1,1,1,1,1,1
"492",0,0,0,0,0,0,0,0,0,0,0
"491",1,0,1,0,0,0,0,0,0,0,0
"490",1,1,1,1,1,1,1,1,1,1,1
"847",1,1,1,0,1,1,0,1,1,1,1
"6543",1,0,1,0,0,0,0,1,0,1,1
"6547",0,1,0,1,0,1,0,0,1,0,1
"6546",0,0,0,0,0,0,0,0,0,0,0
"166785",0,1,0,0,0,1,1,0,1,0,0
"2538",0,0,0,0,0,0,0,0,0,0,0
"92579",0,1,0,0,1,1,0,0,1,1,0
"1373",0,0,0,0,0,0,0,0,0,0,0
"873",1,0,1,0,1,0,0,1,1,0,0
"10423",1,1,1,1,1,1,1,1,1,1,1
"8760",1,1,1,1,1,1,1,1,1,1,1
"1040",0,1,0,0,0,1,1,1,0,1,0
"56994",1,0,1,1,0,0,0,1,0,1,1
"10390",1,1,1,1,1,1,1,1,1,1,1
"64781",1,1,1,1,1,1,1,1,1,1,1
"10087",1,1,1,0,1,1,1,1,1,1,1
"6565",0,0,0,0,0,0,0,0,0,0,0
"9023",0,1,0,0,0,0,1,0,0,0,0
"1103",0,1,0,1,0,0,1,0,1,0,1
"162466",1,0,0,1,0,0,0,0,1,0,0
"9468",0,0,0,0,0,0,0,0,0,0,0
"5130",1,1,1,1,1,1,1,1,1,1,1
"6579",0,0,0,0,0,0,0,0,0,0,0
"6555",0,0,0,0,0,0,0,0,0,0,0
"6554",0,1,0,0,1,1,1,0,0,1,0
"55349",0,1,1,0,1,0,0,0,1,0,1
"1120",0,1,1,0,0,1,1,1,1,1,1
"1119",0,1,1,0,0,1,0,0,0,1,1
"60482",0,0,0,0,0,0,0,0,0,0,0
"6582",0,0,0,0,0,0,0,0,0,0,0
"6584",0,1,0,0,0,1,1,1,1,0,0
"6820",1,0,1,1,1,0,0,0,1,0,0
"10948",0,1,1,1,1,0,1,1,1,0,0
"19",0,1,1,0,1,0,0,1,0,1,0
"1118",0,1,0,1,0,0,1,0,1,1,0
"27159",1,0,1,1,0,0,0,0,0,0,1
"54682",0,0,0,0,0,0,0,0,0,0,0
"9058",0,1,1,1,0,0,1,0,0,1,1
"6576",1,0,1,1,0,1,1,1,1,0,1
"1159",0,1,1,0,0,0,0,1,0,0,0
"548596",0,1,1,0,0,0,0,1,0,0,0
"1160",1,0,1,0,1,0,0,1,0,0,0
"1158",0,0,0,0,0,0,0,0,0,0,0
"1152",0,1,0,1,1,0,0,0,0,1,0
"5172",0,0,0,0,0,0,0,0,0,0,0
"65010",1,0,0,0,1,1,0,0,1,0,1
"54675",1,0,0,0,1,1,0,1,1,0,0
"10559",1,1,1,0,0,1,1,1,1,1,1
"55907",1,0,0,0,1,1,1,1,1,1,1
"8034",0,1,1,1,0,1,0,0,1,1,0
"8824",1,1,0,0,0,1,1,1,1,1,1
"51805",1,0,1,0,0,1,0,1,1,1,0
"51004",0,1,0,1,1,1,1,0,1,0,0
"10229",0,1,0,1,1,1,0,0,0,0,1
"2650",0,1,0,0,1,0,1,1,1,0,1
"9245",0,1,0,1,0,0,1,0,1,0,0
"51301",1,0,1,0,0,1,1,1,0,1,0
"192134",1,0,1,1,0,0,0,0,0,1,0
"386757",1,0,1,0,0,0,1,0,1,0,0
"6535",1,0,0,0,0,0,1,0,1,0,0
"1384",0,1,0,1,0,0,1,1,1,0,0
"6583",0,0,0,0,0,0,0,0,0,0,0
"1431",1,1,1,1,1,1,1,1,1,1,1
"54677",0,1,0,1,0,1,1,0,1,0,0
"8140",0,1,1,1,1,0,1,1,1,1,1
"23428",1,0,1,0,0,0,1,0,0,0,1
"1036",0,0,0,0,0,0,0,0,0,0,0
"23657",0,0,0,0,0,0,0,0,0,0,0
"57379",0,0,0,0,0,0,0,0,0,0,0
"978",0,1,1,1,1,0,0,0,1,0,1
"7371",1,0,1,1,1,0,0,1,1,0,1
"83549",1,1,1,1,1,0,1,1,1,1,1
"51727",1,1,1,1,1,1,1,1,1,1,1
"129607",0,1,0,0,1,0,0,0,1,1,1
"160851",1,0,1,1,0,1,0,0,0,1,1
"8526",1,0,0,1,0,1,0,1,0,1,1
"1606",1,1,1,1,1,1,1,1,1,1,1
"8527",1,1,1,1,1,1,1,1,1,1,1
"1607",0,0,0,0,0,0,0,0,0,0,0
"1608",0,1,0,0,0,0,0,1,0,0,0
"1609",1,0,1,1,1,0,0,0,1,0,0
"8525",1,0,0,1,0,1,1,1,1,0,0
"9162",0,0,0,0,0,0,0,0,0,0,0
"1610",0,0,0,0,0,0,0,1,0,0,0
"51022",0,1,1,1,0,0,1,0,0,1,0
"2745",1,1,1,0,1,1,1,1,1,1,1
"8528",0,0,0,0,0,0,0,0,0,0,0
"10455",1,0,0,0,1,1,0,1,1,0,0
"1632",0,1,1,0,0,1,0,1,1,0,0
"1633",1,1,1,1,1,1,1,1,1,1,1
"1638",0,0,0,0,0,0,0,0,0,0,0
"6319",0,1,0,0,1,0,1,1,0,1,1
"9415",1,0,0,1,0,0,1,0,1,1,0
"3992",1,0,1,0,1,1,0,0,0,0,1
"8694",1,1,0,1,1,1,1,1,1,1,1
"84649",0,1,0,1,0,0,1,1,1,0,1
"1716",1,1,1,0,1,1,1,1,1,1,1
"6513",1,0,0,1,0,0,1,1,1,0,0
"6517",0,1,1,0,1,1,1,0,0,1,0
"6515",1,1,1,1,1,1,1,1,1,1,1
"1718",0,1,0,0,1,0,0,0,0,1,0
"1581",0,0,0,0,0,0,0,0,0,0,0
"1717",0,1,0,1,1,1,0,1,1,0,0
"8560",1,1,1,1,1,1,1,1,1,1,1
"123099",0,1,1,1,1,0,0,0,1,1,0
"11309",1,0,0,1,0,0,1,0,0,1,0
"6783",0,0,0,0,0,0,0,0,0,0,0
"1723",1,0,1,0,0,1,0,1,0,1,0
"1809",0,0,0,0,0,0,0,0,0,0,0
"1808",1,1,0,1,1,1,1,0,1,1,1
"1807",0,0,0,0,0,0,0,0,0,0,0
"23539",1,0,1,0,0,0,1,1,1,0,0
"2224",1,1,1,1,1,1,1,1,1,1,1
"29958",0,0,0,0,0,0,0,0,0,0,0
"60386",0,1,0,0,0,1,1,0,1,0,0
"84920",0,1,1,0,1,1,0,1,1,1,0
"79087",1,0,1,1,1,0,1,0,1,0,0
"26002",0,0,0,0,0,0,0,0,0,0,0
"1621",0,1,0,0,0,0,1,1,1,0,1
"7299",0,0,0,0,0,0,0,0,0,0,0
"6530",1,0,1,1,0,0,1,0,1,0,1
"6581",0,0,0,0,0,0,0,0,0,0,0
"669",0,1,0,0,1,1,0,0,0,0,1
"5224",0,1,0,1,1,0,1,1,1,0,1
"5223",1,1,1,1,1,1,1,1,1,1,1
"4597",0,1,1,1,0,1,0,0,1,0,0
"51071",1,0,0,0,0,1,1,1,1,0,1
"1806",0,1,1,0,1,0,0,1,0,1,1
"7083",0,1,0,1,0,1,0,1,0,0,1
"7084",1,0,1,0,0,0,1,0,1,0,0
"1854",1,1,1,1,1,1,1,1,1,1,1
"3704",1,1,1,0,1,1,1,1,1,1,1
"10682",1,1,1,1,1,1,1,1,1,1,1
"1892",1,1,1,1,1,1,1,1,1,1,1
"549",0,1,0,0,1,1,0,1,1,0,0
"1962",0,0,0,0,0,0,0,0,0,0,0
"1891",1,1,1,1,1,1,1,1,1,1,1
"11001",0,0,0,0,1,0,0,0,0,0,0
"28231",1,0,0,1,1,1,0,0,1,0,1
"53919",0,0,0,0,0,0,0,0,0,0,0
"10257",0,1,1,0,0,1,0,0,1,0,0
"28232",1,1,1,1,1,1,1,1,1,1,1
"2109",1,1,1,1,1,1,1,1,1,1,1
"2108",1,0,0,0,1,0,1,1,0,1,1
"2110",1,0,0,0,1,1,1,0,1,0,1
"55500",1,1,1,1,1,1,1,0,1,1,1
"55224",0,1,1,1,0,0,1,0,1,0,1
"8790",0,0,0,0,0,0,0,0,0,0,0
"51086",0,0,0,0,0,0,0,0,0,0,0
"2181",0,1,0,1,0,1,0,1,0,1,0
"2180",0,1,0,0,1,1,1,0,0,1,1
"2182",0,1,1,1,0,1,0,0,1,0,0
"81616",0,0,0,0,0,0,0,0,0,0,0
"51703",1,1,1,1,1,1,1,1,1,1,1
"23305",1,0,1,0,0,1,1,1,0,1,0
"116285",0,0,0,0,0,0,0,0,0,0,0
"5167",0,0,0,0,0,0,0,0,0,0,0
"5169",0,0,0,0,0,0,0,0,0,0,0
"6785",1,0,0,0,0,1,1,0,0,1,1
"60481",1,1,1,1,1,1,1,1,1,1,1
"54898",0,0,0,0,0,0,0,0,0,0,0
"79071",0,0,1,0,0,0,1,0,0,0,0
"1579",0,1,1,1,1,0,0,0,1,0,1
"2194",1,0,1,1,0,0,1,1,1,0,0
"10999",1,0,0,1,0,0,0,1,1,0,0
"376497",0,1,0,1,0,1,1,0,0,1,0
"230",0,1,1,0,1,0,1,1,1,1,1
"226",1,1,1,1,1,1,1,1,1,1,1
"229",0,0,0,0,0,0,0,0,0,0,0
"5208",0,0,0,0,0,0,0,0,0,0,0
"5207",0,1,0,1,1,0,0,0,0,1,0
"2203",1,0,0,1,1,0,1,1,1,0,1
"5210",1,0,1,1,0,1,1,0,1,0,0
"5209",1,1,1,1,1,1,1,1,1,1,1
"8789",1,0,0,1,0,1,1,1,0,0,1
"2235",0,1,0,1,0,1,0,1,0,1,1
"10840",1,0,1,1,0,1,0,1,0,0,1
"79901",0,0,0,0,0,0,0,0,0,0,0
"197258",0,1,0,1,1,0,1,0,1,0,0
"125061",1,0,0,1,0,1,1,1,0,1,1
"1719",0,1,1,0,1,1,1,0,1,1,0
"2356",0,1,0,1,1,0,0,0,1,0,0
"155184",0,0,0,0,0,0,0,0,0,0,0
"29988",0,1,1,1,0,0,1,0,0,1,1
"66035",0,1,1,0,0,1,0,1,0,0,1
"6518",0,1,1,1,0,1,0,0,0,1,1
"6514",0,0,0,0,0,0,0,0,0,0,0
"160428",0,0,0,0,0,0,0,0,0,0,0
"25902",0,1,0,0,1,0,1,0,0,1,1
"4522",0,1,0,1,1,1,0,0,1,1,0
"2519",0,1,0,1,1,1,0,0,0,1,0
"2517",1,0,0,0,1,0,1,1,1,0,1
"2184",1,0,0,0,0,1,0,1,1,0,1
"2271",1,0,0,1,0,0,1,1,0,1,0
"2523",0,1,1,1,0,0,0,0,1,0,1
"2525",1,0,1,1,0,0,0,0,1,0,1
"10690",0,0,0,0,0,0,0,0,0,0,0
"2683",1,1,1,1,1,1,1,1,1,1,1
"9334",1,0,1,1,0,0,0,0,0,1,1
"8704",1,0,0,0,1,0,1,1,1,0,0
"8703",1,0,0,0,1,0,0,1,0,1,1
"2820",0,1,1,0,1,1,1,0,1,0,0
"5832",0,1,1,1,1,0,0,0,1,0,0
"9563",0,1,1,0,1,0,1,1,1,1,0
"2539",1,0,1,1,0,0,0,0,1,0,1
"2542",1,0,0,1,0,1,0,1,1,0,0
"2593",1,0,1,0,1,0,1,0,1,0,0
"9514",0,1,1,1,1,0,0,0,0,0,1
"5476",1,1,1,1,1,1,1,1,1,1,1
"2720",1,1,1,0,1,0,1,1,1,1,1
"2588",0,1,1,0,0,1,0,0,1,0,0
"2581",1,1,1,0,1,1,1,1,1,1,1
"2583",0,1,0,1,1,1,1,0,1,1,0
"55454",1,1,1,1,1,1,1,1,1,1,1
"55790",1,1,1,1,1,1,1,1,1,1,1
"79586",1,0,1,1,0,0,1,1,1,0,0
"337876",0,0,0,0,0,0,0,0,0,0,0
"22856",1,1,1,1,1,1,1,1,1,1,1
"63917",1,1,1,1,1,1,1,1,1,1,1
"11226",0,1,0,0,1,0,0,1,0,1,1
"55568",1,0,1,1,0,1,0,0,0,1,0
"2589",1,0,0,0,1,1,1,1,1,1,1
"51809",1,0,0,0,1,1,0,0,1,0,0
"8693",0,1,0,0,1,1,0,1,0,1,0
"2591",0,1,1,0,0,0,0,0,0,1,1
"117248",0,0,0,0,0,0,0,0,0,0,0
"26290",0,1,0,1,0,1,0,0,1,0,0
"114805",0,0,0,0,0,0,0,0,0,0,0
"79695",0,1,0,0,0,1,1,1,1,0,1
"50614",1,0,1,1,0,0,0,1,0,1,1
"79623",0,1,1,0,0,0,1,0,1,1,0
"2590",1,0,0,1,0,1,1,1,1,0,0
"11227",0,0,0,0,0,0,0,0,0,0,0
"81031",0,0,0,0,0,0,0,0,0,0,0
"126792",0,1,1,1,0,0,0,0,1,0,0
"11285",1,0,1,1,1,0,0,0,1,0,0
"8972",0,0,0,0,0,0,0,0,0,0,0
"175",1,0,0,0,1,1,1,0,1,1,0
"26301",0,1,1,0,0,0,1,1,0,1,1
"4329",1,0,0,0,0,1,1,0,0,1,0
"7915",1,0,1,1,1,1,0,0,1,0,1
"2731",1,0,0,0,0,1,0,1,0,1,0
"275",1,0,0,1,1,0,0,0,1,0,0
"2653",1,0,0,0,1,1,0,1,1,0,1
"2651",0,1,0,1,0,0,0,0,0,1,0
"55343",1,0,1,1,1,0,1,0,1,0,0
"8836",0,0,0,0,0,0,1,0,0,0,0
"79017",1,1,0,0,1,1,1,1,1,1,1
"8908",0,0,0,0,0,0,0,0,0,0,0
"2992",1,1,1,1,1,1,1,1,1,1,1
"2997",0,1,1,0,1,0,1,1,1,0,0
"2998",0,0,0,0,0,0,0,0,0,0,0
"2687",0,1,1,1,0,0,1,1,1,1,0
"6472",1,1,1,1,1,1,1,1,1,1,1
"6470",1,0,1,0,1,0,1,0,0,0,1
"2717",0,1,0,1,1,0,0,0,1,1,0
"2632",0,1,0,1,0,1,0,1,1,0,1
"2990",1,1,1,1,1,1,1,1,1,1,1
"8372",1,0,0,0,1,0,1,0,0,0,1
"26035",0,1,0,0,1,0,0,1,0,1,0
"54480",1,1,1,1,1,1,1,1,1,1,1
"2131",0,1,0,0,1,1,0,1,0,1,1
"2132",0,1,0,0,1,0,1,0,1,0,0
"27087",1,0,0,1,0,0,0,0,0,1,0
"26229",1,1,1,0,1,1,1,0,0,1,0
"135152",1,0,1,1,0,0,1,1,0,0,1
"4669",0,1,0,1,0,0,1,0,1,0,0
"64579",0,0,0,0,0,0,0,0,0,0,0
"9348",0,0,0,0,0,0,0,0,0,0,0
"8509",1,1,1,1,1,1,1,1,1,1,1
"3340",1,0,0,1,1,0,0,1,0,1,0
"2137",1,0,1,1,1,0,1,0,0,1,1
"2135",0,1,0,1,1,0,0,0,1,0,1
"2134",0,1,0,1,1,1,1,0,1,0,0
"144195",1,1,1,1,1,1,1,1,1,1,1
"154091",0,0,0,0,1,1,0,0,0,0,0
"11182",0,1,1,0,0,0,1,1,0,0,1
"56606",0,1,1,0,0,0,0,1,1,1,0
"6523",0,0,0,0,0,0,0,0,0,0,0
"178",1,1,1,1,1,1,1,1,1,1,1
"5837",1,0,0,0,1,0,1,1,1,1,0
"5834",1,1,1,1,0,1,0,1,1,1,1
"5836",1,0,1,1,1,0,0,1,0,1,0
"2729",0,1,1,0,1,1,0,1,1,0,0
"2730",0,1,0,0,1,1,0,0,0,0,1
"2746",1,1,1,1,1,1,1,1,1,1,1
"2747",1,0,0,1,1,1,0,1,1,0,0
"10841",1,0,1,1,0,0,0,0,0,0,1
"27165",1,0,0,1,0,0,0,1,0,0,1
"2744",1,1,1,1,1,1,1,1,1,1,1
"79751",1,0,1,1,1,0,0,0,1,0,0
"83733",1,0,1,0,0,1,1,0,0,1,0
"2639",0,1,0,0,1,0,0,1,1,0,0
"57084",0,0,0,0,0,0,0,0,0,0,0
"57030",0,1,1,0,0,0,1,1,1,1,0
"246213",0,0,0,0,0,0,0,0,0,0,0
"51179",1,0,1,0,1,0,0,1,0,1,1
"54363",0,0,0,0,0,0,0,0,0,0,0
"2628",0,0,0,0,0,0,0,0,0,0,0
"9380",1,1,1,0,1,0,0,1,1,1,1
"2712",0,0,0,0,0,0,0,0,0,0,0
"2713",0,1,1,0,1,0,0,1,0,1,1
"2710",1,0,1,0,1,0,0,0,0,1,1
"3029",1,1,1,1,1,1,1,1,1,1,1
"6536",1,0,1,1,1,0,0,1,1,0,0
"5226",0,1,0,1,1,0,1,0,0,1,1
"27232",1,0,1,1,0,0,0,0,0,1,0
"57678",1,0,0,0,1,1,0,1,1,0,0
"80055",0,1,1,1,1,0,0,0,0,1,0
"54965",1,0,0,1,0,0,1,1,0,1,1
"93183",0,1,0,0,1,1,1,1,1,1,0
"2936",1,1,1,1,1,1,1,1,1,1,1
"2876",1,1,1,0,1,1,1,1,1,1,1
"7001",1,1,1,1,0,1,1,1,1,1,1
"5052",1,1,1,1,1,1,1,1,1,1,1
"2879",1,1,1,1,1,1,1,1,1,1,1
"2877",0,1,1,0,1,1,1,0,0,1,0
"257202",0,0,0,0,0,0,0,0,0,0,0
"2878",0,1,1,0,1,1,0,1,1,1,0
"2882",1,1,1,0,1,1,1,1,1,1,1
"10935",0,1,0,0,1,1,0,0,1,1,1
"2937",1,1,1,1,1,1,1,1,1,1,1
"2678",0,1,0,1,0,0,0,1,0,0,1
"2679",0,1,0,1,0,0,0,1,0,0,1
"2983",0,0,0,0,0,0,0,0,0,0,0
"4881",1,0,1,1,0,0,1,0,1,1,0
"3000",1,0,1,1,1,1,0,1,0,1,0
"2974",0,1,0,1,0,0,0,0,1,0,1
"4882",1,0,1,0,0,1,1,1,0,0,1
"2986",0,0,0,0,0,0,0,0,0,0,0
"2982",0,0,0,0,0,0,0,0,0,0,0
"2984",0,0,0,0,0,0,0,0,0,0,0
"2977",0,0,0,0,0,0,0,0,0,0,0
"9615",0,0,0,0,0,0,0,0,0,0,0
"763",0,0,0,0,0,0,0,0,0,0,0
"11238",1,1,1,1,1,1,1,1,1,1,1
"23556",1,0,1,0,1,0,1,1,1,0,0
"55650",0,1,0,0,1,1,0,0,0,1,0
"53905",0,1,0,1,0,0,0,0,0,1,0
"50506",0,0,0,0,0,0,0,0,0,0,0
"343",0,1,1,1,0,0,1,0,1,0,0
"5281",1,0,0,0,1,1,0,1,0,1,1
"84720",0,1,0,1,0,0,1,1,1,0,0
"54872",1,0,1,0,0,1,0,1,1,0,0
"80235",1,0,1,1,0,0,1,0,1,0,1
"128869",1,0,1,0,1,1,0,1,1,0,0
"10026",0,1,0,1,0,1,1,1,1,0,1
"51604",1,1,1,1,1,1,1,1,1,1,1
"94005",1,1,1,1,1,1,1,1,1,1,1
"8733",1,1,1,1,1,1,0,1,1,1,1
"3028",1,1,1,0,1,1,1,1,1,1,1
"3033",0,1,1,0,1,1,0,0,1,0,1
"3037",0,0,0,0,0,0,0,0,0,0,0
"3038",1,0,1,0,0,1,0,1,0,0,1
"3036",0,1,0,1,1,1,1,0,1,0,1
"27235",0,1,0,1,0,1,1,0,0,1,1
"6522",0,1,1,1,1,0,1,1,1,0,0
"83697",0,0,0,0,0,0,1,0,0,0,0
"6521",0,0,0,0,0,1,1,1,0,0,0
"6508",0,1,1,1,1,0,0,0,1,0,1
"2645",1,0,0,1,0,1,1,0,0,0,1
"3098",1,1,1,1,1,1,1,1,1,1,1
"3099",1,0,1,0,1,1,1,1,1,0,0
"80201",1,0,0,0,1,0,1,1,1,0,0
"3101",1,0,1,1,1,0,0,0,0,0,1
"3081",0,1,1,0,0,1,1,1,0,0,1
"11112",0,1,0,0,1,1,0,1,1,0,0
"3067",1,0,1,0,1,0,0,0,0,0,1
"496",1,0,0,1,0,0,1,0,0,0,0
"495",1,0,1,1,0,0,1,0,1,1,0
"8942",0,0,0,0,0,0,0,0,0,0,0
"3157",1,0,0,0,1,1,1,1,1,0,1
"3158",0,0,0,0,0,0,0,0,0,0,0
"54511",0,0,0,0,0,0,0,0,0,0,0
"3155",1,0,0,0,0,1,1,0,1,0,1
"3162",0,1,0,1,1,0,0,1,1,0,1
"26062",0,0,0,0,0,0,0,0,0,0,0
"197257",1,0,1,0,1,0,1,0,1,0,1
"6448",1,1,1,1,1,1,1,1,1,1,1
"3290",0,0,0,0,0,0,0,0,0,0,0
"3291",0,1,1,1,0,1,1,0,0,0,1
"3292",1,0,1,0,1,1,0,1,1,0,0
"3294",0,0,0,0,0,0,0,0,0,0,0
"51478",0,1,0,0,0,1,1,1,1,1,0
"3283",0,0,0,0,0,0,0,0,0,0,0
"3284",0,0,0,0,0,0,0,0,0,0,0
"80270",0,1,1,1,1,1,1,0,0,1,0
"57026",1,0,0,1,0,0,0,1,1,0,0
"3419",0,1,0,0,1,1,0,1,1,0,0
"3421",1,1,1,1,1,1,1,1,1,1,1
"3420",1,1,1,1,1,1,1,1,1,1,1
"3417",0,1,0,0,1,0,1,1,0,1,0
"3418",1,1,1,1,1,1,1,1,1,1,1
"7173",1,0,0,1,0,0,0,1,0,1,0
"3425",1,0,0,0,1,1,1,1,1,0,0
"587",1,0,1,1,1,0,0,0,1,0,0
"8501",1,0,1,0,0,0,1,1,0,0,1
"55586",1,0,1,1,0,0,0,1,1,0,0
"114134",0,0,0,0,1,0,0,0,0,0,0
"6526",0,1,0,1,1,1,0,1,0,1,0
"3422",1,1,1,1,1,1,1,1,1,1,1
"91734",1,0,0,0,0,1,0,0,0,0,0
"160728",1,0,1,1,0,0,0,1,0,1,0
"8801",1,1,1,1,1,1,1,1,1,1,1
"8802",0,1,1,0,0,1,1,0,1,0,1
"8803",1,0,0,0,0,1,1,1,1,0,0
"9990",1,1,1,1,1,1,1,1,1,1,1
"6560",1,0,0,1,0,0,0,1,1,0,1
"57468",0,0,0,0,0,0,0,0,0,0,0
"3795",0,1,0,1,1,1,0,1,0,1,0
"84679",0,1,1,0,0,1,1,0,1,0,1
"23315",1,1,1,1,1,1,1,1,1,1,1
"8564",0,0,0,0,0,0,0,0,0,0,0
"3938",0,0,1,0,0,0,0,0,0,0,0
"53",0,1,0,1,0,0,1,0,1,1,0
"3931",1,0,0,1,0,0,0,0,1,0,1
"387775",0,0,0,0,0,0,0,0,0,0,0
"124637",1,0,1,0,1,1,1,1,0,0,1
"366",0,0,1,0,0,0,0,0,0,0,0
"11283",0,0,0,0,0,0,0,0,0,0,0
"4047",1,0,0,0,0,1,1,0,1,0,1
"1178",1,0,1,1,1,0,0,0,0,1,1
"5321",0,0,0,0,0,0,0,0,0,0,0
"29124",0,0,0,0,0,0,0,0,0,0,0
"51268",0,0,0,1,0,0,1,0,0,0,0
"4023",0,0,0,0,0,0,1,0,0,0,0
"1056",0,0,1,0,1,0,0,0,0,0,0
"3990",0,0,0,0,0,0,0,0,0,0,0
"80339",0,0,0,0,0,0,0,0,0,0,0
"11343",0,1,1,1,1,0,0,0,1,0,1
"50487",0,1,1,0,0,0,0,1,1,0,0
"9227",0,0,0,0,0,0,0,0,0,0,0
"6309",0,1,1,0,0,1,1,0,1,0,0
"4048",1,1,1,1,1,1,1,1,1,1,1
"4258",1,0,0,1,0,1,1,1,1,1,0
"4259",1,1,1,1,1,1,1,1,1,1,1
"4056",1,0,0,1,1,0,0,0,1,0,0
"2954",1,0,1,0,1,0,1,1,0,0,1
"2548",0,1,0,0,1,1,0,0,1,0,0
"56922",1,0,0,1,0,1,0,0,0,1,0
"64087",0,1,0,1,0,0,1,0,1,0,0
"23417",1,0,1,1,1,0,0,1,0,1,0
"4357",1,0,0,1,1,0,0,1,1,0,1
"4190",1,1,1,1,1,1,1,1,1,1,1
"4191",1,1,1,1,1,1,1,1,1,1,1
"4200",1,1,0,1,1,0,1,1,1,1,1
"4199",0,0,0,0,0,0,0,0,0,0,0
"10873",0,1,0,1,1,0,1,0,1,0,1
"3620",1,0,0,1,0,0,1,1,1,0,1
"1545",0,0,0,0,0,0,0,0,0,0,0
"1543",0,0,0,0,0,0,0,0,0,0,0
"1557",0,0,0,0,0,0,0,0,0,0,0
"1544",0,1,1,1,1,1,0,0,1,1,0
"27430",1,1,1,1,1,1,1,1,1,1,1
"4144",1,1,1,1,1,1,1,1,1,1,1
"4143",0,1,1,1,0,0,0,0,1,1,0
"4548",1,1,1,1,1,1,1,1,1,1,1
"4598",1,0,1,1,0,0,0,0,0,0,1
"8867",1,0,1,0,0,1,0,1,1,0,0
"3635",1,1,1,1,1,1,1,1,1,1,1
"3632",0,1,1,0,0,1,1,0,1,0,0
"3636",1,0,1,0,1,0,1,1,1,1,1
"27124",1,0,1,0,0,0,0,1,1,0,0
"3633",1,0,0,1,0,1,1,0,1,0,0
"56623",1,1,1,0,1,1,1,1,1,1,1
"3628",0,1,0,1,1,1,0,0,0,1,0
"3706",1,0,1,1,1,0,0,0,1,1,0
"3707",1,1,1,1,1,1,1,1,1,1,1
"80271",1,0,0,0,0,0,0,1,1,1,0
"51477",1,0,1,1,1,0,0,0,0,1,1
"8821",1,1,1,1,1,1,1,1,1,1,1
"3631",1,1,1,1,1,1,1,1,1,1,1
"2595",0,1,0,0,1,0,1,0,1,0,0
"84693",1,0,1,1,0,1,0,0,0,1,0
"4594",0,1,1,0,0,1,0,1,1,0,1
"80168",0,0,0,0,0,0,0,0,0,0,0
"116255",0,0,0,0,0,0,0,0,0,0,0
"4507",1,0,0,1,0,1,0,1,1,0,0
"10797",0,1,1,1,0,1,0,1,1,0,1
"56913",1,1,1,1,1,1,1,1,1,1,1
"91703",0,0,0,0,0,0,0,0,0,0,0
"443",0,0,0,0,0,0,0,0,0,0,0
"4668",0,1,0,0,1,0,0,0,1,0,0
"9498",0,0,0,0,0,0,0,0,0,0,0
"57282",0,0,0,0,0,0,0,0,0,0,0
"6528",0,1,0,1,1,0,1,0,0,1,1
"482",0,1,0,0,1,1,0,0,1,0,0
"476",1,1,1,1,1,1,1,1,1,1,1
"480",0,0,0,0,0,0,0,0,0,0,0
"483",0,1,1,1,0,0,0,1,0,1,1
"23439",0,0,0,0,0,0,0,0,0,0,0
"477",0,0,0,0,0,0,0,0,0,0,0
"481",1,0,1,0,1,1,0,1,0,0,1
"478",1,0,1,0,0,0,0,1,1,0,0
"6549",0,0,0,0,0,0,0,0,0,0,0
"6550",0,1,0,0,1,0,0,1,1,1,0
"6548",1,0,0,1,0,1,1,0,0,1,1
"84735",0,0,0,0,0,0,0,0,0,0,0
"55748",1,0,0,0,0,1,1,1,1,0,0
"6559",1,0,1,1,1,1,0,0,1,0,0
"57419",0,0,0,0,0,0,0,0,0,0,0
"123041",0,0,0,1,0,0,0,0,0,0,0
"9187",0,1,1,1,0,0,0,0,1,1,0
"25769",0,0,0,0,0,0,0,0,0,0,0
"124583",0,1,0,1,0,1,0,1,1,0,0
"79077",1,1,0,0,1,1,1,1,1,1,1
"9583",1,1,1,1,1,1,1,1,1,1,1
"1841",0,1,0,1,0,0,0,1,1,1,0
"4832",1,1,1,1,1,1,1,1,1,1,1
"4830",1,0,0,0,1,1,0,0,1,0,0
"29922",1,0,1,0,0,1,0,1,0,0,1
"10201",0,1,0,0,1,1,1,1,1,0,0
"4831",1,1,1,1,1,1,1,1,1,1,1
"4833",0,1,1,0,0,0,1,1,0,1,1
"57127",1,0,1,1,0,0,1,1,0,1,1
"6005",0,0,0,0,0,0,0,0,0,0,0
"6557",0,0,0,0,0,0,0,0,0,0,0
"6558",0,1,0,1,0,1,1,0,0,1,1
"349565",1,0,0,0,1,0,1,1,1,1,0
"64802",0,0,0,0,0,0,0,0,0,0,0
"23057",0,0,0,0,0,0,0,0,0,0,0
"10135",1,1,1,1,1,1,1,1,1,1,1
"4837",1,0,1,1,0,0,1,1,0,1,0
"5409",0,1,1,1,0,0,0,0,0,0,1
"4843",1,0,0,1,0,0,1,1,1,0,1
"4846",1,0,1,1,0,0,1,1,0,0,1
"4842",0,0,0,0,0,0,0,0,0,0,0
"4860",1,0,1,1,1,1,0,1,1,1,1
"6580",0,0,1,1,0,0,0,0,0,0,0
"55808",0,1,0,1,0,1,0,1,1,0,0
"30833",1,0,0,1,1,0,1,0,1,0,1
"5251",0,1,0,1,0,0,1,0,0,0,1
"56953",1,0,0,1,1,0,0,0,1,0,1
"4907",0,1,0,0,1,0,1,0,0,1,1
"6476",0,0,0,0,0,0,0,0,0,0,0
"5009",0,0,0,0,0,0,0,0,0,0,0
"5019",1,1,1,1,1,1,1,1,1,1,1
"64064",1,0,1,1,0,0,0,0,0,0,1
"1629",0,1,0,1,1,0,1,0,1,0,0
"594",0,1,0,1,0,1,0,0,0,0,1
"593",1,1,1,1,1,1,1,1,1,1,1
"26873",1,0,1,1,0,0,1,0,1,0,0
"4942",1,1,1,1,1,1,1,1,1,1,1
"7372",0,1,0,1,0,1,0,0,1,0,0
"10861",0,1,0,1,1,0,1,0,1,0,1
"1811",0,0,0,1,0,0,0,0,0,0,0
"1836",0,1,0,0,1,1,1,0,1,0,0
"1583",0,0,0,0,0,0,0,0,0,0,0
"1584",1,0,1,1,0,0,1,1,0,1,0
"1585",1,0,1,1,0,0,0,1,1,0,0
"1586",0,0,0,0,0,0,0,0,0,0,0
"1588",0,0,0,0,0,0,0,0,0,0,0
"1576",0,0,0,0,0,0,0,0,0,0,0
"1593",0,1,1,1,0,1,0,0,0,1,0
"1548",1,0,0,1,0,1,1,0,0,1,1
"1553",1,0,0,0,0,0,1,1,0,1,1
"1562",0,0,0,0,0,0,0,0,0,0,0
"1558",0,0,0,0,0,0,0,0,0,0,0
"1559",0,0,0,0,0,0,0,0,0,0,0
"1565",1,0,1,0,1,1,0,1,1,0,1
"1572",0,0,0,0,0,1,0,0,0,0,0
"51302",0,0,0,0,0,0,0,0,0,0,0
"64816",0,0,0,0,0,0,0,0,0,0,0
"1577",0,0,0,1,0,1,0,0,0,0,0
"1551",0,0,0,0,0,0,0,0,0,0,0
"10858",1,0,1,1,0,1,1,0,1,0,0
"66002",0,1,1,1,1,0,0,0,0,1,1
"8529",0,0,0,0,0,0,0,0,0,0,0
"4051",0,0,0,0,0,0,0,0,0,0,0
"9420",0,0,0,0,0,0,0,0,0,0,0
"1582",0,0,0,0,0,0,0,0,0,0,0
"5831",1,0,0,1,1,0,1,0,1,1,0
"5050",1,1,0,1,1,0,0,1,1,1,1
"5051",0,1,0,0,0,0,1,1,1,0,0
"5049",1,1,1,1,1,1,1,1,1,1,1
"5048",1,1,1,1,1,1,1,1,1,1,1
"7941",0,0,0,0,0,0,0,0,0,0,0
"347734",1,1,1,1,1,0,1,1,1,1,1
"57194",0,1,0,0,1,0,1,1,1,0,1
"5337",0,0,0,0,0,0,0,0,0,0,0
"5338",1,0,1,1,0,0,1,0,1,1,0
"130013",0,0,0,0,0,0,0,0,0,0,0
"5091",1,0,1,0,1,0,0,0,0,1,1
"5244",1,0,1,0,1,0,1,1,0,1,1
"5136",0,0,0,0,0,0,0,0,0,0,0
"5142",1,1,1,1,1,1,1,1,1,1,1
"5137",0,0,0,0,0,0,0,0,0,0,0
"5151",1,1,1,1,1,1,0,0,1,1,1
"50940",0,0,0,0,0,0,0,0,0,0,0
"5139",0,0,0,0,0,0,0,0,0,0,0
"5140",1,1,1,1,1,1,1,1,1,1,1
"27115",1,0,0,0,0,0,0,0,0,0,0
"5144",1,0,1,0,1,0,1,0,0,0,0
"5153",1,0,0,0,1,1,0,1,1,0,0
"5150",1,1,1,1,1,1,1,1,1,1,1
"5138",1,0,0,1,0,0,0,1,1,1,0
"8622",0,0,0,0,0,0,0,0,0,0,0
"5141",0,1,0,1,1,0,0,0,1,0,1
"5143",0,1,1,1,0,0,1,0,1,0,1
"10846",0,0,0,0,0,0,0,0,0,0,0
"5152",0,1,1,1,1,0,1,1,0,1,1
"5148",0,1,1,1,0,1,1,0,0,1,0
"8654",1,0,1,1,1,0,0,0,0,0,1
"5145",0,0,0,0,0,0,1,0,0,0,0
"5147",1,0,1,0,0,0,1,1,1,0,1
"5146",0,0,0,0,0,0,0,0,0,0,0
"5158",0,1,1,0,1,0,1,0,0,1,0
"5149",0,0,0,0,0,0,0,0,0,0,0
"1737",0,1,0,1,1,1,0,0,1,0,0
"5162",1,1,1,1,1,1,1,1,1,1,1
"5160",1,1,1,1,1,1,1,1,1,1,1
"5161",1,0,0,1,0,1,1,0,0,1,0
"55163",0,1,0,1,1,0,1,0,1,0,1
"10396",0,1,0,1,1,0,0,0,0,1,0
"5105",0,0,0,0,0,0,0,0,0,0,0
"5106",0,1,1,0,1,1,0,1,1,0,0
"8310",0,1,1,0,1,0,1,1,1,0,0
"5833",1,0,1,1,0,0,1,1,1,0,0
"10400",0,1,1,0,1,0,1,1,1,0,1
"26227",1,0,0,1,0,0,0,1,0,0,1
"5730",0,1,1,0,0,0,1,1,1,0,0
"27306",0,0,0,0,0,0,0,0,0,0,0
"9536",0,1,1,1,1,1,0,0,1,0,0
"80142",1,0,1,1,0,0,1,1,1,0,0
"5740",0,0,0,0,0,0,0,0,0,0,0
"114971",1,1,0,1,0,1,0,1,1,1,1
"9489",1,0,1,1,0,0,0,0,1,0,1
"5743",0,0,0,0,0,0,0,0,0,0,0
"5742",0,1,1,1,0,0,0,0,0,0,1
"6898",0,0,0,1,0,0,0,0,0,0,0
"5053",0,0,0,0,0,0,0,0,0,0,0
"5264",0,1,0,0,1,1,1,1,0,1,0
"5728",1,1,1,1,1,1,1,1,1,1,1
"8871",0,1,0,0,1,0,1,1,0,1,1
"8395",0,1,0,0,0,1,0,1,0,0,1
"8394",1,1,0,0,0,1,1,1,1,1,1
"23396",1,0,0,1,1,0,0,1,1,1,1
"5297",1,1,1,1,1,1,1,1,1,1,1
"55361",0,1,1,1,1,0,0,0,1,0,1
"5298",1,1,1,0,1,1,1,1,1,1,1
"5295",1,1,1,1,1,1,1,1,1,1,1
"23533",1,1,1,1,1,1,1,1,1,1,1
"5290",1,1,1,1,1,1,1,1,1,1,1
"5293",1,1,1,1,1,1,1,1,1,1,1
"5296",1,0,0,0,1,0,0,1,0,1,1
"8503",0,0,0,0,0,0,0,0,0,0,0
"5291",1,1,1,1,1,1,1,1,1,1,1
"5294",1,0,0,1,1,0,1,0,1,1,0
"10870",1,1,1,1,1,1,1,1,1,1,1
"4952",0,1,1,0,1,1,0,0,0,1,1
"23236",0,1,0,1,0,0,0,1,0,1,1
"5336",0,1,0,1,1,0,1,0,0,1,1
"5335",1,1,1,1,1,1,1,1,1,1,1
"5334",1,0,1,0,0,1,0,1,1,0,1
"5331",1,0,1,1,1,0,1,1,0,1,0
"257068",0,1,0,1,0,0,0,1,0,1,0
"84812",0,1,1,0,1,1,0,1,1,1,0
"5330",1,1,1,1,1,1,1,1,1,1,1
"23007",0,0,0,0,0,0,0,0,0,0,0
"51196",0,0,0,0,0,0,0,0,0,0,0
"5332",0,0,0,0,0,0,0,0,0,0,0
"113026",0,1,0,1,1,0,0,1,0,0,1
"5333",1,1,1,1,1,0,1,1,1,1,1
"89869",0,0,0,0,0,0,0,0,0,0,0
"5288",0,0,0,0,0,0,0,0,0,0,0
"5286",0,1,1,0,1,1,1,1,1,1,0
"5287",1,0,0,1,0,1,1,1,1,1,1
"200576",1,1,1,1,1,1,1,0,1,1,1
"5305",1,1,1,1,1,1,1,1,1,1,1
"79837",1,1,1,1,1,1,1,1,1,1,1
"5289",1,1,1,1,0,1,1,0,1,1,1
"5277",0,1,1,1,0,0,0,1,1,0,0
"51227",0,1,1,0,0,0,1,1,1,1,0
"8818",0,1,1,0,1,0,0,1,1,0,0
"9091",1,0,0,1,0,0,1,1,1,1,0
"5279",0,1,0,0,0,1,1,1,1,1,1
"5283",0,1,1,0,1,1,1,1,1,0,0
"123745",0,0,0,0,0,0,0,0,0,0,0
"8398",1,0,1,0,1,1,0,0,1,1,0
"64600",0,1,0,0,1,0,1,1,0,1,1
"81579",0,1,1,0,1,0,1,0,0,1,1
"100137049",1,1,1,1,1,0,1,1,1,1,1
"5322",0,0,0,0,0,0,0,0,0,0,0
"5320",0,1,1,1,0,0,1,0,1,1,0
"30814",1,0,0,0,1,1,0,0,1,0,0
"26279",0,1,1,0,0,0,1,0,1,1,0
"5319",0,0,0,0,0,0,0,0,0,0,0
"10654",0,1,0,0,1,0,1,0,1,0,1
"117283",0,0,0,0,0,0,0,0,0,0,0
"9807",1,0,1,1,0,1,0,0,1,1,0
"51447",1,1,1,0,1,1,1,1,1,1,1
"8876",0,0,0,0,0,0,0,0,0,0,0
"8875",0,1,0,1,1,1,1,0,1,0,0
"55350",0,0,0,0,0,0,0,0,0,0,0
"27068",1,0,1,0,1,1,0,0,0,0,1
"8613",0,0,0,0,0,0,0,0,0,0,0
"8611",1,0,1,0,0,1,1,0,1,0,1
"8612",0,1,0,1,0,1,0,0,0,0,1
"5498",0,1,0,0,1,1,1,1,0,1,0
"8288",0,0,0,0,0,0,0,0,0,0,0
"9588",1,1,1,1,1,1,1,1,1,1,1
"4353",1,0,0,1,0,0,1,1,0,0,1
"5625",0,1,1,1,0,1,1,0,1,0,0
"6578",0,0,0,0,0,0,1,0,0,0,0
"23761",0,1,1,1,0,1,0,0,1,0,0
"9791",1,1,1,1,1,1,1,1,1,1,1
"81490",1,0,0,1,0,0,1,1,1,0,0
"10005",0,1,1,0,0,1,1,0,1,0,0
"10965",0,1,0,1,1,0,0,0,1,0,0
"122970",0,1,1,0,1,0,1,0,0,1,0
"5805",1,1,1,1,0,1,1,1,1,1,1
"6303",1,1,1,1,1,1,1,1,1,1,1
"112483",1,1,1,0,1,1,1,1,1,1,1
"8566",0,1,0,1,1,1,0,0,1,0,1
"151531",0,0,0,0,0,0,0,0,0,0,0
"7378",1,1,1,1,1,1,1,1,1,1,1
"2944",0,1,0,0,1,1,1,0,0,0,1
"64080",1,0,1,0,1,1,1,0,1,1,0
"5959",1,0,0,1,0,0,1,1,0,0,1
"8608",1,0,0,0,0,1,1,1,1,1,0
"112724",0,1,1,1,0,0,0,1,1,0,0
"157506",1,0,0,0,0,1,0,1,0,1,1
"51109",1,1,1,0,1,1,1,1,1,1,1
"57665",1,1,1,1,1,1,1,1,1,1,1
"195814",0,0,0,0,0,0,0,0,0,0,0
"145226",0,1,1,0,1,0,1,0,0,1,0
"50700",0,1,0,1,0,0,1,0,0,1,1
"8228",1,0,0,0,0,0,1,1,0,1,0
"113278",1,0,0,1,1,0,1,1,1,0,1
"54981",0,1,1,0,1,0,0,1,1,0,0
"6482",1,1,1,1,1,1,1,1,1,1,1
"6484",1,0,1,1,0,0,0,0,1,1,0
"6483",0,1,1,1,0,0,0,0,0,1,1
"10090",0,1,0,0,1,1,0,1,1,1,0
"9653",0,1,0,0,1,1,0,1,1,0,0
"3423",1,1,1,1,1,1,1,1,1,1,1
"222537",0,0,0,0,0,0,0,0,0,0,0
"9957",1,0,0,0,0,0,1,1,1,1,0
"9951",0,1,0,0,1,1,1,0,0,1,0
"9956",1,0,0,1,1,0,1,0,1,0,1
"9955",0,0,0,0,0,0,0,0,0,0,0
"9953",0,1,0,1,0,1,1,1,0,1,1
"55501",0,1,0,1,0,0,1,1,1,0,0
"113189",1,0,0,1,0,0,1,1,1,0,0
"50515",1,1,1,0,1,1,1,1,1,1,1
"166012",1,0,0,1,1,0,1,0,1,1,0
"411",0,1,0,1,1,0,0,0,0,0,1
"23563",0,0,1,1,0,0,0,0,0,0,0
"4166",0,0,0,1,0,0,0,0,0,0,0
"10164",0,0,0,0,0,0,0,0,0,0,0
"9435",1,0,0,1,1,1,0,0,0,0,1
"8534",1,0,0,1,0,0,0,1,1,1,0
"9469",0,1,0,1,1,1,1,0,0,1,0
"56548",1,0,0,1,1,0,0,1,1,1,0
"266722",0,0,0,0,0,0,0,0,0,0,0
"9394",0,1,1,1,0,0,1,0,1,0,0
"90161",0,0,0,0,0,0,0,0,0,0,0
"2799",1,0,0,1,0,0,1,1,0,1,1
"10157",0,1,0,1,1,1,1,0,1,0,1
"118881",1,0,1,1,1,0,0,0,1,0,0
"3176",0,0,0,0,0,0,0,0,0,0,0
"1757",1,0,1,1,0,1,0,0,0,0,1
"81537",1,0,1,1,0,1,0,0,0,1,0
"6652",0,1,0,0,1,0,1,0,0,0,1
"6342",1,1,1,1,1,1,1,1,1,1,1
"9056",0,1,1,1,1,0,0,1,1,1,0
"55304",0,0,1,0,0,0,0,0,0,0,0
"9517",1,0,1,0,1,1,1,1,1,0,0
"10558",0,1,1,1,0,0,0,1,1,0,0
"2098",1,1,1,1,1,1,1,1,1,1,1
"8879",1,1,0,0,1,1,1,1,1,1,1
"8869",1,1,1,1,0,1,1,1,1,1,1
"56848",0,1,1,0,0,1,1,0,1,0,0
"8877",1,0,1,0,1,0,0,0,1,1,0
"130752",0,0,0,0,0,0,0,0,0,0,0
"339221",0,1,1,1,0,1,0,0,0,0,1
"55627",1,1,1,1,1,1,1,1,1,1,1
"55512",0,1,1,1,0,0,0,0,0,0,1
"6609",1,0,0,0,1,0,1,0,1,0,1
"6610",0,1,0,1,1,0,0,1,0,1,1
"259230",0,1,0,0,0,1,1,1,1,0,0
"116369",0,0,0,0,0,0,0,0,0,0,0
"115111",0,0,0,0,0,0,0,0,0,0,0
"115019",0,0,0,0,0,0,0,0,0,0,0
"284129",1,1,1,1,1,1,1,1,1,1,1
"26266",1,0,0,1,1,0,0,0,1,1,0
"6646",1,1,1,1,1,1,1,1,1,1,1
"6649",0,1,1,1,1,0,0,0,0,1,0
"6648",1,1,1,1,1,1,1,1,1,1,1
"6647",1,1,1,1,1,1,1,1,1,1,1
"6697",0,1,0,1,0,0,1,0,1,0,0
"6723",1,1,1,1,1,0,1,1,1,1,1
"6611",1,1,1,1,1,1,1,1,1,1,1
"6713",1,0,0,0,1,1,1,0,1,0,0
"2222",1,1,1,1,1,1,1,1,1,1,1
"6715",0,1,0,0,1,1,0,1,0,1,1
"6716",0,0,0,1,0,0,0,0,0,0,0
"15",0,0,0,0,0,0,0,0,0,0,0
"6532",0,0,0,0,0,0,0,0,0,0,0
"6487",1,0,1,1,1,0,1,0,0,1,1
"10402",0,0,0,0,0,0,0,0,0,0,0
"10610",1,0,1,1,1,0,0,0,0,1,1
"81849",0,0,0,0,0,0,0,0,0,0,0
"256435",0,0,0,0,0,0,0,0,0,0,0
"30815",1,1,1,1,1,1,1,1,1,1,1
"6489",1,0,0,1,0,1,0,0,1,1,0
"29906",0,1,0,1,0,0,1,0,0,1,0
"412",1,0,1,0,1,1,0,1,0,1,0
"6391",0,1,0,1,0,0,0,1,1,0,1
"6390",1,1,1,0,1,1,1,1,1,1,1
"6392",1,1,1,1,1,1,1,1,1,1,1
"6389",1,1,1,1,1,1,1,1,1,1,1
"6821",1,0,1,0,1,0,0,0,0,1,1
"6533",0,1,0,1,0,0,0,1,1,1,0
"5092",1,0,1,1,0,0,0,0,0,0,1
"23530",0,1,0,0,1,1,0,1,0,0,1
"79178",0,1,1,1,1,0,0,0,1,0,0
"6567",0,0,0,0,0,0,0,0,0,0,0
"1890",0,1,1,0,1,0,1,0,0,1,0
"55217",1,0,0,0,0,1,1,1,0,0,1
"7296",1,1,0,1,0,1,1,1,1,1,1
"11181",0,0,0,1,0,0,0,0,0,0,0
"80162",1,1,1,1,1,1,1,1,1,1,1
"7166",0,0,0,0,0,1,0,0,0,0,0
"121278",0,0,0,0,0,0,0,0,0,0,0
"169355",0,0,0,0,0,0,0,0,0,0,0
"6999",0,0,0,0,0,0,0,0,0,0,0
"6561",0,0,0,0,0,0,0,0,0,0,0
"6916",0,1,1,1,1,0,0,1,0,1,0
"7054",1,0,1,1,1,0,0,1,1,0,0
"7306",0,0,0,0,0,0,0,0,0,0,0
"10020",1,0,0,0,0,1,1,1,1,0,1
"29880",1,1,1,1,1,1,1,1,1,1,1
"7355",1,0,0,0,1,1,0,1,1,0,0
"7358",1,0,0,0,1,1,0,1,1,0,0
"23169",0,1,1,1,0,1,0,0,1,0,0
"80146",1,1,1,1,1,1,1,1,1,1,1
"5168",0,1,0,1,1,0,0,1,0,1,1
"84912",0,1,0,0,1,0,1,1,1,0,1
"3906",0,0,0,0,0,0,0,0,0,0,0
"7357",1,1,1,0,1,1,1,1,1,1,1
"11046",0,1,0,1,0,0,0,0,1,0,1
"54576",0,0,0,0,0,0,0,0,0,0,0
"54575",0,0,0,0,0,0,0,0,0,0,0
"54657",0,0,0,0,0,0,0,0,0,0,0
"54659",0,0,0,0,0,0,0,0,0,0,0
"54658",0,0,0,0,0,0,0,0,0,0,0
"54577",0,0,0,0,0,0,0,0,0,0,0
"54600",0,0,0,0,0,0,0,0,0,0,0
"54579",0,0,0,0,0,0,0,0,0,0,0
"54578",0,0,0,0,0,0,0,0,0,0,0
"7364",0,0,0,0,0,0,0,0,0,0,0
"54490",0,0,0,0,0,0,0,0,0,0,0
"7367",0,0,0,0,0,0,0,0,0,0,0
"7365",0,0,0,0,0,0,0,0,0,0,0
"10720",1,0,0,1,1,1,0,0,0,0,1
"7363",0,0,0,0,0,0,0,0,0,0,0
"54963",1,0,1,0,0,0,1,0,1,0,1
"7498",0,0,0,0,0,0,0,0,0,0,0
"9942",1,0,0,0,0,0,1,1,0,1,0
"64132",1,0,0,0,0,1,1,1,1,0,1
"64131",0,1,1,0,1,1,0,1,0,1,1
"51181",1,1,1,1,1,1,1,1,1,1,1
"64077",1,0,1,0,1,0,1,1,1,0,0
"5464",1,1,1,1,1,1,1,1,1,1,1
"10724",1,1,1,1,1,1,1,1,1,1,1
"94033",0,0,0,0,0,0,0,0,0,0,0
"2495",1,1,1,1,1,1,1,1,1,1,1
"1356",0,0,0,0,0,0,0,0,0,0,0
"2512",1,1,1,1,1,1,1,1,1,1,1
"1727",1,1,1,1,1,1,1,1,1,1,1
"51706",0,1,1,0,1,1,1,0,0,0,1
"51700",0,0,0,0,0,0,0,0,0,0,0
"10587",1,0,1,1,0,0,1,0,1,1,0
"80347",1,1,1,1,1,1,1,1,1,1,1
"84618",1,0,0,0,0,0,1,1,1,0,0
"22978",1,1,1,0,1,1,1,1,1,1,1
"51251",1,1,1,1,1,1,1,1,1,1,1
"93034",0,0,0,0,0,0,0,0,0,0,0
"100526794",1,0,0,0,0,1,1,1,1,1,0
"353",1,1,1,1,1,1,1,1,1,1,1
"3251",1,1,1,1,1,1,1,1,1,1,1
"56954",1,1,1,1,1,1,1,1,1,1,1
"5313",1,0,1,1,0,1,0,1,1,1,0
"728441",0,1,0,1,0,0,0,1,0,0,1
"124975",1,0,0,1,0,0,0,1,1,1,0
"91227",0,1,0,1,0,0,0,1,1,0,1
"102724197",0,1,0,1,0,0,0,1,0,0,1
"92086",1,0,1,1,0,0,0,1,0,1,1
"2686",0,1,0,0,1,1,1,0,1,0,0
"5211",1,1,1,1,1,1,0,1,1,1,1
"1491",0,1,0,1,0,0,1,0,0,1,0
"2819",0,1,1,1,0,0,0,1,1,1,0
"29925",1,0,0,1,0,0,0,0,1,1,0
"29926",1,0,1,0,0,0,0,1,1,0,0
"102724560",0,1,1,1,0,1,0,0,1,0,0
"875",0,1,1,1,0,1,0,0,1,0,0
"249",1,0,0,1,0,1,1,1,1,0,0
"22934",1,1,1,0,1,1,1,1,1,1,1
"2766",1,0,1,0,0,0,0,1,0,0,1
"51292",1,1,1,1,1,1,1,1,1,1,1
"57571",0,1,0,0,0,1,1,1,1,0,0
"8833",1,1,1,0,1,1,1,1,1,1,1
"5538",1,1,1,1,1,1,1,1,1,1,1
"641371",0,1,0,1,1,0,0,0,1,0,0
"11332",0,1,0,1,1,0,0,0,1,0,1
"55825",1,1,1,1,1,0,1,0,1,1,1
"51102",0,1,1,0,0,1,1,0,1,0,0
"37",1,1,1,1,1,1,1,1,1,1,1
"33",0,0,0,0,0,0,0,0,0,0,0
"132158",1,0,1,1,0,1,1,1,1,0,0
"641649",1,0,1,1,0,1,0,1,1,0,0
"23475",1,0,1,0,0,0,0,1,1,0,0
"50484",1,0,0,0,0,1,0,0,1,0,0
"6240",1,1,1,1,1,1,1,1,1,1,1
"6241",0,1,0,1,1,1,0,1,0,1,1
"3156",0,1,1,1,0,0,0,0,1,0,0
"79966",0,1,1,1,0,1,0,0,1,1,0
"10588",1,0,0,0,1,0,1,1,1,0,0
"84890",0,1,0,0,0,1,1,1,0,1,0
"80025",1,0,1,0,1,1,0,1,1,1,0
"53354",0,1,0,0,0,1,1,1,1,0,1
"79646",0,1,0,0,1,1,1,1,1,0,1
"83594",0,0,0,0,0,0,0,0,0,0,0
"7263",0,1,0,1,1,0,1,0,0,0,1
"26275",0,1,1,0,1,0,1,1,1,0,0
"29920",0,1,0,0,0,0,1,1,1,0,0
"7389",1,1,1,1,1,1,1,1,1,1,1
"1595",1,0,0,1,1,0,0,1,1,0,1
"130367",0,1,0,1,1,0,1,1,1,1,0
"10478",1,0,0,0,0,1,1,1,1,0,0
"23443",0,1,0,1,0,1,0,1,1,0,0
"64240",0,0,0,0,0,0,0,0,0,0,0
"64241",0,0,0,1,0,0,1,0,0,0,0
"284111",1,0,0,0,0,0,1,1,0,1,1
"8435",1,0,1,1,0,0,0,1,0,1,0
"3988",1,0,0,1,1,1,0,0,1,0,0
"377677",0,0,0,0,1,1,0,1,0,0,0
"767",0,0,0,0,0,0,0,0,0,0,0
"765",0,0,0,0,0,0,0,0,0,0,0
"759",0,0,0,0,0,0,0,0,0,0,0
"760",0,0,0,0,0,0,0,0,0,0,0
"23632",0,1,0,1,1,0,1,1,1,1,0
"766",1,0,0,1,0,0,1,0,0,1,1
"771",1,0,1,1,0,0,1,0,1,0,1
"768",0,1,0,1,0,1,1,0,1,0,0
"762",1,0,1,1,0,1,0,0,1,1,0
"10057",0,1,1,0,0,0,0,1,1,0,1
"6556",0,1,1,0,1,0,0,0,0,1,1
"6568",0,0,0,0,0,0,0,0,0,0,0
"7779",0,1,0,1,0,1,1,1,1,0,1
"54020",1,0,1,0,0,1,1,1,1,0,0
"215",0,1,1,1,0,0,0,1,1,0,0
"5825",1,1,1,1,1,1,0,0,1,1,1
"641372",0,0,0,0,0,0,0,0,0,0,0
"9045",1,1,1,1,1,1,1,1,1,1,1
"4017",0,1,1,1,0,0,0,1,0,1,1
"84105",1,0,0,0,0,1,1,1,1,1,0
"25830",1,0,1,0,1,0,1,0,0,1,1
"84569",0,0,0,0,0,0,0,0,0,0,0
"4025",1,0,1,1,0,0,1,0,1,1,0
"54995",0,1,0,1,1,1,0,0,1,0,1
"93492",0,0,0,0,0,0,0,0,0,0,0
"1267",0,1,0,0,1,0,1,1,1,0,0
"10249",0,0,0,0,0,0,0,0,0,0,0
"1573",0,1,0,1,1,1,0,0,0,1,1
"1580",0,0,0,0,0,0,0,0,0,0,0
"199974",0,0,0,0,0,0,0,0,0,0,0
"260293",0,0,0,0,0,0,0,0,0,0,0
"1555",0,1,0,1,0,0,0,0,0,0,0
"1549",1,0,0,1,0,1,1,0,0,1,1
"57834",0,0,0,0,0,0,0,0,0,0,0
"29785",1,0,1,1,1,0,0,0,0,0,1
"1215",0,0,0,0,0,0,0,0,0,0,0
"1357",0,0,0,0,0,0,0,0,0,0,0
"93979",1,0,0,0,0,0,1,1,1,0,1
"57094",0,0,0,0,0,0,0,0,0,0,0
"1358",0,1,1,1,0,1,0,1,1,0,0
"7177",1,0,1,1,0,0,0,0,0,0,1
"64499",1,0,1,1,0,0,0,0,0,0,1
"23430",1,0,0,0,0,1,0,0,1,0,0
"1636",0,0,0,0,0,0,0,0,0,0,0
"9365",0,0,0,0,0,0,0,0,0,0,0
"9331",0,0,0,0,0,0,0,0,0,0,0
"7368",0,0,0,0,0,0,0,0,0,0,0
"5315",1,1,1,1,1,1,1,1,1,1,1
"1666",1,1,1,1,1,1,1,1,1,1,1
"874",1,0,1,0,0,1,1,1,1,0,1
"10901",0,1,1,0,0,1,1,1,1,0,1
"126410",0,1,1,1,1,0,1,0,1,1,0
"2053",0,1,0,1,1,0,1,1,1,1,0
"8897",1,0,0,1,1,0,0,1,1,1,0
"8898",0,1,1,0,1,1,0,0,1,0,1
"9152",0,1,0,0,0,0,0,0,0,0,0
"9497",1,1,1,1,1,1,1,1,1,1,1
"115584",0,1,1,0,1,0,0,0,0,0,1
"6575",0,1,1,1,0,1,1,0,1,1,0
"6574",1,1,1,1,1,1,1,1,1,1,1
"142680",1,0,1,1,0,1,0,1,0,0,1
"6534",1,0,0,1,0,0,1,1,0,1,0
"3293",0,1,1,0,1,0,0,1,0,1,0
"1622",1,1,1,1,1,1,1,1,1,1,1
"225",1,0,0,0,1,1,1,0,1,0,0
"28965",0,0,0,0,0,0,0,0,0,0,0
"23205",0,0,0,0,0,0,1,1,0,0,0
"26061",1,1,1,1,1,1,1,1,1,1,1
"54716",0,1,0,1,0,1,0,1,1,1,0
"6564",0,0,0,0,0,0,0,0,0,0,0
"113235",0,1,1,1,0,0,1,1,0,1,0
"1200",1,1,1,1,1,1,1,1,1,1,1
"2168",0,0,0,0,0,0,0,0,0,0,0
"51056",1,1,1,1,1,1,1,1,1,1,1
"9390",1,0,0,1,0,0,0,0,0,0,1
"5184",0,1,1,1,1,1,0,1,0,1,1
"4891",1,0,1,1,1,1,0,0,1,1,0
"30061",1,1,0,1,1,1,1,1,1,1,1
"248",1,0,1,1,0,0,0,0,1,0,0
"4524",1,0,0,1,1,0,0,1,0,0,1
"25796",1,0,0,1,1,0,1,0,1,0,0
"28982",0,1,0,1,1,1,1,0,0,1,1
"6120",0,1,1,1,1,1,0,0,0,1,0
"10864",1,0,1,1,0,0,0,0,1,0,1
"9376",0,1,1,1,0,1,0,0,1,0,1
"9356",1,0,1,1,0,0,1,0,0,1,0
"348932",1,0,0,1,0,0,1,0,1,0,0
"120103",0,1,1,0,0,1,1,0,0,1,1
"1080",0,0,0,0,0,0,0,0,0,0,0
"85320",0,0,0,0,0,0,0,0,0,0,0
"222962",1,0,0,0,1,1,1,0,0,1,0
"10351",0,0,0,0,0,0,0,0,0,0,0
"9429",1,0,0,0,0,0,1,1,0,0,0
"55867",0,1,0,1,0,0,1,1,0,1,0
"364",1,0,1,0,0,0,1,1,1,0,1
"89872",0,0,0,0,0,0,0,0,0,0,0
"360",1,1,1,1,1,1,1,1,1,1,1
"21",1,0,1,1,0,0,1,1,0,1,1
"24",0,0,1,1,0,0,1,0,0,0,0
"125206",1,0,1,1,1,0,0,0,0,1,0
"200010",1,0,0,1,0,0,0,0,0,0,0
"6524",0,1,0,0,1,1,0,0,1,0,0
"159963",0,0,0,0,0,0,0,0,0,0,0
"55065",0,1,0,1,1,0,1,0,0,0,1
"79581",0,1,0,1,1,0,1,0,1,0,0
"3767",1,0,1,1,1,0,0,0,0,1,0
"6833",1,0,1,1,0,0,1,1,0,1,0
"10060",0,0,0,0,0,0,0,0,0,0,0
"3764",0,0,0,0,0,0,0,0,0,0,0
"5947",1,0,1,1,0,0,1,0,0,1,0
"64220",1,0,0,1,0,1,0,1,1,0,0
"5950",0,1,0,1,0,0,1,1,0,1,0
"5948",1,0,1,1,0,0,1,0,0,1,0
"949",0,1,0,1,0,0,1,1,0,1,0
"29881",1,0,0,1,0,0,0,1,1,1,0
"2350",0,1,0,1,0,0,0,1,1,0,0
"3248",1,0,0,1,1,0,0,1,0,0,1
"166929",0,0,0,0,0,0,0,0,0,0,0
"56261",1,1,1,1,1,1,1,1,1,1,1
"3658",1,1,1,1,1,1,1,1,1,1,1
"203",1,1,0,1,0,1,1,1,1,1,1
"122481",0,0,0,0,0,0,0,0,0,0,0
"159",1,1,1,1,1,1,1,1,1,1,1
"122622",1,0,1,1,0,0,1,0,0,0,1
"11212",1,1,1,1,1,1,1,1,1,1,1
"383",0,1,1,0,0,0,0,1,1,1,0
"1371",1,0,0,1,0,1,0,1,1,0,0
"1503",0,1,1,0,1,0,1,0,1,0,0
"56474",0,1,0,1,0,0,0,1,0,0,1
"2987",1,1,1,1,1,1,1,1,1,1,1
"5860",0,1,0,1,1,1,1,0,1,0,1
"9453",0,1,0,1,0,1,1,1,0,1,1
"2027",0,1,0,1,0,1,0,1,1,1,0
"2026",1,1,1,1,1,1,1,1,1,1,1
"2023",1,1,1,1,1,1,1,1,1,1,1
"9843",0,0,0,0,0,0,0,0,0,0,0
"80308",1,0,0,1,1,0,1,1,1,1,0
"7360",1,1,1,1,1,1,1,1,1,1,1
"26330",0,0,0,0,0,0,0,1,0,0,0
"2597",1,1,1,1,1,1,1,1,1,1,1
"9945",0,1,1,1,1,0,1,0,0,0,0
"2673",1,1,1,1,0,1,1,1,1,1,1
"2752",1,1,1,1,1,1,1,1,1,1,1
"51557",0,0,0,0,0,0,0,0,0,0,0
"1800",0,1,1,1,1,0,0,0,0,0,1
"2762",0,1,0,1,1,1,0,1,1,0,0
"2643",1,1,1,1,1,1,1,1,1,1,1
"761",0,0,0,0,0,0,0,0,0,0,0
"359",1,0,0,1,0,1,1,1,0,1,0
"4284",0,0,0,0,1,0,0,1,0,0,0
"361",0,0,0,0,0,0,0,0,0,0,0
"358",0,0,1,0,0,0,1,0,0,0,0
"362",1,0,0,1,0,1,1,1,1,1,0
"3145",1,0,0,1,1,0,0,0,1,0,0
"586",0,0,0,0,0,0,0,1,0,0,0
"3614",1,0,1,0,1,1,0,1,1,0,0
"3615",1,1,1,1,1,1,1,1,1,1,1
"682",1,1,1,1,1,1,1,1,1,1,1
"4351",0,1,1,0,0,1,1,0,1,0,0
"441024",0,0,0,0,0,1,0,1,0,0,0
"100287639",NA,NA,NA,NA,NA,NA,NA,NA,NA,NA,NA
"65220",0,1,0,1,1,0,1,1,1,0,0
"389015",0,0,0,0,0,0,0,0,0,0,0
"6553",1,0,0,1,0,1,0,0,0,1,0
"2821",1,1,1,1,1,1,1,1,1,1,1
"5230",1,1,1,1,1,1,1,1,1,1,1
"5232",0,0,0,1,0,1,0,0,0,0,0
"375056",1,1,1,1,1,1,1,1,1,1,1
"5236",1,1,0,1,1,0,0,0,1,1,0
"55276",0,1,0,0,0,0,0,1,1,0,1
"5373",0,1,1,1,1,0,1,0,1,0,0
"5372",0,1,1,1,0,0,0,0,0,1,1
"210",0,1,0,0,0,0,1,1,1,0,1
"60490",0,1,1,0,0,1,1,0,0,0,1
"79717",1,1,1,1,1,1,1,1,1,1,1
"58510",1,0,1,1,0,0,0,1,0,1,1
"153201",0,0,0,0,0,0,0,0,0,0,0
"5634",1,1,1,0,1,1,1,1,1,1,1
"5631",1,1,1,1,1,1,1,1,1,1,1
"221823",0,0,0,0,0,0,0,0,0,0,0
"29968",1,0,0,0,0,1,0,1,0,0,1
"5723",1,0,1,1,1,0,0,0,1,0,0
"55312",1,0,0,0,1,1,0,1,0,1,1
"6888",1,1,1,1,1,1,1,1,1,1,1
"79896",0,0,0,0,0,0,0,0,0,0,0
"84076",0,0,0,0,0,0,0,0,0,0,0
"7086",1,1,1,1,1,0,1,1,1,1,1
"8277",0,1,0,1,0,0,1,1,0,1,1
"27010",0,1,0,1,0,0,0,1,0,1,0
"7167",1,1,1,1,1,1,1,1,1,1,1
"286016",0,0,0,0,0,0,0,0,0,0,0
"2582",0,1,1,0,0,1,0,1,0,0,1
"6675",0,1,1,0,1,1,1,0,1,0,0
"91373",0,1,0,1,1,1,0,1,1,0,1
"7390",0,1,0,0,1,1,1,0,1,1,0
"8170",0,1,0,0,1,0,1,0,0,0,0
"6563",1,0,0,1,1,1,0,0,0,1,0
"374569",1,0,0,1,0,0,1,0,1,1,0
"100507855",1,0,1,1,0,1,0,1,1,0,0
"55191",1,1,1,1,1,1,1,1,1,1,1
"132",0,1,1,0,1,1,1,0,0,1,1
"97",1,0,0,0,1,1,1,1,0,1,0
"98",1,0,0,1,0,1,1,0,1,0,0
"112611",0,1,1,0,0,1,1,1,0,1,0
"51005",0,1,1,1,1,0,0,0,1,0,0
"471",1,1,1,1,1,1,1,1,1,1,1
"435",1,0,1,0,0,0,1,0,1,0,1
"171425",0,1,0,1,1,1,1,1,1,1,0
"10007",0,1,1,0,1,0,0,0,1,0,0
"132789",1,0,0,1,0,1,1,0,1,0,0
"2584",0,1,1,1,1,0,0,1,1,0,0
"2585",0,1,0,1,1,0,1,1,1,0,1
"2592",1,1,1,1,1,1,1,1,1,1,1
"5471",0,1,1,0,0,1,1,1,0,0,1
"84264",1,0,1,1,0,0,1,0,1,0,0
"3034",0,1,0,0,0,1,1,1,0,1,0
"144193",0,1,0,0,0,1,1,0,1,0,0
"2739",1,1,1,1,1,1,1,1,1,1,1
"3613",1,0,0,0,1,1,1,0,1,1,0
"3612",1,1,1,1,1,1,1,1,1,1,1
"8776",1,1,1,1,1,1,1,1,1,1,1
"2978",0,0,0,0,0,0,1,0,0,0,0
"4953",1,1,1,1,1,1,1,1,1,1,1
"5214",1,1,1,1,1,1,1,1,1,1,1
"5213",0,1,1,0,0,1,0,1,0,1,1
"6569",1,0,0,1,0,0,0,1,0,1,0
"10050",0,0,0,0,0,0,0,0,0,0,0
"10568",0,0,0,0,0,0,0,0,0,0,0
"10786",0,0,0,0,0,0,0,0,0,0,0
"10246",0,0,0,0,0,0,0,0,0,0,0
"5198",0,1,1,0,1,0,1,1,1,0,0
"113675",0,1,1,0,0,1,1,1,0,1,1
"7298",0,1,0,1,1,1,0,1,0,1,0
"131669",0,1,1,1,0,0,1,0,0,1,0
"5973",0,1,1,1,0,0,0,1,1,0,1
"1635",1,1,1,1,1,1,1,1,1,1,1
"286297",0,1,0,0,1,0,1,1,0,0,1
"10560",1,0,0,1,0,0,0,1,0,0,1
"191",1,0,0,1,0,1,0,1,1,0,0
"10768",1,1,0,1,1,1,1,1,1,1,1
"25874",1,1,1,0,1,1,1,1,1,1,1
"51660",1,1,1,1,1,1,1,1,1,1,1
"57198",1,1,1,1,1,1,1,1,1,1,1
"5205",1,0,1,1,0,0,0,0,0,1,1
"23250",1,0,1,0,1,0,0,1,1,0,0
"286410",0,1,1,0,0,1,0,1,0,0,1
"5243",1,0,1,1,0,0,1,0,0,0,1
"55856",1,0,1,0,0,0,1,1,1,0,1
"7350",0,0,0,0,0,0,0,0,0,0,0
"26027",1,0,1,1,0,0,0,1,0,1,0
"10058",1,0,0,0,1,0,1,1,1,1,0
"51458",0,1,1,0,0,0,1,1,0,1,0
"948",0,0,0,0,0,0,0,0,0,0,0
"10928",1,0,0,1,0,0,1,1,1,0,0
"1728",1,0,0,0,0,0,1,1,1,1,0
"2946",1,1,1,1,1,1,1,1,1,1,1
"125981",0,1,0,1,0,0,0,1,1,0,0
"55331",0,1,0,1,0,1,0,1,1,1,0
"340485",0,0,0,0,0,0,0,0,0,0,0
"2760",0,1,1,0,1,0,1,1,1,1,0
"5660",1,1,1,1,1,1,1,1,1,1,1
"57704",0,1,0,1,1,0,0,1,1,0,0
"4759",1,0,0,0,0,0,1,1,0,1,1
"10825",0,1,0,0,1,1,0,1,1,0,0
"7903",1,0,0,0,0,1,1,1,0,1,0
"5407",1,0,1,1,0,1,0,1,0,1,0
"119548",0,0,0,0,0,0,0,0,0,0,0
"5408",0,0,0,0,0,0,0,0,0,0,0
"221955",0,1,0,0,1,1,1,1,0,1,1
"9388",0,0,0,0,0,0,0,0,0,0,0
"13",0,0,0,0,0,0,0,0,0,0,0
"57104",1,1,1,1,1,1,1,1,1,1,1
"3991",1,0,0,0,1,0,1,0,1,0,0
"747",1,0,1,0,1,0,0,0,1,0,0
"8513",0,0,0,0,0,0,0,0,0,0,0
"5406",0,0,0,0,0,0,0,0,0,0,0
"2170",0,0,1,0,0,0,0,1,0,0,0
"2171",1,0,1,1,1,1,0,0,0,1,1
"2167",0,0,0,0,0,0,0,0,0,0,0
"2172",1,0,1,1,0,0,1,0,1,1,0
"646480",NA,NA,NA,NA,NA,NA,NA,NA,NA,NA,NA
"2173",0,0,0,0,0,0,0,0,0,0,0
"646486",0,0,0,0,0,0,0,0,0,0,0
"2169",0,0,0,0,0,0,0,0,0,0,0
"6296",0,1,0,0,1,0,1,1,1,1,0
"341392",NA,NA,NA,NA,NA,NA,NA,NA,NA,NA,NA
"54988",0,0,0,0,0,0,0,0,0,0,0
"123876",0,0,0,0,0,0,0,0,0,0,0
"348158",0,0,0,0,0,0,0,0,0,0,0
"344967",0,0,0,0,0,0,0,0,0,0,0
"154141",1,1,1,0,1,1,1,1,1,1,1
"51099",1,0,1,0,1,1,1,0,1,0,0
"253558",1,1,0,1,1,0,1,1,0,1,0
"84513",1,1,1,1,0,1,1,0,0,1,1
"64748",0,1,1,1,0,0,0,1,1,0,0
"9890",0,0,0,0,0,0,0,0,0,0,0
"9663",1,1,1,1,1,1,1,1,1,1,1
"196051",0,0,0,0,0,0,0,0,0,0,0
"79948",1,0,1,1,1,0,0,0,1,0,1
"23175",1,1,1,1,1,1,1,1,1,1,1
"64900",1,0,1,1,0,0,1,1,1,1,0
"85465",0,1,1,1,0,1,0,0,0,1,0
"122618",1,0,0,1,1,0,0,1,1,0,0
"201164",1,1,0,1,0,0,0,1,1,1,1
"23646",0,1,0,1,1,1,0,0,1,0,1
"590",0,0,0,0,0,0,0,0,0,0,0
"91012",1,0,1,1,1,1,1,0,1,1,0
"204219",0,0,0,0,0,0,0,0,0,0,0
"10715",1,0,1,1,1,0,0,1,1,0,1
"253782",0,1,0,1,0,1,0,1,0,0,1
"29956",1,1,1,1,1,1,1,1,1,1,1
"79603",0,1,1,1,0,0,1,0,1,0,0
"56624",0,1,0,0,1,0,1,0,0,1,1
"55757",0,0,0,0,0,0,0,0,0,0,0
"145173",0,1,1,0,0,1,1,0,0,1,0
"644974",NA,NA,NA,NA,NA,NA,NA,NA,NA,NA,NA
"56886",1,1,1,1,1,1,1,1,1,1,1
"152586",0,0,0,0,0,0,0,0,0,0,0
"55830",1,0,0,0,1,1,0,1,1,0,1
"170384",0,1,0,0,1,1,1,1,1,0,1
"283358",1,0,1,0,0,0,1,1,1,0,0
"148789",1,0,0,0,1,0,1,1,1,0,0
"2526",0,1,1,0,0,1,1,1,1,0,0
"84750",0,1,1,0,1,0,0,1,1,1,0
"644378",NA,NA,NA,NA,NA,NA,NA,NA,NA,NA,NA
"55624",0,1,0,1,0,1,0,1,1,0,1
"83468",0,0,0,0,0,0,0,0,0,0,0
"168391",0,0,0,0,0,0,0,0,0,0,0
"338707",1,0,1,0,1,0,1,0,1,0,0
"146664",1,0,1,1,0,1,0,0,0,1,0
"360203",0,0,0,0,0,0,0,0,0,0,0
"56983",1,0,0,1,1,1,1,1,1,0,0
"3703",1,1,1,1,1,1,1,1,1,1,1
"124872",0,1,1,1,0,0,1,0,1,1,0
"8473",1,1,1,1,1,1,1,1,1,1,1
"8708",0,0,0,0,0,0,0,0,0,0,0
"2529",1,0,1,1,1,0,0,0,1,1,0
"8702",1,0,1,1,0,1,0,0,0,1,1
"8707",1,0,1,1,0,0,0,0,0,0,1
"200810",0,0,0,0,0,0,0,0,0,0,0
"84752",1,0,1,0,1,0,1,1,1,1,0
"201595",1,1,1,1,1,1,1,1,1,1,1
"140687",0,0,1,0,0,1,0,0,0,0,0
"51228",1,1,0,1,1,1,1,1,1,1,1
"284004",0,1,1,1,0,1,1,0,1,0,1
"79411",0,1,1,0,1,1,0,0,1,0,0
"27090",1,0,1,1,0,0,1,0,1,0,0
"129807",1,0,1,0,0,0,0,1,1,0,0
"2524",1,0,1,1,1,0,0,1,1,0,0
"2528",1,0,1,1,1,0,0,0,1,0,0
"2527",0,1,1,1,0,0,0,0,1,0,0
"113612",0,1,1,0,1,1,0,1,0,1,0
"493869",0,0,0,0,0,0,0,0,0,0,0
"64180",1,0,1,0,0,0,1,1,1,0,1
"64174",1,1,1,1,1,1,1,1,1,1,1
"10728",1,1,1,1,1,1,1,1,1,1,1
"11102",0,1,0,1,0,1,0,0,1,0,0
"91179",1,0,0,1,1,0,0,1,1,0,0
"10826",0,1,1,0,1,0,1,0,0,0,1
"266740",0,0,0,0,0,0,0,0,0,0,0
"3930",1,1,1,1,1,1,1,1,1,1,1
"4645",0,0,0,0,0,0,0,0,0,0,0
"3069",1,1,1,0,1,0,0,1,1,1,1
"4864",1,1,1,1,1,1,0,0,1,1,1
"285440",0,1,1,0,1,1,1,1,1,1,1
"79644",1,0,0,0,1,1,0,1,1,1,0
"1646",0,1,0,0,1,1,0,1,1,1,0
"51170",1,1,1,1,1,1,1,1,1,1,1
"51144",0,1,0,0,0,1,1,1,1,0,1
"8630",0,0,0,0,0,0,0,0,0,0,0
"158160",1,1,1,1,1,1,1,1,1,1,1
"83401",0,0,0,0,0,0,0,0,0,0,0
"64834",1,1,1,1,1,1,1,1,1,1,1
"79993",0,0,0,0,0,0,0,0,0,0,0
"401494",1,1,0,1,0,1,1,0,1,1,1
"192286",1,1,1,1,1,1,1,1,1,1,1
"201562",1,1,1,1,1,1,1,1,1,1,1
"9200",0,1,1,0,0,1,1,0,0,0,1
"51495",1,1,1,1,1,1,1,1,1,1,1
"253017",0,0,0,0,0,0,0,0,0,0,0
"9524",1,1,1,1,1,1,1,1,1,1,1
"283985",0,0,0,0,0,0,0,0,0,0,0
"3995",1,0,1,1,0,0,0,0,1,0,0
"1155",1,1,1,1,1,1,1,1,1,1,1
"114571",1,0,1,0,0,0,1,1,1,0,1
"123096",1,0,0,1,0,0,1,1,1,0,0
"57016",0,0,0,0,0,0,0,0,0,0,0
"55277",0,0,0,1,0,0,0,0,0,0,0
"79707",1,1,1,1,1,1,1,1,1,1,1
"64122",1,0,0,0,1,0,1,0,0,1,1
"9917",0,1,0,0,1,1,1,1,1,0,0
"79672",1,1,1,1,1,0,0,1,1,1,1
"92370",1,0,1,0,1,1,1,1,1,0,1
"390928",0,0,0,0,0,0,0,0,0,0,0
"93650",0,1,1,1,0,0,1,0,1,0,0
"139596",1,1,1,1,0,0,1,0,1,1,1
"55066",1,1,1,1,1,1,1,1,1,1,1
"283208",1,0,1,1,0,0,0,1,0,0,0
"5033",1,1,1,1,1,1,1,1,1,1,1
"8974",0,0,0,0,0,0,0,0,0,0,0
"58478",1,1,1,1,1,1,1,1,1,1,1
"55256",1,1,1,0,1,1,1,1,1,1,1
"259307",1,0,0,1,1,0,1,0,0,0,1
"81894",1,1,1,1,1,1,1,1,1,1,1
"51312",0,1,0,0,1,0,1,0,1,0,0
"138639",0,1,0,1,0,0,1,1,1,0,1
"23203",1,1,1,1,1,1,0,1,1,1,1
"9896",0,1,1,0,0,1,0,1,0,1,0
"374462",NA,NA,NA,NA,NA,NA,NA,NA,NA,NA,NA
"163404",0,0,0,0,0,0,0,0,0,0,0
"22908",1,1,1,1,1,1,1,1,1,1,1
"22876",1,0,1,1,0,0,0,0,1,0,0
"84814",1,0,0,1,1,1,0,0,1,0,1
"51559",1,0,0,1,0,1,1,0,1,0,1
"29085",1,0,0,1,1,0,1,0,1,0,0
"64419",1,1,1,1,1,1,1,1,1,1,1
"145553",1,0,0,1,0,1,0,1,0,1,1
"51496",1,1,1,1,1,1,1,1,1,1,1
"8446",1,1,1,1,1,1,1,1,1,1,1
"9107",1,1,1,1,1,1,1,1,1,1,1
"23371",1,0,1,0,0,0,1,1,1,0,0
"9108",0,0,0,0,0,0,0,0,0,0,0
"55613",1,0,0,0,0,1,1,1,1,0,0
"403313",0,1,1,0,1,1,1,1,1,1,0
"9562",0,1,1,0,0,0,0,1,0,0,1
"3705",1,0,1,1,0,0,0,0,1,0,0
"138429",1,0,0,1,0,1,0,0,0,1,0
"10170",0,0,0,0,0,0,0,0,0,0,0
"9249",1,1,1,1,1,1,1,1,1,1,1
"220074",0,1,1,1,0,0,1,1,0,0,1
"1733",0,0,0,0,0,0,0,0,0,0,0
"1735",1,0,1,1,0,0,1,0,0,1,0
"1734",0,0,0,0,0,0,0,0,0,0,0
"6819",0,0,0,0,0,0,0,0,0,0,0
"27284",1,0,0,0,1,1,1,1,1,0,1
"84274",1,0,0,1,0,1,1,0,1,0,0
"4297",1,1,1,0,1,1,0,1,1,1,1
"55904",1,1,1,1,1,1,1,1,1,1,1
"55870",1,1,1,1,1,1,1,1,1,1,1
"79723",0,1,0,1,0,1,0,0,1,0,1
"79813",1,0,1,0,1,0,0,1,0,1,0
"387893",1,1,1,1,1,1,0,1,1,1,1
"8085",1,1,1,1,1,1,1,1,1,1,1
"58508",1,1,1,1,1,1,0,1,1,1,1
"9869",0,1,0,1,1,0,0,0,1,1,0
"9757",1,0,0,0,1,1,1,0,1,0,0
"80854",1,0,1,0,1,0,0,0,1,0,0
"9739",1,0,1,1,1,0,1,0,1,0,0
"64754",0,1,0,1,0,0,1,0,1,0,1
"84444",1,0,0,1,0,0,0,0,1,0,0
"10919",1,1,0,1,1,0,1,1,1,1,1
"64324",0,1,1,0,0,0,0,1,1,0,1
"23067",1,1,1,1,1,1,1,1,1,1,1
"6839",1,1,0,1,1,1,1,1,1,1,1
"83852",0,1,0,1,0,0,0,0,0,1,1
"54904",1,1,1,1,1,1,1,1,1,1,1
"84787",1,0,1,0,1,0,0,1,1,0,0
"29072",1,1,1,1,1,1,1,1,1,1,1
"7468",1,0,1,1,0,0,1,0,1,0,0
"51111",0,1,0,0,1,1,1,0,1,0,1
"6419",0,1,1,0,0,0,1,1,1,0,0
"90701",1,0,1,0,0,1,1,1,1,1,1
"9789",1,1,1,1,1,1,1,1,1,1,1
"23478",1,1,1,1,1,1,1,1,1,1,1
"28972",1,1,1,1,1,1,1,1,1,1,1
"60559",1,1,1,1,1,1,1,1,1,1,1
"57171",0,1,0,1,0,0,1,1,1,0,1
"4249",1,1,1,1,1,1,1,1,1,1,1
"25834",0,0,0,0,0,0,0,0,0,0,0
"137902",0,0,0,0,0,0,0,0,0,0,0
"7837",0,1,0,1,1,1,0,0,1,0,0
"9677",0,1,0,0,1,1,0,1,0,1,1
"23262",1,1,1,1,1,1,1,1,1,1,1
"26007",0,1,0,0,1,0,0,1,1,0,0
"158584",0,1,1,0,1,1,1,0,1,1,0
"283209",1,0,1,0,1,1,0,1,1,0,0
"23491",1,0,1,1,0,0,0,0,0,1,1
"221223",0,0,0,0,0,1,1,0,0,0,0
"1208",1,0,0,1,0,0,0,1,1,1,0
"55244",0,0,0,0,0,0,0,0,0,0,0
"146802",1,0,1,0,0,0,0,0,0,1,0
"345274",0,0,0,0,0,0,0,0,0,0,0
"116085",1,0,1,0,1,1,0,0,1,0,0
"123688",0,1,1,1,0,1,0,0,0,1,0
"56898",1,0,0,0,1,1,0,1,0,1,1
"51171",1,0,1,1,0,0,1,0,1,1,0
"84869",1,0,0,0,0,1,1,1,1,0,1
"51741",1,0,0,1,0,0,1,1,1,0,0
"10202",0,1,0,0,0,0,1,1,1,0,1
"1487",1,1,1,1,1,1,1,1,1,1,1
"93517",0,1,0,0,1,1,0,1,1,0,0
"121214",0,0,0,0,0,0,0,0,0,0,0
"10553",1,1,1,0,1,1,0,1,1,1,1
"100288072",0,0,0,0,0,0,0,0,0,0,0
"374875",1,0,0,1,1,0,0,1,1,0,0
"441282",NA,NA,NA,NA,NA,NA,NA,NA,NA,NA,NA
"340811",0,0,0,0,0,0,0,0,0,0,0
"133121",0,0,0,0,0,0,0,0,0,0,0
"85007",1,1,1,1,1,1,1,1,1,1,1
"250",1,0,1,1,1,0,0,0,1,0,0
"251",1,0,1,1,0,0,0,0,1,0,1
"123264",1,0,1,1,0,0,0,1,0,1,1
"200931",0,0,0,0,1,0,0,0,0,0,0
"10941",0,0,0,0,0,0,0,0,0,0,0
"79799",0,0,0,0,0,0,0,0,0,0,0
"10476",1,1,1,1,1,1,1,1,1,1,1
"518",1,1,1,0,1,1,1,1,1,1,1
"498",1,1,1,1,1,1,1,1,1,1,1
"516",1,1,1,1,1,1,1,1,1,1,1
"522",1,1,1,1,1,1,1,1,1,1,1
"515",1,0,1,0,1,1,0,1,1,0,0
"9551",1,1,1,1,1,1,1,1,1,1,1
"27109",1,0,0,1,0,1,0,0,1,1,0
"267020",0,0,0,0,0,0,0,0,0,0,0
"509",1,1,1,1,1,1,1,1,1,1,1
"513",1,1,1,1,1,1,1,1,1,1,1
"514",1,1,1,1,1,1,1,1,1,1,1
"517",1,1,1,1,1,1,1,1,1,1,1
"521",1,1,1,1,1,1,1,1,1,1,1
"10632",1,1,1,1,1,1,1,1,1,1,1
"506",1,1,1,1,1,1,1,1,1,1,1
"539",1,1,1,1,1,1,1,1,1,1,1
"29796",1,0,0,0,1,0,1,1,1,1,1
"4519",0,0,0,0,0,0,0,0,0,0,0
"1537",1,1,1,1,1,1,1,1,1,1,1
"7381",1,1,1,1,1,1,1,1,1,1,1
"10975",1,1,1,1,1,1,1,1,1,1,1
"27089",1,1,1,1,1,1,1,1,1,1,1
"7384",0,1,0,1,1,1,0,1,1,1,0
"7386",1,1,1,1,1,1,1,1,1,1,1
"7388",1,1,1,1,1,1,1,1,1,1,1
"7385",1,1,1,1,1,1,1,1,1,1,1
"9481",0,0,0,0,0,0,0,0,0,0,0
"9016",0,1,1,0,1,1,0,0,0,1,1
"7351",1,1,1,1,1,1,1,1,1,1,1
"7352",1,0,0,1,1,1,0,1,0,1,1
"4535",1,1,1,1,1,1,1,1,1,1,1
"4540",1,1,1,1,1,1,1,1,1,1,1
"4541",1,1,1,1,1,1,1,1,1,1,1
"4729",1,1,1,1,1,1,1,1,1,1,1
"126328",1,0,1,1,0,0,1,0,1,0,0
"4717",1,0,0,0,0,1,1,1,1,0,0
"4719",0,1,0,1,0,1,0,0,0,1,1
"7991",0,0,0,0,0,0,0,0,0,0,0
"4539",1,1,1,1,1,1,1,1,1,1,1
"4707",1,0,0,0,1,1,0,0,1,1,1
"4705",0,1,1,0,0,1,0,1,1,1,1
"4536",1,1,1,1,1,1,1,1,1,1,1
"4713",1,0,0,1,1,0,0,1,0,1,0
"4538",1,1,1,1,1,1,1,1,1,1,1
"4731",1,0,0,0,1,1,1,1,1,0,0
"4695",1,1,1,1,1,1,1,1,1,1,1
"4708",1,1,1,0,1,1,1,1,1,1,1
"4711",1,1,1,1,1,1,1,1,1,1,1
"4723",1,1,1,1,1,1,1,1,1,1,1
"4706",1,1,1,1,1,1,1,1,1,1,1
"4701",1,1,1,1,1,1,1,1,1,1,1
"4724",1,0,1,1,0,0,1,0,1,0,0
"4718",1,1,1,1,1,1,1,1,1,1,1
"4698",0,1,0,0,0,1,1,1,1,0,0
"4537",1,1,1,1,1,1,1,1,1,1,1
"55967",1,1,1,1,1,1,1,1,1,1,1
"4728",1,1,1,1,1,1,1,1,1,1,1
"4715",1,1,1,1,1,1,1,1,1,1,1
"51079",1,1,1,1,1,1,1,1,1,1,1
"54539",1,1,1,1,1,1,1,1,1,1,1
"4714",1,1,1,1,1,1,1,1,1,1,1
"4720",1,1,1,1,1,1,1,1,1,1,1
"4712",1,1,1,1,1,1,1,1,1,1,1
"4722",1,1,1,1,1,1,1,1,1,1,1
"4704",1,0,0,0,0,1,1,1,0,1,0
"4694",1,1,1,1,1,1,1,1,1,1,1
"4702",1,0,1,0,1,1,1,1,1,1,1
"4709",1,0,1,0,1,1,0,1,0,1,1
"4725",1,1,1,1,1,1,1,1,1,1,1
"4710",1,1,1,1,1,1,1,1,1,1,1
"4697",1,1,1,1,1,1,1,1,1,1,1
"4726",1,1,1,1,1,1,1,1,1,1,1
"4716",1,1,1,0,1,1,1,1,1,1,1
"374291",1,0,0,0,0,1,1,1,1,1,0
"1345",1,1,1,1,1,1,1,1,1,1,1
"1340",1,1,1,1,1,1,1,1,1,1,1
"1329",1,1,1,1,1,1,1,1,1,1,1
"4514",1,1,1,1,1,1,1,1,1,1,1
"4513",1,1,1,1,1,1,1,1,1,1,1
"1327",1,1,1,1,1,1,1,1,1,1,1
"1351",1,1,1,1,1,1,1,1,1,1,1
"1349",1,0,0,1,0,0,1,1,1,0,0
"1346",1,0,0,1,0,0,0,1,1,0,0
"1347",1,1,1,1,1,1,1,1,1,1,1
"9377",1,1,1,1,1,1,1,1,1,1,1
"1337",1,1,1,1,1,1,1,1,1,1,1
"4512",1,1,1,1,1,1,1,1,1,1,1
"1350",1,1,1,1,1,1,1,1,1,1,1
"9167",1,1,1,1,1,1,1,1,1,1,1
"125965",1,0,1,1,0,0,1,0,0,1,0
"1339",1,0,0,1,1,0,0,1,0,1,0
"170712",0,0,0,0,0,0,0,0,0,0,0
"84701",1,0,1,1,0,0,1,0,0,0,1
"4363",1,1,1,1,1,1,1,1,1,1,1
"146712",0,1,1,1,0,0,1,0,1,1,0
"10554",0,1,0,0,1,0,0,1,1,0,0
"240",1,0,0,0,0,1,0,1,0,1,1
"534",0,1,1,0,1,0,1,0,1,0,1
"8705",0,1,0,1,1,0,0,0,1,1,0
"570",0,0,0,0,0,0,0,0,0,0,0
"622",0,1,1,0,1,0,0,1,0,0,1
"57818",0,1,0,1,1,1,0,0,0,1,0
"8647",0,0,0,0,0,0,0,0,0,0,0
"124935",1,0,1,1,1,0,0,1,0,1,0
"6531",1,0,0,1,1,1,1,0,1,0,0
"11000",0,1,0,1,1,0,0,1,0,0,1
"4758",0,1,1,0,1,0,0,0,1,1,0
"2618",1,0,0,0,0,1,0,1,1,1,0
"2629",0,1,0,1,1,0,0,0,1,1,0
"7264",1,0,1,0,0,1,1,1,1,0,0
"284098",1,0,0,1,1,1,0,1,0,1,1
"3163",1,1,1,1,1,1,1,1,1,1,1
"7923",0,1,1,0,1,1,0,1,1,0,0
"10723",1,1,1,1,1,1,1,1,0,1,1
"201288",0,0,0,0,0,0,0,0,0,0,0
"645740",0,0,0,0,0,0,0,0,0,0,0
"1589",0,1,0,0,0,0,1,0,0,1,0
"9651",1,0,1,0,0,0,1,1,1,0,0
"8396",0,1,0,1,1,0,1,1,1,0,0
"8399",0,1,1,0,0,0,0,1,0,1,0
"64711",0,1,1,1,1,0,0,0,1,0,0
"7366",0,0,0,0,0,0,0,0,0,0,0
"9374",1,0,0,1,1,0,1,0,1,0,1
"93100",0,1,1,1,0,0,0,1,0,1,1
"55229",1,1,1,1,1,0,0,1,1,1,1
"26063",1,0,1,0,0,1,0,0,1,0,1
"2880",0,0,0,0,0,0,0,0,0,0,0
"65263",1,0,0,1,0,1,1,0,0,0,1
"8781",0,0,1,0,1,0,0,0,0,0,0
"31",0,1,1,1,0,0,1,0,1,0,1
"55750",0,1,1,0,1,0,0,0,0,1,0
"8644",0,1,0,0,1,1,0,1,1,1,0
"1066",1,0,1,1,0,0,0,0,0,1,1
"5446",0,0,0,0,0,0,0,0,0,0,0
"4905",1,1,1,1,0,1,1,1,1,1,1
"4700",1,1,1,1,1,1,1,1,1,1,1
"4696",1,1,1,1,1,1,1,1,1,1,1
"341947",0,0,0,0,0,0,0,0,0,0,0
