"","GSM1621305","GSM1621306","GSM1621307","GSM1621308","GSM1621309","GSM1621310","GSM1621311"
"26",0,0,0,0,0,0,0
"314",1,0,0,0,0,0,0
"8639",1,0,0,0,0,0,0
"1591",0,0,0,0,0,0,0
"1594",0,0,0,0,0,0,0
"10993",0,0,0,1,1,1,1
"6818",1,1,1,1,1,1,1
"89874",0,0,0,0,0,0,0
"55293",0,0,1,0,0,0,1
"3945",1,1,1,1,1,1,1
"92483",0,0,0,0,0,0,0
"160287",0,1,0,0,1,0,0
"3948",0,1,1,1,1,0,0
"3939",1,1,1,1,1,1,1
"134526",0,0,0,0,0,0,0
"51",0,0,1,1,1,0,1
"95",1,0,1,1,1,0,0
"50",1,1,1,1,1,1,1
"48",0,1,1,0,0,1,0
"8309",0,0,0,0,0,0,0
"52",0,0,0,1,1,1,1
"55",0,0,0,0,0,0,0
"788",1,1,1,1,1,0,1
"9194",1,0,0,0,0,1,0
"55902",1,1,1,1,1,0,0
"9123",0,0,0,1,0,1,1
"6566",1,0,0,1,1,1,1
"57835",0,0,0,0,0,0,0
"65985",1,1,1,1,1,1,1
"8671",0,0,0,0,0,0,0
"438",0,0,0,1,1,0,0
"1571",0,0,0,0,0,0,0
"4967",0,1,0,0,0,1,1
"100",1,1,1,1,1,1,1
"8050",1,1,1,1,1,1,1
"1738",0,1,1,0,0,1,1
"3177",1,0,1,1,0,0,0
"1743",1,1,1,1,1,1,1
"126",0,0,0,0,0,0,0
"205",0,0,1,1,1,0,0
"128",0,0,1,0,0,1,0
"204",1,0,1,1,1,0,0
"130",0,0,0,0,0,0,0
"127",0,0,0,0,0,1,0
"131",0,0,0,0,0,0,0
"124",0,0,0,0,0,0,0
"125",0,0,0,0,0,0,0
"26289",1,0,0,1,1,1,1
"137872",1,1,1,1,1,1,1
"1312",0,0,1,1,1,0,1
"50808",1,0,0,0,1,1,1
"262",1,1,1,1,1,1,1
"117247",0,0,0,0,0,0,0
"222",0,0,0,0,0,0,0
"113",1,1,1,1,1,1,0
"218",1,0,1,1,0,1,0
"108",0,0,0,0,0,0,0
"220",0,0,0,0,0,0,0
"221",0,1,0,1,1,1,0
"114",0,0,0,0,0,0,0
"111",0,1,0,0,1,1,1
"3242",0,0,0,0,0,0,0
"115",1,1,0,0,0,1,0
"18",1,1,0,1,0,0,0
"109",0,0,1,1,1,0,0
"55811",0,0,0,0,0,0,0
"196883",1,0,0,1,1,0,0
"2531",1,0,1,0,1,1,1
"107",0,0,0,1,1,1,0
"23498",0,0,0,0,1,0,1
"112",1,0,0,0,0,1,1
"55268",1,1,1,1,1,1,1
"51166",0,0,0,0,0,0,0
"2030",0,0,0,0,1,1,1
"883",0,0,1,0,1,0,0
"1644",0,0,0,0,0,0,0
"4129",0,0,0,0,0,0,1
"9154",0,1,1,0,1,0,1
"64078",0,0,0,0,0,0,0
"4128",0,0,0,0,0,0,0
"9153",1,0,0,1,0,1,1
"10165",1,0,0,0,1,1,0
"55315",0,0,1,1,1,0,0
"8604",1,1,1,1,1,0,0
"245972",0,1,0,0,0,1,0
"2572",0,0,0,0,0,0,0
"9114",1,1,1,1,1,1,1
"11164",1,1,1,1,1,1,1
"2571",0,0,0,0,0,0,0
"952",1,1,1,1,1,1,1
"51380",1,1,1,1,1,1,1
"1375",1,1,1,1,1,1,1
"533",1,1,1,1,1,1,1
"2805",0,1,0,1,0,1,1
"50617",0,0,0,0,0,0,0
"1374",1,1,0,1,0,0,1
"2806",1,1,1,1,1,1,1
"8659",0,1,1,1,0,1,0
"126129",0,0,0,0,0,0,0
"10312",1,1,1,1,1,1,1
"6817",1,1,1,1,1,1,1
"535",0,1,0,0,1,0,1
"127124",1,1,1,1,1,0,0
"523",0,1,0,0,0,1,1
"1376",0,1,1,0,0,0,0
"6799",1,1,1,1,1,1,1
"9060",1,0,0,0,0,0,0
"8992",1,1,1,1,1,1,1
"9061",1,1,1,1,1,1,1
"158",1,1,1,1,1,1,1
"9550",1,1,1,1,1,1,1
"4363",0,0,0,1,1,0,1
"529",1,1,1,1,1,1,1
"6822",0,0,0,0,0,0,0
"6573",1,1,1,1,1,0,0
"146712",1,0,0,1,0,1,0
"528",0,0,0,0,1,1,0
"316",0,0,0,0,0,0,0
"10678",1,1,1,1,1,1,1
"6571",0,0,0,0,0,0,0
"6570",0,0,0,0,0,0,0
"10331",0,1,0,0,1,0,0
"51382",0,0,0,0,1,1,1
"2348",0,0,0,0,0,0,0
"90423",0,1,1,0,1,0,1
"534",0,1,1,0,0,0,1
"374907",1,1,0,1,1,0,0
"2352",0,0,0,0,0,0,0
"51606",1,1,1,1,1,1,1
"11041",0,0,1,1,1,0,0
"93010",0,0,0,0,0,0,0
"9296",1,1,1,1,1,1,1
"79369",0,1,0,0,0,1,1
"4125",1,1,1,1,1,1,1
"954",0,0,1,0,0,1,0
"79814",1,1,1,1,1,1,1
"53947",0,0,0,1,1,0,0
"51146",1,1,0,0,0,0,0
"28",0,0,1,0,1,1,1
"953",0,0,0,0,0,0,0
"206358",0,0,0,0,1,1,1
"957",0,0,1,0,0,1,1
"56895",0,1,0,0,0,1,1
"6540",0,1,0,1,0,1,0
"137964",1,0,1,0,1,0,0
"129642",1,0,1,0,1,1,0
"956",0,0,0,0,0,0,0
"955",0,1,0,1,1,1,0
"6539",0,0,0,0,0,0,0
"56894",1,0,0,0,0,0,1
"10555",1,1,0,1,1,0,0
"55326",0,1,0,1,0,1,0
"10554",1,1,1,1,1,1,1
"6529",0,0,0,0,0,0,0
"6538",0,0,0,0,0,0,0
"10449",1,0,1,1,1,0,1
"38",1,0,1,1,1,0,0
"64850",0,0,0,0,0,0,0
"377841",NA,NA,NA,NA,NA,NA,NA
"3032",1,1,1,1,1,1,1
"292",1,1,1,1,1,1,1
"293",1,1,1,1,1,1,1
"64902",0,0,0,0,0,0,0
"3030",1,1,1,1,1,1,1
"189",0,0,0,0,0,0,0
"291",1,1,0,1,0,1,0
"39",1,1,1,1,1,1,1
"30",1,1,1,1,1,1,1
"32",1,0,0,0,1,0,0
"9197",0,0,1,0,0,1,0
"4126",0,1,1,1,0,1,0
"3073",1,1,0,0,1,1,0
"3074",1,1,1,1,1,1,1
"79611",0,0,0,0,0,0,0
"10606",1,0,1,1,1,0,0
"8706",0,0,0,0,0,0,0
"84532",1,1,1,1,1,1,1
"64841",1,0,1,0,0,0,0
"55577",1,1,1,1,1,1,1
"5238",1,0,0,1,1,1,0
"8705",0,0,1,0,0,0,0
"9487",1,0,1,0,0,0,0
"10317",1,1,0,0,1,1,0
"162417",1,0,1,0,1,0,0
"43",1,1,1,1,0,0,0
"6572",0,0,0,0,0,0,0
"84002",1,0,0,1,0,1,1
"47",1,1,1,1,1,1,1
"570",0,1,1,1,0,1,0
"3141",1,0,0,1,1,0,1
"54187",1,1,0,1,1,1,1
"140679",0,1,0,0,0,1,1
"26503",1,0,1,1,1,0,0
"54",1,1,1,1,1,1,1
"8424",0,0,0,0,0,0,0
"51205",0,1,1,1,0,0,0
"53630",0,0,0,0,0,0,0
"140838",1,0,1,1,0,0,1
"622",1,1,1,1,0,0,1
"36",0,1,1,0,1,0,0
"34",1,1,1,1,1,1,1
"84129",1,1,1,1,1,1,0
"23743",0,0,0,0,0,0,0
"80724",0,1,0,0,1,0,1
"635",0,1,0,1,1,1,0
"27034",1,1,1,1,1,1,1
"10599",1,1,0,0,0,0,1
"28976",1,0,1,1,1,0,0
"1244",1,1,1,0,0,0,0
"35",1,0,1,1,0,0,0
"3712",0,0,1,1,0,0,1
"1607",0,0,0,0,0,0,0
"8714",0,0,0,0,1,1,1
"28234",0,0,0,0,0,0,0
"644",1,0,1,1,0,0,1
"1468",0,1,0,0,0,0,1
"8402",1,1,1,1,1,1,1
"64849",1,0,0,1,0,1,1
"645",1,0,0,1,1,0,1
"9488",0,0,0,1,1,1,1
"1610",1,1,1,1,1,0,0
"10380",1,0,1,0,1,0,0
"686",1,1,0,0,0,1,0
"1645",0,1,0,1,0,1,1
"2745",1,1,1,1,1,1,1
"1109",0,0,0,0,0,0,0
"8884",1,1,1,1,1,1,1
"80704",0,0,0,0,0,0,0
"51022",1,1,1,1,1,1,1
"51733",1,0,1,0,0,1,0
"7108",0,1,0,1,1,0,0
"6718",0,0,0,0,0,0,0
"8528",0,1,0,0,0,0,0
"6510",1,0,0,1,1,1,1
"50814",1,0,1,1,1,0,0
"3295",1,1,1,1,1,0,1
"6307",1,1,1,1,1,1,1
"6509",0,1,1,1,0,0,0
"1632",1,1,1,1,1,0,1
"56301",1,1,1,1,1,1,1
"492",0,0,0,0,0,0,0
"10455",1,0,1,0,1,0,0
"490",1,1,0,1,1,1,1
"6520",1,1,1,1,1,1,1
"1633",1,1,1,1,1,1,1
"211",1,1,1,1,1,1,1
"493",0,1,0,0,1,1,1
"6319",0,0,1,0,1,0,1
"9415",0,0,1,1,1,0,0
"491",0,0,0,0,0,0,0
"23464",0,0,1,1,1,0,0
"3992",1,0,1,0,1,0,0
"212",0,0,0,0,1,1,1
"8694",0,1,0,1,0,0,1
"847",1,1,1,1,1,1,1
"84649",0,1,0,1,0,1,1
"1716",1,1,1,1,1,1,1
"6546",0,0,0,0,0,0,0
"6547",1,0,0,1,1,1,1
"54407",1,1,1,1,1,1,1
"6541",0,1,0,1,1,0,1
"6543",0,0,1,0,1,1,1
"6515",1,1,1,1,1,1,1
"59272",0,0,0,0,0,0,0
"84889",0,0,0,1,0,0,0
"6517",1,0,0,1,0,1,0
"81539",1,1,1,1,1,1,1
"340024",1,0,0,1,1,1,1
"6513",1,0,0,1,1,0,0
"55089",0,0,0,0,0,0,0
"1718",1,1,1,1,1,0,0
"2538",0,0,0,0,0,0,0
"1581",0,0,0,0,0,0,0
"57818",0,0,0,0,0,0,0
"92579",0,1,1,1,1,0,1
"1373",0,0,0,0,0,0,0
"873",0,0,1,0,1,1,1
"11254",0,0,0,0,0,0,0
"57393",0,0,0,0,0,0,0
"6542",0,0,0,0,0,0,0
"84706",1,0,1,1,1,0,0
"1717",0,1,1,1,1,0,0
"2875",1,0,0,1,0,1,1
"8560",1,1,1,1,1,1,1
"10423",1,1,1,1,1,1,1
"123099",0,0,0,0,1,1,0
"92745",1,0,0,1,0,0,1
"10991",0,1,0,0,0,1,0
"1040",0,0,0,0,0,0,0
"11309",0,0,0,1,1,1,0
"8760",1,0,1,0,0,1,0
"284273",1,1,0,0,0,1,0
"6783",0,0,0,0,0,0,0
"1723",1,0,1,1,1,0,0
"10327",1,1,1,1,1,1,1
"10390",0,0,0,0,1,1,0
"56994",0,1,0,0,0,0,0
"1807",0,0,0,0,0,0,0
"64781",1,1,1,1,1,1,1
"1809",1,0,0,1,1,1,0
"8854",0,0,0,1,1,1,0
"1808",1,1,1,1,1,1,1
"10087",1,1,1,1,1,1,1
"23539",0,0,0,0,1,1,1
"6565",1,0,0,0,0,0,0
"9023",1,1,1,1,1,1,1
"224",1,1,1,1,1,1,1
"501",0,0,0,0,0,0,0
"2224",1,1,1,1,1,1,1
"1103",0,1,1,0,1,1,1
"29958",0,0,0,0,0,0,0
"60386",1,1,0,1,1,1,1
"223",1,1,1,1,1,1,1
"216",0,0,0,0,0,0,0
"162466",0,0,0,0,0,0,0
"84920",0,0,1,0,1,1,1
"5130",0,0,1,1,0,0,0
"9468",0,0,0,0,0,0,0
"6579",0,0,0,0,0,0,0
"217",1,1,0,1,1,0,0
"219",1,0,1,0,1,1,0
"79087",1,0,0,1,1,0,1
"239",0,0,0,0,0,0,0
"6555",0,0,0,0,0,0,0
"6554",1,1,0,0,0,1,0
"26002",0,0,0,0,0,0,0
"1621",1,0,0,0,0,1,0
"8647",0,0,0,0,0,0,0
"247",0,0,0,0,0,0,0
"7299",0,0,0,0,0,0,0
"55349",0,0,0,0,0,0,0
"6530",0,0,0,0,0,1,0
"246",0,0,0,0,0,0,0
"6531",0,1,0,0,0,0,1
"6581",0,0,0,0,0,0,0
"240",0,0,0,0,0,0,0
"231",1,1,1,1,1,1,1
"8574",1,1,1,1,1,1,1
"23600",1,0,1,1,0,0,1
"1119",1,1,0,1,1,1,1
"1120",1,1,1,1,1,1,1
"5224",0,1,0,1,0,1,1
"60482",0,0,0,0,0,0,0
"6582",1,1,1,0,0,0,1
"115286",1,1,1,1,1,1,1
"5223",1,1,1,1,1,1,1
"6584",0,1,1,1,0,0,1
"669",1,0,1,1,1,0,0
"271",1,1,1,1,1,1,1
"6820",1,0,1,1,1,0,0
"4597",0,1,0,1,0,0,0
"51071",1,1,1,1,1,1,1
"10948",1,1,0,1,0,0,1
"19",0,0,0,0,0,0,0
"272",0,1,1,1,0,0,0
"1806",1,1,0,0,0,0,0
"270",0,0,0,0,0,0,0
"7083",1,1,1,0,1,0,0
"290",1,1,0,1,0,1,0
"1118",0,0,1,0,0,0,0
"7084",1,0,1,1,1,0,0
"54682",1,0,1,0,0,0,0
"27159",0,0,1,0,1,1,0
"3704",1,1,1,1,1,1,1
"279",1,1,1,1,1,1,0
"277",1,1,1,1,1,1,0
"1854",1,1,1,1,1,1,1
"10682",1,1,1,1,1,0,1
"9058",0,0,0,0,0,0,0
"276",1,1,1,1,1,1,0
"278",1,1,1,1,1,1,0
"1892",1,1,1,1,1,1,1
"549",1,1,1,1,1,0,0
"11136",0,0,1,0,1,1,1
"6519",0,0,0,0,0,0,0
"1962",0,0,0,0,0,0,0
"280",1,1,1,1,1,1,1
"6576",1,1,1,1,1,1,1
"1891",1,1,1,1,1,1,1
"1160",0,0,0,0,0,0,0
"11001",0,0,0,0,0,0,0
"1159",0,0,0,0,0,0,0
"548596",0,0,0,0,0,0,0
"1152",1,0,0,1,1,1,1
"1158",0,0,0,0,0,0,0
"5172",0,0,0,0,0,0,0
"65010",1,1,1,1,0,0,0
"10998",0,1,1,0,1,0,0
"113451",0,0,0,1,0,1,0
"53919",0,0,0,0,0,0,0
"9057",1,1,0,1,1,1,1
"384",1,0,0,1,1,1,1
"28231",0,1,0,1,0,1,1
"54675",0,0,0,1,1,0,1
"10257",0,0,1,0,0,0,1
"10559",1,1,1,1,1,1,1
"445",0,1,0,0,1,1,1
"28232",0,0,0,1,0,1,1
"55907",1,0,1,0,1,0,0
"2108",0,0,1,1,1,1,1
"8034",1,1,1,1,0,0,0
"2109",1,1,1,1,1,1,1
"83884",0,0,0,0,0,1,1
"10166",1,0,1,1,0,0,0
"8824",1,1,1,1,0,0,0
"410",0,0,1,1,1,0,0
"2110",1,0,1,0,1,0,0
"51805",1,1,1,0,1,0,0
"55500",1,0,1,0,1,1,1
"427",1,1,1,1,1,1,1
"55224",1,1,1,0,0,1,1
"51004",0,1,1,0,1,0,0
"10229",0,0,1,1,1,0,1
"9962",1,0,0,1,1,0,1
"2181",0,0,0,1,1,1,0
"9245",0,1,0,1,1,0,0
"2650",0,1,0,0,1,1,1
"51301",0,0,0,0,0,0,0
"2182",1,0,1,1,1,0,0
"9963",0,0,0,0,0,0,0
"2180",0,1,0,1,0,1,1
"192134",1,0,0,0,0,0,1
"386757",0,1,0,1,0,1,1
"80150",1,0,1,1,1,0,1
"51703",1,1,1,1,1,1,0
"81616",1,1,0,1,0,0,1
"23305",1,0,1,0,1,1,0
"440",1,1,1,1,1,1,1
"6535",0,0,0,1,0,1,1
"1384",0,1,0,0,1,0,1
"116285",0,0,0,0,0,0,0
"6583",0,0,0,0,0,0,0
"5167",0,0,0,0,0,0,0
"790",1,1,1,0,0,0,0
"5169",0,0,0,0,0,0,0
"54898",0,0,0,0,0,0,0
"6511",0,0,0,0,0,0,0
"1431",1,1,1,1,1,1,1
"6785",0,0,0,0,0,0,0
"6505",0,0,0,0,0,0,0
"54677",1,1,0,1,0,0,0
"60481",1,1,1,1,1,1,1
"6507",0,0,0,0,0,0,0
"79071",0,0,0,0,0,0,0
"1579",0,0,0,0,0,0,0
"6512",1,1,0,0,1,0,0
"2194",0,0,0,1,1,0,1
"6506",0,0,0,0,0,0,0
"376497",0,1,1,1,1,0,0
"10999",0,1,1,0,0,0,1
"525",1,0,1,1,0,0,0
"11000",1,1,1,1,1,0,0
"230",1,1,1,1,1,1,1
"226",1,1,1,1,1,1,1
"527",1,1,1,1,1,1,1
"8140",1,1,1,1,1,1,1
"229",0,0,0,0,0,0,0
"23545",0,0,1,0,1,1,0
"5207",0,0,1,0,1,0,0
"526",1,1,1,1,1,1,1
"23428",0,0,0,1,0,0,1
"5208",0,0,0,0,0,0,0
"1036",0,0,0,0,0,0,0
"245973",0,1,1,1,0,0,1
"5210",1,1,1,1,1,0,0
"8789",0,1,0,1,1,0,1
"5209",1,1,1,1,1,1,1
"124935",1,1,0,0,1,0,1
"2203",1,0,0,1,1,0,1
"2235",1,0,1,1,1,0,0
"23657",0,0,0,0,0,0,0
"57379",0,0,0,0,0,0,0
"2629",1,1,1,1,1,0,0
"10840",0,0,0,0,1,1,1
"26301",1,1,0,1,1,0,0
"79901",0,0,1,1,0,0,0
"978",0,0,0,0,0,0,0
"7371",1,0,1,1,1,0,0
"83549",0,0,1,1,1,1,1
"7915",1,0,1,0,0,1,0
"125061",0,1,0,1,1,0,1
"4329",0,0,1,0,0,0,1
"51727",0,1,0,0,1,0,1
"1719",1,0,1,0,1,0,1
"129607",1,0,0,1,0,0,0
"2356",1,1,1,1,1,1,1
"2731",0,1,1,1,0,1,0
"29988",0,0,0,1,1,1,0
"275",1,1,0,1,0,0,0
"2653",1,0,1,0,1,0,0
"1609",1,1,0,0,1,0,1
"155184",NA,NA,NA,NA,NA,NA,NA
"2651",1,0,1,1,1,0,0
"6514",0,0,0,0,0,0,0
"6518",0,1,1,1,0,0,0
"8525",1,1,1,1,1,1,1
"66035",1,1,1,1,0,0,0
"55343",1,1,1,1,0,0,0
"7264",1,1,1,1,1,1,1
"160428",0,0,0,0,0,0,0
"8836",1,0,1,0,1,0,0
"4522",1,1,1,1,1,1,1
"25902",1,0,1,1,1,0,0
"1608",0,0,0,0,0,0,0
"79017",1,1,1,1,1,1,1
"2519",0,1,1,1,1,0,1
"2997",1,0,1,1,1,0,0
"160851",0,0,0,1,0,1,1
"9162",0,0,0,0,0,0,0
"2184",0,0,1,0,1,0,1
"8527",1,1,1,1,1,1,0
"8908",1,1,0,1,0,0,0
"2271",0,1,1,0,0,0,0
"2992",1,1,1,1,1,1,1
"2523",0,1,1,0,0,1,0
"8526",1,1,1,0,0,1,0
"2998",0,0,0,0,0,0,0
"2525",1,1,0,1,1,0,0
"2687",1,1,0,1,0,1,0
"6470",0,0,1,0,1,0,0
"1606",1,0,1,1,1,1,1
"6472",1,1,1,1,1,1,1
"10690",0,0,0,0,0,0,0
"9334",0,1,0,0,1,1,1
"8704",1,1,0,1,1,0,0
"2717",1,1,0,1,1,1,1
"8703",1,1,0,0,0,0,1
"2632",1,1,1,1,1,0,0
"2683",0,0,0,1,0,1,1
"2820",1,0,0,0,0,1,1
"5832",1,1,1,1,1,1,1
"2990",1,1,1,1,1,1,1
"9563",1,0,0,1,1,0,1
"8372",0,1,0,1,1,1,1
"3290",0,0,0,0,0,0,0
"2539",1,1,1,0,0,0,0
"3291",0,0,0,0,0,0,0
"3292",1,1,0,1,1,0,0
"26035",1,0,1,0,0,1,0
"2542",0,1,1,0,0,0,0
"2593",0,0,1,1,1,0,1
"54480",1,1,1,1,1,1,1
"2132",1,1,0,1,0,0,1
"7923",1,1,1,1,1,1,1
"3294",0,0,0,0,0,0,0
"2131",1,1,1,0,0,1,0
"51478",0,0,0,0,0,1,1
"9514",1,0,0,1,0,0,1
"3283",0,0,0,0,0,0,0
"2720",1,1,1,1,1,1,1
"3284",0,0,0,0,0,0,0
"27087",1,1,1,1,1,1,0
"4758",1,1,1,1,1,1,1
"80270",0,1,1,0,1,0,0
"57026",0,0,1,0,1,0,1
"5476",1,1,1,1,1,1,1
"135152",0,0,0,0,0,0,0
"2588",1,1,0,1,1,0,0
"26229",1,1,1,1,1,0,1
"2581",0,1,1,1,0,0,0
"4669",1,0,1,1,0,0,0
"3421",1,1,1,1,1,1,1
"2583",0,1,0,1,0,1,0
"55454",1,1,0,0,1,1,1
"3420",1,1,1,1,1,1,1
"3340",0,1,0,0,1,0,1
"8509",1,1,0,1,1,0,0
"9348",0,0,0,0,0,0,0
"55790",0,0,1,1,1,1,0
"64579",0,0,0,0,0,0,0
"3419",1,0,1,1,0,0,1
"79586",0,1,0,0,0,0,0
"3417",0,1,1,1,0,0,0
"2137",1,1,1,0,1,0,0
"3418",1,1,1,1,1,0,1
"22856",1,1,1,1,1,1,1
"337876",0,0,0,0,0,0,0
"7173",0,0,0,0,0,0,0
"2135",1,0,0,1,1,1,0
"2134",0,0,0,1,1,0,1
"55568",1,1,0,1,1,1,1
"56606",0,1,0,0,0,1,1
"2590",1,1,1,1,1,1,1
"154091",0,0,0,0,0,0,0
"3425",0,1,0,0,0,1,1
"2591",0,0,0,0,0,0,0
"144195",1,1,1,1,1,1,1
"11182",1,1,1,0,0,1,0
"114805",0,0,0,0,0,0,0
"6523",0,1,0,1,1,0,0
"587",0,1,1,1,0,0,0
"8693",1,0,1,0,0,1,1
"63917",1,1,1,1,1,1,1
"50614",0,0,1,1,1,1,0
"8501",1,0,1,1,1,0,0
"2589",1,1,1,1,1,1,1
"178",1,1,1,1,1,1,1
"51809",1,0,1,1,1,1,1
"55586",0,1,0,0,1,0,0
"114134",0,0,0,0,0,0,0
"117248",0,0,0,0,0,0,0
"11227",0,0,0,0,0,0,0
"6526",0,1,0,1,1,1,1
"11226",1,0,1,1,0,0,0
"79695",0,1,1,0,1,0,1
"79623",0,1,0,0,0,0,0
"3422",1,1,1,1,1,1,1
"91734",0,0,0,0,0,0,0
"26290",0,0,0,1,1,0,0
"81031",0,0,0,0,0,0,0
"126792",0,0,1,1,0,0,1
"5837",0,1,0,1,0,0,1
"5836",0,0,0,0,0,0,0
"5834",1,1,1,1,1,1,1
"160728",1,1,0,1,1,0,0
"8801",1,1,1,1,1,1,1
"11285",1,0,1,1,0,0,0
"8802",0,0,0,0,0,1,1
"2729",0,0,0,1,1,1,1
"8972",0,0,0,0,0,0,0
"2618",0,0,0,0,0,1,1
"2730",1,0,1,0,1,1,0
"8803",1,1,1,0,1,0,0
"10723",1,1,1,1,1,1,1
"9990",1,0,0,1,1,0,0
"2746",1,1,1,1,1,1,1
"6560",0,1,0,1,1,0,0
"2747",0,0,0,0,0,1,1
"5019",1,1,1,1,1,1,1
"10841",0,0,0,1,0,1,1
"57468",0,0,0,0,0,0,0
"3795",0,0,0,0,1,1,1
"1629",0,0,1,0,0,1,1
"27165",0,0,0,0,0,0,0
"594",0,1,0,0,0,1,1
"2744",0,1,0,0,1,1,1
"8564",0,0,0,0,0,0,0
"3938",0,0,0,1,0,1,1
"593",1,1,1,1,1,1,1
"26873",1,0,1,1,0,0,0
"79751",0,1,1,1,1,0,0
"83733",0,0,0,0,0,0,0
"4942",1,1,1,1,1,1,1
"2639",0,1,0,1,0,0,0
"53",0,0,1,1,1,0,1
"3931",1,0,1,1,1,0,0
"7372",0,1,1,1,0,1,1
"57084",0,0,0,0,0,0,0
"1811",0,0,0,0,0,0,0
"246213",0,0,0,0,0,0,0
"57030",0,1,0,1,1,1,1
"387775",NA,NA,NA,NA,NA,NA,NA
"10861",1,0,1,1,1,0,0
"1836",0,0,1,0,0,1,1
"124637",0,1,0,1,0,1,0
"51179",0,1,0,0,1,1,0
"54363",0,0,0,0,0,0,0
"366",1,0,0,0,1,1,1
"1583",0,0,0,0,0,0,0
"2628",0,0,0,0,0,0,0
"1584",0,0,0,0,0,0,0
"1585",1,0,0,0,1,1,1
"11283",0,0,0,0,0,0,0
"9380",1,1,1,1,1,1,1
"1586",0,0,0,0,0,0,0
"2713",0,0,0,0,0,1,1
"4047",0,1,0,0,1,0,0
"1588",0,0,0,0,0,0,0
"29124",0,0,0,0,0,0,0
"5321",0,0,0,0,0,0,0
"2710",0,0,0,0,0,1,1
"1576",0,0,0,0,1,1,0
"2712",0,0,0,0,0,0,0
"1178",0,0,0,0,0,0,0
"51268",0,1,0,1,0,1,0
"1056",0,0,1,0,0,1,1
"3029",1,1,1,1,1,1,1
"6536",0,0,0,0,0,0,0
"1589",0,0,1,0,0,1,0
"1593",0,1,0,1,1,0,0
"3990",0,0,0,1,1,1,1
"1548",0,1,0,1,0,1,1
"80339",0,0,0,0,0,0,0
"4023",0,0,0,1,0,1,0
"5226",0,0,0,1,0,1,1
"1553",1,0,0,1,1,0,1
"11343",0,0,1,1,1,1,0
"1562",0,0,0,0,0,0,0
"27232",1,0,1,1,1,0,0
"1558",0,0,0,0,0,0,0
"57678",0,0,1,0,0,0,1
"50487",1,0,0,1,1,1,1
"284098",1,1,1,0,1,0,0
"1559",0,0,0,0,0,0,0
"93183",0,0,1,0,0,0,1
"9227",0,0,0,0,0,0,0
"1565",0,0,0,0,1,1,1
"54965",1,1,0,1,0,0,1
"1572",0,0,0,0,0,0,0
"51302",0,0,0,0,0,0,0
"2936",1,1,1,1,1,1,1
"6309",0,1,0,1,1,1,0
"64816",0,0,0,0,0,0,0
"4048",1,1,1,1,1,1,1
"1577",0,0,0,0,0,0,0
"4056",1,0,0,0,1,0,1
"5052",1,1,1,1,1,1,1
"7001",1,1,1,1,1,1,1
"1551",0,0,0,0,0,0,0
"4259",1,1,0,1,1,0,1
"10858",1,1,0,0,0,1,0
"2876",1,1,1,1,1,1,1
"66002",0,0,0,0,0,0,0
"8529",0,1,0,0,0,0,0
"2879",1,1,1,1,1,1,1
"4258",1,0,1,1,1,0,1
"4051",0,0,0,0,0,0,0
"9420",0,1,0,0,0,1,0
"1582",0,0,0,0,0,0,0
"2877",0,1,0,1,0,1,0
"5831",0,1,0,1,1,0,1
"2878",0,0,0,0,0,0,0
"2954",1,0,1,0,1,0,0
"257202",NA,NA,NA,NA,NA,NA,NA
"2882",1,0,1,1,1,0,0
"5048",1,1,1,1,1,1,0
"2548",0,0,1,1,1,0,1
"10935",0,0,0,0,1,1,1
"5051",0,1,1,0,0,1,1
"5050",1,0,1,1,1,0,0
"2937",1,1,1,1,1,1,1
"5049",0,0,0,1,0,1,1
"64087",0,0,1,1,1,0,1
"7941",0,0,0,0,0,0,0
"56922",1,1,1,1,1,0,0
"23417",0,1,1,1,0,0,1
"2678",0,1,0,1,1,0,0
"347734",1,1,1,1,1,1,1
"57194",1,0,0,1,1,0,1
"5337",0,0,0,0,0,0,0
"4357",1,1,1,1,1,1,1
"5338",1,1,1,0,1,0,1
"2679",0,1,0,1,1,0,1
"4190",1,1,1,1,1,1,1
"130013",0,0,0,0,0,0,0
"4191",1,1,1,1,1,1,1
"4200",0,0,1,0,1,1,0
"4881",0,0,1,1,1,0,0
"5091",1,1,1,0,1,0,0
"4882",1,0,1,0,0,0,0
"2984",0,0,0,0,0,0,0
"2974",1,0,0,1,0,0,1
"2982",0,0,0,0,0,0,0
"2986",0,0,0,0,0,0,0
"4199",0,0,0,0,0,0,0
"10873",0,1,0,1,1,0,0
"3620",0,1,1,1,0,0,0
"2983",0,0,0,0,0,0,0
"3000",1,1,0,0,1,0,0
"1557",0,0,0,0,0,0,0
"1545",0,0,0,0,0,0,0
"5244",0,0,0,0,0,0,0
"2977",0,0,0,0,0,0,0
"1543",1,1,0,0,1,0,0
"1544",1,0,0,1,0,1,1
"9615",0,0,0,0,0,0,0
"4144",1,0,0,1,0,1,0
"4143",0,1,0,0,1,1,1
"5150",0,0,0,0,0,1,1
"27430",1,1,1,1,1,1,1
"4548",1,1,1,1,1,1,1
"763",0,0,1,1,0,1,1
"5143",0,1,0,0,0,1,1
"11238",0,0,0,1,0,1,1
"4598",0,1,0,1,1,1,1
"5137",0,0,0,0,0,0,0
"3636",1,1,1,1,1,1,1
"5151",0,0,0,0,0,1,1
"23556",1,1,1,1,1,0,1
"55650",1,1,1,0,0,0,0
"3635",0,0,0,0,0,1,1
"3633",1,0,1,1,0,0,0
"8867",1,0,0,1,1,0,0
"5140",0,1,1,0,1,0,1
"27124",1,1,0,1,1,0,1
"53905",0,0,0,0,0,0,0
"50506",0,0,1,0,0,0,0
"5142",0,1,0,0,0,1,1
"343",1,0,0,0,0,1,1
"5281",1,0,1,0,1,0,0
"3632",0,0,0,0,1,1,1
"10846",0,0,0,0,0,0,0
"84720",1,0,1,1,0,0,1
"56623",1,0,1,1,1,0,1
"5141",0,0,1,1,1,1,1
"8622",0,0,0,0,0,0,0
"3628",1,1,1,1,1,1,1
"3707",1,1,1,1,1,1,1
"80235",1,1,0,1,1,0,0
"5144",1,0,0,1,1,1,1
"3706",1,0,1,1,1,0,0
"5153",0,1,0,0,1,1,0
"80271",1,1,1,0,0,0,0
"94005",1,1,1,1,1,0,1
"27115",1,1,0,1,0,0,1
"128869",0,1,1,1,1,0,1
"51477",1,1,0,1,0,0,0
"10026",1,1,1,1,0,0,1
"5138",0,0,1,1,1,1,0
"51604",1,1,0,0,1,1,0
"3631",1,1,1,1,0,0,1
"5139",0,0,0,0,0,0,0
"8821",1,1,0,1,1,0,0
"50940",0,0,0,0,0,0,0
"2595",1,1,0,1,0,0,0
"84693",1,0,1,0,1,0,0
"8733",1,1,1,1,1,1,1
"5136",0,0,0,0,0,0,0
"4594",1,1,1,1,1,1,0
"3028",1,1,1,1,1,1,1
"5152",1,0,0,1,0,1,1
"3033",1,1,1,1,1,0,0
"3037",0,0,0,0,0,0,0
"80168",0,1,0,0,1,1,0
"116255",0,0,0,0,0,0,0
"5146",0,0,0,0,0,0,0
"4507",1,0,1,0,0,1,1
"3038",1,0,1,1,1,0,0
"3036",1,0,0,0,0,0,1
"27235",0,1,0,0,0,0,1
"6521",0,0,0,0,0,0,0
"83697",0,0,0,0,0,0,0
"10797",1,0,0,1,1,1,1
"56913",1,1,0,0,0,1,1
"443",0,0,0,0,0,0,0
"91703",1,0,1,0,1,0,1
"6522",0,0,0,1,0,1,1
"6508",0,0,0,0,0,1,1
"5145",0,0,0,0,0,0,1
"4668",1,0,1,1,1,0,1
"9498",0,1,0,0,1,1,1
"57282",NA,NA,NA,NA,NA,NA,NA
"6528",0,1,0,1,1,1,0
"3098",1,1,1,1,1,1,1
"80201",0,0,0,0,0,0,0
"8654",0,0,0,0,0,0,0
"2645",1,0,0,0,1,0,1
"483",1,1,1,1,1,1,1
"3101",1,1,0,0,0,1,0
"5149",0,0,0,0,0,0,0
"478",0,0,0,0,0,0,0
"480",0,0,0,0,0,0,0
"481",0,0,0,1,1,1,1
"3099",1,0,1,1,1,0,0
"5147",0,1,1,0,1,0,0
"482",0,1,0,0,1,1,1
"476",1,1,1,1,1,1,1
"477",0,0,0,0,0,0,0
"23439",0,0,0,0,0,0,0
"3081",0,0,0,0,0,0,0
"11112",1,0,1,0,1,0,1
"3067",0,1,0,0,0,1,1
"6549",1,0,0,0,1,0,0
"6550",1,1,1,0,0,0,0
"5148",0,1,0,0,1,1,1
"496",0,0,0,0,0,0,0
"6548",1,1,0,0,1,1,1
"495",0,0,1,0,0,1,0
"55748",0,1,1,1,1,0,0
"5158",0,0,1,0,1,0,1
"84735",0,0,0,0,0,0,0
"6559",0,1,0,0,0,0,1
"8942",0,0,0,0,0,0,0
"5162",1,1,1,1,1,1,1
"3157",0,1,0,0,1,1,1
"5161",0,0,0,0,0,0,0
"123041",0,0,0,0,0,0,0
"1737",0,0,1,0,0,1,1
"3158",0,0,0,0,0,0,0
"5160",1,1,1,1,1,1,1
"55163",1,0,1,1,1,0,1
"25769",0,0,0,0,0,0,0
"54511",0,0,0,0,0,0,0
"10396",0,0,0,1,1,1,1
"57419",0,0,0,0,1,0,1
"9187",1,0,1,0,0,1,1
"5105",0,0,0,0,0,0,0
"124583",1,1,1,0,1,0,1
"3155",1,1,1,1,1,1,1
"5106",1,1,1,1,0,0,0
"3162",0,1,1,0,0,1,0
"3163",1,0,1,1,1,0,0
"79077",1,1,1,1,1,1,1
"8310",0,1,1,1,1,0,0
"9583",0,1,0,0,0,1,1
"26062",0,0,0,0,0,0,0
"197257",0,0,0,0,0,0,0
"5833",1,1,1,1,1,0,1
"1841",1,1,1,0,1,0,0
"10400",1,1,0,1,1,0,0
"6448",1,0,1,1,1,0,1
"29922",0,0,0,1,1,1,1
"26227",1,0,1,0,1,0,0
"10201",1,0,1,0,1,0,1
"5730",0,1,0,1,1,0,0
"4830",1,1,1,1,1,1,1
"27306",0,0,1,1,0,1,0
"80142",1,1,1,1,1,1,1
"4831",1,1,1,1,1,1,1
"4832",1,1,1,1,1,1,1
"200576",0,0,0,0,1,1,1
"8396",0,1,1,1,0,0,0
"9536",0,1,1,1,1,0,0
"4833",0,0,1,1,1,1,1
"6005",0,0,0,0,0,0,0
"79837",1,1,1,1,1,1,1
"5740",0,0,0,0,0,0,0
"5289",0,0,1,0,0,1,1
"57127",0,0,0,1,1,1,0
"6557",0,0,0,0,0,0,0
"5277",0,1,0,0,0,1,1
"114971",0,1,0,1,1,0,0
"6558",1,1,0,0,0,1,0
"349565",0,1,0,1,1,0,0
"9489",0,1,0,0,0,1,1
"64802",1,0,1,0,0,0,1
"23057",0,0,0,0,0,0,0
"8818",1,1,1,1,1,1,1
"5743",0,0,0,0,0,0,0
"5742",0,1,0,0,0,1,0
"10135",1,1,0,1,1,1,1
"6898",0,1,0,1,1,1,1
"5053",0,0,0,0,0,0,0
"5283",1,1,1,1,1,0,1
"5264",1,0,0,1,1,0,1
"4837",1,1,0,0,0,0,0
"5409",0,0,0,1,1,1,1
"5728",1,1,1,1,1,1,1
"645740",NA,NA,NA,NA,NA,NA,NA
"8871",0,0,0,0,0,1,1
"51227",1,1,1,1,1,1,1
"8395",0,1,1,0,0,1,1
"9091",0,0,0,1,1,0,1
"4842",0,1,0,1,1,0,0
"23396",0,1,0,1,0,1,0
"4843",0,0,1,1,1,1,1
"5279",0,0,1,0,0,1,1
"8394",0,0,0,0,1,1,1
"55361",1,0,0,0,1,1,1
"201288",NA,NA,NA,NA,NA,NA,NA
"4846",1,0,1,1,0,0,0
"5297",1,1,1,1,1,1,1
"4860",1,1,1,1,1,1,1
"5298",1,1,1,1,1,1,1
"5294",0,0,1,0,0,1,1
"123745",NA,NA,NA,NA,NA,NA,NA
"5290",0,0,1,0,0,1,1
"6580",0,0,0,0,0,0,0
"5295",0,0,0,0,0,1,1
"10870",1,1,1,1,1,1,1
"55808",0,0,0,0,0,0,0
"5251",1,1,1,1,0,1,0
"5320",0,0,1,0,0,1,1
"8503",1,0,0,1,0,0,0
"30833",1,0,1,1,1,0,0
"81579",1,0,1,0,0,0,0
"56953",0,1,1,1,1,0,1
"23533",0,1,1,1,0,1,0
"8398",1,1,1,1,1,1,1
"5296",0,1,1,1,1,0,0
"5322",0,0,0,0,0,0,0
"4907",0,0,0,0,0,0,0
"5291",0,1,0,0,0,1,1
"5293",1,1,1,1,1,1,1
"6476",0,0,0,0,0,0,0
"5009",0,0,0,0,0,0,0
"4952",0,0,0,0,1,1,1
"64600",0,0,0,0,0,0,0
"64064",0,1,0,1,1,0,0
"23236",0,0,0,0,0,0,0
"100137049",1,1,1,1,1,1,1
"30814",0,1,0,1,0,0,1
"26279",1,1,1,0,1,0,0
"5335",1,0,1,1,0,0,0
"8399",0,0,0,1,1,1,1
"5332",0,0,0,0,0,0,0
"257068",1,1,1,1,1,0,0
"5319",0,0,0,0,0,0,0
"6489",1,1,1,1,1,1,1
"5336",0,0,0,0,0,0,0
"23007",0,0,0,0,0,0,0
"29906",0,0,1,1,0,1,1
"5334",0,1,0,0,0,1,0
"10654",1,1,1,1,1,1,1
"9651",0,1,0,0,1,0,0
"9807",1,1,1,1,1,0,1
"412",1,0,0,1,0,1,1
"51196",0,0,0,0,0,0,0
"117283",0,0,0,0,0,0,0
"5331",0,0,0,1,1,1,1
"84812",0,0,0,0,0,0,0
"5330",0,1,1,1,1,0,0
"6391",0,0,1,0,1,0,1
"113026",0,1,1,0,0,1,1
"6392",1,1,1,1,1,1,1
"6390",1,1,1,1,1,1,1
"51447",1,1,1,1,1,1,1
"5333",0,1,1,1,1,0,0
"6389",1,1,1,1,1,1,1
"6821",1,0,0,0,1,0,1
"89869",0,0,0,0,0,0,0
"6533",1,0,0,1,0,1,1
"5288",0,0,0,0,0,0,0
"55350",0,0,0,0,0,0,0
"5092",1,0,1,1,0,0,0
"5287",1,1,1,1,1,1,1
"23530",1,0,1,0,0,1,1
"5286",0,0,0,0,0,1,1
"8876",0,0,0,0,0,0,0
"79178",0,0,1,1,0,0,1
"5305",1,1,1,1,1,1,1
"8875",1,1,1,0,0,0,0
"64499",1,0,0,0,0,1,1
"6567",0,0,0,0,0,0,0
"7177",1,0,0,0,0,1,1
"1890",1,0,0,1,0,1,1
"27068",0,1,1,0,1,0,1
"1636",0,0,1,0,1,0,0
"9365",0,0,0,0,0,0,0
"9331",0,0,0,0,0,0,0
"55217",1,0,1,1,0,0,0
"7368",0,0,0,0,0,0,0
"7296",1,1,1,1,1,1,1
"8613",0,0,0,0,0,0,0
"5315",1,1,1,1,1,1,1
"8611",1,0,1,0,1,0,0
"26063",0,1,0,1,1,0,0
"8612",0,0,0,0,1,1,0
"1666",1,1,1,1,1,1,1
"874",0,0,0,0,1,0,1
"5498",1,0,1,1,0,0,1
"11181",0,0,0,0,0,0,0
"10901",1,1,1,1,1,0,1
"126410",1,1,1,0,0,0,0
"80162",1,1,1,1,1,1,1
"7166",0,0,0,0,0,0,0
"8288",0,0,0,0,0,0,0
"2053",0,0,0,0,1,1,1
"9588",1,1,1,1,1,1,1
"121278",0,0,0,0,0,0,0
"8897",0,1,0,0,1,1,1
"4353",0,0,0,0,0,0,0
"8898",1,0,1,1,1,0,1
"169355",0,0,0,0,0,0,0
"6999",0,0,0,0,0,0,0
"2880",0,0,0,0,0,0,0
"5625",1,0,0,0,0,1,1
"9152",1,1,0,0,0,1,1
"6578",0,0,0,0,0,0,0
"6561",0,0,0,0,0,0,0
"9497",0,1,0,0,1,1,0
"115584",1,0,1,0,1,0,1
"6575",1,1,1,0,0,1,0
"6916",0,1,0,1,0,1,0
"23761",1,1,1,1,1,1,1
"6574",1,1,1,1,1,1,1
"7054",0,0,0,0,0,0,0
"142680",0,1,0,1,1,0,1
"9791",1,1,1,1,1,1,1
"6534",0,1,0,1,1,0,0
"81490",0,1,0,1,1,0,1
"10005",0,1,1,1,1,0,0
"3293",1,1,1,0,1,0,0
"1622",1,1,1,1,1,1,1
"225",0,0,0,0,0,0,0
"10965",0,1,1,1,0,1,0
"28965",0,0,0,0,0,0,0
"122970",0,0,1,0,0,0,0
"10020",1,1,1,1,1,1,1
"23205",1,1,0,1,1,0,0
"5805",1,1,1,1,1,1,1
"26061",1,1,1,1,1,1,1
"112483",1,1,1,1,1,1,1
"6303",1,1,1,1,1,1,1
"29880",1,1,1,1,1,1,1
"54716",0,0,0,0,0,0,0
"7355",1,0,0,0,1,0,1
"6564",0,0,0,1,1,1,1
"8566",1,1,0,1,1,0,0
"113235",0,1,0,1,0,1,0
"151531",0,0,0,0,0,0,0
"1200",1,1,1,1,1,1,1
"2168",0,0,0,0,0,0,0
"7358",1,0,1,1,1,0,1
"23169",1,0,0,0,0,1,1
"51056",1,1,1,1,1,1,1
"7378",1,0,0,1,1,1,1
"9390",0,0,0,0,0,0,0
"80146",1,1,1,1,1,1,1
"5184",1,1,1,1,1,1,1
"4891",0,1,0,0,1,1,0
"5168",0,1,0,1,1,1,1
"2944",1,0,0,1,0,0,1
"30061",0,1,1,0,1,0,1
"84912",1,0,1,0,1,0,0
"248",1,0,1,1,1,0,0
"64080",1,0,1,1,1,0,0
"4524",1,0,1,0,0,1,1
"3906",1,1,0,0,0,1,1
"65263",0,1,1,0,1,0,1
"8608",0,0,0,0,1,1,1
"25796",1,1,1,1,1,1,1
"5959",1,1,1,0,0,0,1
"7357",1,1,1,1,1,1,1
"28982",1,1,0,1,1,1,0
"6120",1,0,1,0,0,0,0
"11046",1,0,0,0,1,0,0
"54576",0,0,0,1,1,1,0
"54575",0,0,0,1,1,1,0
"51109",1,1,1,1,1,1,1
"157506",0,1,0,1,1,1,1
"54578",0,0,0,1,1,1,0
"54579",0,0,0,1,1,1,0
"10864",0,1,1,0,1,0,0
"9356",1,1,0,0,1,0,1
"54657",0,0,0,1,1,1,0
"195814",0,0,0,0,0,0,0
"9376",0,1,1,0,1,0,0
"112724",1,0,1,0,0,0,1
"50700",1,1,0,0,0,0,1
"54658",0,0,0,1,1,1,0
"348932",1,0,0,0,0,1,1
"54659",0,0,0,1,1,1,0
"54577",0,0,0,1,1,1,0
"57665",1,1,1,1,1,1,1
"120103",0,1,0,0,0,1,0
"1080",0,0,0,0,0,0,0
"85320",0,0,0,0,0,0,0
"145226",1,1,0,0,1,0,0
"54600",0,0,0,1,1,1,0
"222962",0,1,0,1,1,0,0
"8228",1,1,1,1,0,0,0
"113278",0,1,0,1,1,0,0
"10351",0,0,0,0,0,0,0
"54981",1,0,1,0,1,1,1
"7364",NA,NA,NA,NA,NA,NA,NA
"9429",0,0,0,0,0,0,0
"7367",0,0,0,0,0,0,0
"55867",0,0,0,0,0,1,0
"54490",0,1,0,1,0,0,0
"364",0,1,0,1,1,0,1
"7366",1,0,0,0,1,1,1
"6482",0,0,0,0,0,1,1
"360",1,1,1,1,1,1,1
"6484",0,0,0,0,0,0,0
"7363",0,0,0,0,0,0,0
"89872",0,0,0,0,0,0,0
"7365",NA,NA,NA,NA,NA,NA,NA
"6483",0,1,1,1,0,0,0
"21",1,1,0,1,1,0,0
"10720",0,1,0,1,0,0,0
"24",0,0,0,0,0,0,0
"54963",0,0,0,0,0,1,1
"10057",1,1,0,0,0,0,1
"125206",0,0,0,0,0,0,0
"7498",0,1,0,1,1,1,1
"10090",0,1,0,1,1,0,0
"200010",0,0,0,0,0,0,0
"9653",1,0,1,1,1,0,0
"9942",0,0,0,0,0,0,0
"6524",0,1,0,1,0,1,0
"159963",0,0,0,0,0,0,0
"64131",1,1,0,0,0,1,1
"55065",0,0,0,0,0,0,0
"64132",0,0,1,1,1,0,0
"3423",0,1,0,0,1,1,1
"79581",0,0,1,1,0,0,1
"10060",0,0,0,0,0,0,0
"9957",0,0,0,0,0,0,0
"51181",1,1,1,1,1,1,1
"6833",1,0,0,1,1,1,1
"9951",0,0,0,0,0,0,0
"3764",0,0,0,0,0,0,0
"222537",0,0,0,0,0,0,0
"64077",0,1,1,1,0,0,1
"3767",0,0,0,1,0,0,0
"5464",1,1,1,1,1,1,1
"64220",0,0,0,0,0,0,0
"10724",1,1,1,1,1,1,1
"5950",0,0,0,0,0,0,0
"1356",0,0,0,0,0,0,0
"2495",1,1,1,1,1,1,1
"9956",0,1,0,0,1,0,0
"5947",0,1,0,0,1,1,0
"9955",0,0,0,0,0,0,0
"2512",1,1,1,1,1,1,1
"94033",NA,NA,NA,NA,NA,NA,NA
"5948",1,1,0,0,1,0,1
"29881",1,0,0,1,1,0,0
"1727",1,1,1,1,1,1,1
"9953",0,1,0,1,1,1,0
"64711",0,1,0,1,0,0,1
"949",1,0,1,1,1,0,0
"2350",0,1,0,1,1,1,0
"55501",0,0,1,0,1,0,1
"51706",0,1,0,1,1,0,0
"3248",0,0,0,0,0,0,0
"51700",0,0,0,0,0,0,0
"166929",1,1,0,0,0,1,1
"10587",1,1,1,1,1,0,0
"166012",0,0,0,0,0,0,0
"113189",0,0,1,0,1,0,0
"56261",1,1,1,1,1,1,1
"50515",1,1,1,1,1,1,1
"80347",1,1,1,1,1,0,0
"3658",0,1,0,0,0,1,0
"93034",0,0,0,0,0,0,0
"84618",0,1,1,1,1,1,0
"411",0,0,0,0,0,0,0
"203",1,1,1,1,1,1,1
"22978",1,1,1,1,1,1,1
"122481",0,0,0,0,0,0,0
"100526794",1,1,1,1,1,1,1
"159",1,1,1,1,1,1,1
"51251",1,1,1,1,1,1,1
"23563",1,0,0,1,1,1,0
"122622",0,0,1,1,1,0,0
"10164",0,0,0,1,1,1,1
"353",1,1,1,1,1,1,1
"11212",1,1,1,1,1,1,1
"3251",1,1,1,1,1,1,1
"383",0,0,0,0,0,0,0
"9435",0,1,0,1,0,1,1
"1371",0,0,1,0,0,1,0
"4166",0,0,0,0,0,0,0
"56954",1,1,1,1,1,1,1
"1503",1,1,0,1,0,0,0
"9469",1,1,0,0,0,0,1
"56474",1,1,1,1,1,0,0
"8534",0,1,0,1,0,1,0
"1491",1,1,0,1,0,1,1
"5313",0,1,0,0,0,0,0
"92086",0,0,0,1,1,0,1
"2987",1,1,1,1,1,1,1
"56548",0,1,1,1,1,0,1
"5860",1,0,1,1,0,1,1
"9394",0,1,0,1,1,1,0
"728441",0,0,0,1,1,0,1
"124975",1,1,0,0,0,0,0
"9453",1,1,1,0,0,0,0
"2686",1,0,0,0,1,1,1
"2023",0,0,0,0,1,1,1
"2027",1,0,0,0,0,0,0
"90161",0,0,0,0,0,0,0
"91227",0,1,0,1,1,0,1
"2026",1,0,1,0,0,0,0
"102724197",0,0,0,1,1,0,1
"266722",0,0,0,0,0,0,0
"9843",0,0,0,0,0,0,0
"2799",1,0,1,1,0,0,0
"80308",1,0,1,0,0,0,0
"10157",0,0,0,0,0,0,0
"118881",0,1,1,1,1,0,0
"5211",0,1,0,1,0,0,1
"7360",1,1,1,1,1,1,1
"2819",0,0,0,0,0,1,1
"3176",0,0,0,0,0,0,0
"26330",0,0,0,0,0,0,0
"1757",0,0,1,0,1,1,1
"81537",0,0,1,0,0,1,1
"2597",1,1,1,1,1,1,1
"29926",1,0,1,1,1,0,0
"2673",1,1,1,1,1,0,0
"9945",1,0,0,0,0,1,1
"6652",0,0,1,1,1,0,0
"29925",0,0,1,1,0,0,1
"51557",0,0,0,0,0,0,0
"875",1,1,1,0,0,0,0
"6342",1,1,1,1,1,1,1
"2752",0,1,0,0,1,1,0
"102724560",1,1,1,0,0,0,0
"1800",1,1,0,0,0,1,0
"249",0,0,0,0,0,0,0
"9056",1,1,0,0,1,1,0
"2762",1,1,1,0,1,0,1
"10558",1,1,0,1,1,1,1
"2643",1,1,1,1,1,1,1
"22934",1,1,1,1,1,1,1
"761",0,0,0,0,0,0,0
"51292",1,1,1,1,1,1,1
"55304",0,0,0,0,0,0,0
"766",0,0,0,1,0,1,1
"9517",1,0,0,0,0,1,1
"2098",1,1,1,1,1,1,1
"8879",1,1,1,0,0,0,1
"2766",0,0,0,0,0,0,0
"771",0,1,0,1,0,1,1
"4284",0,0,0,1,1,1,1
"57571",1,1,1,1,1,1,1
"8869",0,0,1,1,1,0,1
"362",0,0,0,0,0,1,1
"358",0,1,1,0,1,0,0
"8833",1,0,1,0,1,0,0
"641371",0,1,1,1,0,1,0
"361",0,0,0,0,0,0,0
"5538",1,1,1,1,1,1,1
"56848",0,0,1,1,0,0,1
"359",0,1,0,0,0,1,1
"8877",0,0,0,1,1,1,1
"3145",1,0,1,0,0,0,0
"9374",0,1,0,1,1,0,0
"11332",1,0,1,0,1,0,1
"586",1,1,1,1,1,1,1
"55825",0,0,0,0,1,1,1
"130752",0,0,0,0,0,0,0
"51102",1,0,1,0,0,1,1
"3615",1,1,1,1,1,1,1
"3614",1,1,1,0,1,0,0
"37",1,1,1,1,1,1,1
"55512",1,0,1,0,1,1,1
"55627",1,1,1,1,1,1,1
"33",0,0,0,0,0,0,0
"682",1,0,1,0,1,1,1
"132158",1,0,1,0,0,0,1
"339221",0,1,1,0,0,1,1
"6609",0,0,1,1,1,0,1
"641649",0,1,0,0,1,1,1
"4351",0,0,1,1,0,0,1
"23475",1,1,1,1,1,1,1
"6610",0,1,0,1,0,0,1
"100287639",NA,NA,NA,NA,NA,NA,NA
"259230",1,1,1,1,1,1,0
"93100",0,0,0,1,1,0,1
"441024",0,0,0,0,0,0,0
"50484",1,1,1,0,0,1,0
"65220",0,1,0,1,1,0,1
"6241",1,1,1,0,1,0,0
"116369",0,0,0,0,0,0,0
"115111",0,0,0,0,0,0,0
"389015",NA,NA,NA,NA,NA,NA,NA
"6240",1,1,1,1,1,1,1
"6553",0,1,0,1,0,1,0
"3156",1,1,1,1,1,1,1
"284129",1,1,1,1,1,1,1
"2821",1,1,1,1,1,1,1
"115019",0,1,0,1,1,0,0
"5230",1,1,1,1,1,1,1
"79966",1,0,0,0,0,1,1
"5232",0,0,1,1,1,1,1
"375056",1,1,1,0,0,1,0
"10588",1,1,1,1,1,1,1
"5236",1,1,1,1,1,1,1
"26266",1,1,0,0,0,1,0
"84890",0,1,1,0,0,0,1
"55276",0,1,1,1,0,0,0
"6646",1,0,1,0,1,0,0
"5372",1,1,1,1,1,1,1
"6649",0,1,0,1,0,0,0
"55229",1,1,1,1,1,1,1
"5373",0,1,1,1,0,0,0
"79646",1,1,1,0,0,1,0
"80025",0,0,1,1,1,1,0
"53354",1,0,1,0,0,0,0
"6648",1,0,0,0,0,1,1
"6647",1,1,1,1,1,1,1
"6697",0,0,0,0,1,1,1
"6611",1,1,1,1,1,1,1
"83594",0,0,0,0,0,0,0
"7263",0,0,1,0,1,0,0
"26275",0,1,1,0,0,0,0
"6723",1,1,1,1,1,1,1
"6713",0,1,0,1,1,1,1
"2222",1,1,1,1,1,1,1
"210",1,0,1,0,0,1,1
"29920",1,1,1,1,1,1,1
"6715",0,0,1,0,1,0,1
"60490",1,1,1,1,1,0,0
"6716",0,0,0,0,0,0,0
"79717",1,1,1,1,1,1,1
"15",0,0,0,0,0,0,0
"7389",1,0,1,0,1,0,0
"58510",1,1,0,0,0,0,0
"1595",0,1,0,1,1,1,1
"130367",1,1,1,1,1,1,1
"6532",0,0,0,0,0,0,0
"153201",NA,NA,NA,NA,NA,NA,NA
"10478",1,0,1,0,1,1,0
"221823",0,0,0,0,0,0,0
"23443",1,0,0,0,0,1,1
"5634",1,1,1,1,1,1,1
"64240",0,0,0,0,0,0,0
"6487",1,1,1,0,1,0,1
"5631",1,1,1,1,1,1,1
"29968",1,1,1,0,0,0,0
"64241",0,0,0,0,1,0,1
"284111",0,1,0,0,0,0,0
"8781",1,1,0,0,1,1,0
"8435",1,0,0,1,0,1,1
"5723",1,1,0,0,1,1,0
"3988",1,1,1,1,0,0,0
"55312",1,0,0,1,0,0,1
"6888",1,1,1,1,1,1,1
"79896",0,0,1,0,0,0,0
"8277",0,0,0,1,0,1,1
"768",0,1,0,0,1,0,1
"84076",0,0,0,0,0,0,0
"762",1,0,0,1,1,0,1
"765",0,0,0,0,0,0,0
"7086",0,0,0,1,0,0,1
"10402",0,0,0,0,0,0,0
"27010",1,1,1,1,1,1,1
"286016",NA,NA,NA,NA,NA,NA,NA
"10610",0,0,0,0,0,0,0
"23632",0,1,1,0,0,1,1
"7167",1,1,1,1,1,1,1
"760",0,0,0,0,0,0,0
"256435",0,0,0,0,0,0,0
"2582",0,1,1,1,1,0,0
"30815",1,1,1,0,0,0,1
"81849",0,0,0,0,0,0,0
"767",0,0,1,0,0,1,1
"759",0,1,0,0,0,0,0
"91373",1,0,1,1,1,0,0
"377677",0,0,0,0,0,0,0
"31",0,1,0,1,1,1,0
"6675",1,1,1,1,1,1,1
"6556",0,0,0,0,1,1,1
"7390",0,0,1,1,1,0,1
"6563",1,0,1,1,1,1,1
"8170",0,0,0,0,0,0,0
"6568",0,0,0,0,0,0,0
"374569",0,0,0,0,1,1,1
"7779",1,1,0,1,1,1,1
"54020",1,0,0,1,1,0,1
"100507855",0,0,1,1,1,0,0
"285440",1,1,1,0,1,0,1
"55191",1,1,0,1,0,0,0
"132",1,1,1,0,1,0,0
"97",1,1,1,1,1,0,0
"98",1,1,1,1,0,0,1
"112611",0,0,1,0,1,0,0
"51005",1,1,1,1,1,1,1
"471",1,1,1,1,1,1,1
"435",1,0,0,1,1,0,1
"171425",1,1,1,0,1,0,1
"132789",0,1,1,1,1,0,1
"10007",1,1,1,1,1,0,0
"2585",0,0,1,1,1,0,1
"2584",0,0,1,0,1,1,1
"2592",0,0,1,1,0,1,1
"5471",1,0,0,1,1,0,1
"84264",0,1,0,0,1,0,1
"3034",0,1,1,1,0,1,0
"144193",0,1,1,1,0,0,0
"2739",1,1,1,1,1,1,1
"8776",1,1,1,1,1,0,0
"3612",1,1,1,1,1,1,1
"3613",1,0,1,0,1,0,0
"2978",1,0,0,1,1,0,0
"4953",1,1,1,1,1,1,1
"5213",1,0,1,1,1,0,0
"5214",1,1,1,1,1,1,1
"10050",0,0,0,0,0,0,0
"10786",0,0,0,0,0,0,0
"10246",0,0,0,0,0,0,0
"6569",1,1,0,1,0,0,0
"10568",0,0,0,0,0,0,0
"5198",1,1,1,0,1,0,0
"113675",1,1,0,1,0,1,1
"7298",1,1,1,0,1,0,0
"215",0,0,0,1,1,1,1
"5825",1,0,1,0,1,1,0
"641372",0,0,0,0,0,0,0
"9045",1,1,1,1,1,1,1
"4017",1,0,0,1,0,1,1
"84105",0,1,1,0,1,0,0
"25830",1,1,0,0,1,0,0
"84569",0,0,0,0,0,0,0
"4025",1,1,0,1,1,0,0
"54995",1,1,1,1,1,0,0
"93492",NA,NA,NA,NA,NA,NA,NA
"1267",1,0,1,1,1,0,0
"10249",0,0,0,0,0,0,0
"1549",0,0,0,1,0,0,1
"1580",0,0,0,0,0,0,0
"1573",0,0,0,0,0,0,0
"29785",1,0,0,1,0,1,1
"199974",0,0,0,0,0,0,0
"57834",0,0,0,0,0,0,0
"1555",1,1,0,0,0,1,1
"260293",0,0,0,0,0,0,0
"1215",0,0,0,0,0,0,0
"57094",0,0,0,0,0,0,0
"1357",0,0,0,0,0,0,0
"1358",1,0,1,0,0,1,1
"93979",0,0,0,1,1,0,1
"23430",0,1,0,1,1,1,0
"7384",1,1,1,1,1,1,1
"7388",1,1,1,1,1,1,1
"7386",1,1,1,1,1,1,1
"29796",1,1,1,1,1,1,1
"7385",0,0,0,1,1,1,1
"1537",1,1,1,1,1,1,1
"9481",0,0,0,0,0,0,0
"9016",1,1,0,0,1,1,0
"7352",0,0,0,0,0,1,1
"7351",1,1,1,1,1,1,1
"4726",1,1,1,1,1,1,1
"4729",1,1,1,1,1,1,1
"4541",1,1,1,1,1,1,1
"4719",0,0,1,0,0,1,1
"4713",1,1,1,1,1,1,1
"4718",1,1,1,1,1,1,1
"7991",0,0,0,0,0,0,0
"126328",1,1,1,1,1,1,1
"4539",1,1,1,1,1,1,1
"4731",0,1,1,1,0,0,0
"4694",1,1,1,1,1,1,1
"4705",1,1,0,0,0,1,1
"4704",1,1,1,0,0,0,1
"4695",1,1,1,1,1,1,1
"4696",1,1,1,1,1,1,1
"4707",1,1,1,1,1,1,1
"4711",1,1,1,1,1,1,1
"4712",1,1,1,1,1,1,1
"4702",1,1,1,1,1,1,1
"4537",1,1,1,1,1,1,1
"4710",1,1,1,1,1,1,1
"4700",1,1,1,1,1,1,1
"4538",1,1,1,1,1,1,1
"4708",1,1,1,1,1,1,1
"4709",1,1,1,1,1,1,1
"4715",1,1,1,1,1,1,1
"4535",1,1,1,1,1,1,1
"131669",0,0,0,0,0,0,0
"79644",0,0,1,0,0,0,0
"5973",0,1,0,0,0,1,1
"4698",1,0,0,0,0,1,1
"55967",1,1,1,1,1,1,1
"1646",0,1,0,1,0,1,1
"4701",1,1,1,1,1,0,0
"4540",1,1,1,1,1,1,1
"1635",1,1,1,1,1,0,1
"158160",1,1,1,1,1,1,1
"286297",1,0,0,0,0,1,1
"10560",1,1,0,1,1,1,1
"4717",0,0,1,1,0,1,1
"374291",1,1,0,1,1,0,0
"8630",0,0,0,0,0,0,0
"4724",1,1,1,1,1,1,1
"4723",1,1,1,1,1,1,1
"191",1,1,1,1,1,0,0
"10768",1,1,1,1,1,1,1
"51170",1,1,1,1,1,1,1
"51144",0,1,0,0,1,1,1
"83401",0,0,0,0,0,0,0
"25874",1,1,1,1,1,1,1
"4720",1,1,1,1,1,1,1
"79993",0,0,0,0,0,0,0
"4697",1,1,1,1,1,1,1
"4728",1,1,1,1,1,1,1
"51660",1,1,1,1,1,1,1
"64834",1,1,1,1,1,1,1
"57198",1,1,1,1,1,1,1
"4725",1,1,1,1,1,1,1
"201562",1,1,1,1,1,1,1
"5205",0,1,0,0,0,1,0
"51495",1,1,1,1,1,1,1
"23250",1,0,1,0,0,1,0
"4706",1,1,1,1,1,1,1
"9200",1,1,1,0,1,0,0
"192286",1,1,1,1,1,1,1
"286410",0,1,0,0,1,1,0
"401494",1,1,1,0,0,0,0
"5243",0,0,0,0,0,0,0
"55856",1,1,1,1,1,0,1
"9524",1,0,0,1,0,1,1
"54539",1,1,1,1,1,1,1
"7350",0,0,0,0,0,0,0
"253017",0,0,0,0,0,0,0
"4716",1,1,1,1,1,1,1
"283985",NA,NA,NA,NA,NA,NA,NA
"3995",0,0,1,1,1,1,0
"4536",1,1,1,1,1,1,1
"26027",0,1,0,0,1,0,1
"10058",1,1,0,1,1,0,0
"1155",1,1,1,1,1,1,1
"4714",1,1,1,1,1,1,1
"4722",1,1,1,1,1,1,1
"123096",1,1,0,1,0,0,0
"51079",1,1,1,1,1,1,1
"51458",0,1,1,0,0,0,0
"948",0,0,0,0,0,0,0
"114571",1,0,0,0,0,1,1
"1339",1,1,1,1,0,0,0
"57016",0,0,0,0,0,0,0
"10928",0,1,0,0,0,0,1
"79707",0,0,1,0,0,1,1
"1728",1,0,1,0,1,0,0
"1345",1,1,1,1,1,1,1
"79672",1,1,1,1,1,1,1
"1329",1,1,1,1,1,1,1
"2946",1,0,0,1,0,0,1
"9917",0,0,1,0,1,1,1
"55331",1,0,1,1,1,0,0
"341947",0,0,0,0,0,0,0
"125965",0,1,0,1,1,0,0
"55277",0,0,0,0,0,0,0
"125981",1,0,0,1,1,0,0
"340485",NA,NA,NA,NA,NA,NA,NA
"64122",0,0,0,0,0,0,0
"1327",1,1,1,1,1,1,1
"92370",1,0,1,1,0,0,0
"4513",1,1,1,1,1,1,1
"2760",0,0,1,0,0,0,0
"1346",1,1,0,0,0,1,0
"93650",0,0,0,0,1,1,1
"5660",1,1,1,1,1,1,1
"390928",NA,NA,NA,NA,NA,NA,NA
"57704",1,0,1,0,0,0,1
"4759",0,1,0,0,0,0,0
"1347",1,1,1,1,1,1,1
"139596",0,0,1,1,0,0,1
"1337",1,1,1,1,1,1,1
"55066",1,1,1,0,0,0,1
"4514",1,1,1,1,1,1,1
"10825",0,1,1,1,0,0,0
"283208",0,0,0,0,0,0,0
"7903",0,0,1,1,1,1,0
"1351",1,1,1,1,1,1,1
"84701",1,0,0,1,1,1,0
"5033",1,1,1,1,1,1,1
"1350",1,1,1,1,1,1,1
"8974",0,0,0,0,0,0,0
"4512",1,1,1,1,1,1,1
"8513",0,0,0,0,0,0,0
"58478",1,1,1,1,1,1,1
"55256",1,1,1,1,1,1,1
"5408",0,0,0,0,0,0,0
"170712",0,0,0,0,0,0,0
"259307",0,1,1,1,1,0,0
"9377",1,1,1,1,1,1,1
"51312",0,0,0,0,1,1,1
"9167",1,1,1,1,1,1,1
"1340",1,1,1,1,1,1,1
"57104",0,1,0,1,1,1,1
"81894",1,1,1,1,1,1,1
"13",0,0,0,0,0,0,0
"1349",1,1,1,1,1,1,1
"29085",1,1,1,1,1,0,0
"9388",0,0,0,0,0,0,0
"5407",0,0,0,0,0,0,0
"9107",1,1,1,1,1,1,1
"22908",1,1,1,1,1,1,1
"163404",0,0,0,0,0,0,0
"3991",1,1,1,0,0,0,0
"22876",1,0,0,1,1,0,0
"221955",0,0,1,0,0,1,1
"5406",0,0,0,0,0,0,0
"9896",1,1,1,1,1,1,1
"747",1,1,1,1,1,0,1
"51559",1,1,0,0,0,1,1
"119548",0,0,0,0,0,0,0
"646486",NA,NA,NA,NA,NA,NA,NA
"9108",0,0,0,0,0,0,0
"84814",0,0,0,1,1,1,1
"23371",1,1,0,0,0,1,0
"2167",0,1,0,0,0,1,1
"2172",0,0,0,0,0,0,0
"8446",1,1,1,1,1,1,1
"2173",0,0,0,0,0,0,0
"51496",0,0,0,0,0,1,1
"374462",NA,NA,NA,NA,NA,NA,NA
"2169",0,0,0,0,0,0,0
"403313",1,0,1,0,1,0,1
"23203",1,1,1,1,1,1,1
"2171",1,1,1,1,1,1,1
"145553",1,1,1,1,1,0,0
"646480",NA,NA,NA,NA,NA,NA,NA
"2170",0,0,0,0,0,0,0
"64419",1,1,1,1,1,1,1
"54988",0,0,0,0,0,0,0
"55613",0,0,0,0,0,0,0
"341392",NA,NA,NA,NA,NA,NA,NA
"138639",1,0,0,0,1,0,1
"9562",1,0,1,0,0,1,0
"123876",0,0,0,0,0,0,0
"3705",0,1,0,1,1,0,0
"6296",0,0,0,0,0,0,0
"138429",1,0,0,1,1,1,1
"348158",0,0,0,0,0,0,0
"344967",NA,NA,NA,NA,NA,NA,NA
"10170",1,1,0,1,0,1,0
"9249",1,0,1,0,0,1,1
"220074",1,1,0,0,1,0,1
"51099",1,0,0,1,1,1,1
"154141",1,1,1,1,1,1,1
"1733",0,0,0,0,0,0,0
"253558",1,1,1,1,1,1,1
"64748",1,1,0,1,1,1,0
"23175",0,1,0,0,0,1,1
"1735",1,0,0,1,1,1,1
"1734",0,0,0,0,1,1,0
"27284",0,1,0,0,0,1,1
"6819",0,0,0,0,0,0,0
"84513",1,1,1,1,1,1,1
"79948",0,1,1,0,0,0,0
"84274",1,1,1,1,1,1,1
"9890",0,0,0,0,0,0,0
"84787",1,0,0,0,1,1,0
"79813",0,0,0,0,0,1,1
"64900",0,1,1,0,0,0,0
"9663",0,0,0,1,0,1,1
"9757",1,0,1,0,0,0,0
"196051",0,0,0,0,0,0,0
"9869",0,0,1,1,1,0,0
"85465",0,1,0,1,1,1,1
"23646",0,1,0,0,0,1,1
"122618",0,0,0,0,0,0,0
"29072",1,1,1,1,1,1,1
"201164",0,1,1,1,1,0,1
"590",0,0,0,0,0,0,0
"80854",0,1,0,1,1,1,1
"55750",1,1,1,0,0,0,1
"387893",0,0,0,0,1,1,1
"84444",0,1,1,0,0,0,1
"4297",0,0,0,0,0,1,1
"91012",0,1,1,1,0,0,0
"204219",0,0,0,0,0,0,0
"10715",0,1,0,0,1,0,1
"58508",0,0,0,0,1,1,1
"253782",1,0,0,0,0,1,1
"55870",1,1,0,1,1,1,1
"29956",1,1,1,1,1,1,1
"10919",1,0,1,0,1,0,1
"6839",1,1,1,1,0,0,0
"79603",1,1,0,1,0,0,1
"64324",0,0,0,1,0,1,1
"56624",1,0,1,1,0,0,0
"6419",1,0,1,0,0,0,1
"170384",1,1,1,1,0,0,0
"23067",1,1,1,1,1,1,1
"56886",0,0,0,0,0,1,1
"54904",1,1,1,1,1,1,1
"2526",1,1,0,0,0,1,1
"152586",0,0,0,0,0,0,0
"148789",0,1,0,1,0,1,0
"200810",NA,NA,NA,NA,NA,NA,NA
"55624",1,1,0,0,0,0,0
"64754",1,1,1,1,1,1,1
"56983",1,1,1,1,1,1,1
"79723",1,1,1,0,0,0,0
"644378",NA,NA,NA,NA,NA,NA,NA
"55904",1,1,1,1,1,1,1
"644974",NA,NA,NA,NA,NA,NA,NA
"8702",1,1,0,1,1,1,0
"9739",1,0,0,1,1,1,0
"8473",1,1,1,1,1,1,1
"55830",1,1,1,1,1,1,1
"7468",1,1,1,0,1,0,0
"3703",1,1,1,1,1,0,0
"83852",1,0,1,0,0,1,0
"8085",0,0,1,0,0,1,0
"283358",1,1,0,0,1,0,1
"51111",0,0,1,0,0,1,1
"55757",0,0,0,0,0,0,0
"60559",1,1,1,1,1,1,1
"23478",1,1,1,1,1,1,1
"146664",0,0,0,1,1,0,0
"28972",1,1,1,1,1,1,1
"2529",1,1,0,0,1,1,0
"360203",NA,NA,NA,NA,NA,NA,NA
"90701",1,1,1,1,1,1,1
"9789",1,1,1,1,1,1,1
"57171",1,0,1,1,1,0,0
"4249",1,1,1,1,1,1,1
"25834",0,0,0,0,0,0,0
"7837",0,1,1,1,0,1,1
"140687",0,0,0,0,0,0,0
"137902",0,0,0,0,0,0,0
"8708",0,0,0,0,0,0,0
"9677",1,1,1,1,1,0,0
"23262",1,1,1,1,1,1,1
"201595",1,1,1,1,1,1,1
"26007",0,1,1,0,0,0,1
"83468",0,0,0,0,0,0,0
"158584",1,1,1,1,1,1,1
"84752",1,1,0,1,1,0,0
"283209",0,0,0,1,1,1,1
"145173",0,1,1,0,0,0,0
"23491",0,1,0,1,1,1,1
"124872",1,1,0,0,0,0,0
"84750",0,0,1,0,1,1,0
"221223",0,0,0,0,0,0,0
"338707",0,0,0,0,0,0,0
"1066",0,0,0,0,0,0,0
"1208",1,1,0,0,1,0,1
"146802",1,1,0,0,0,0,1
"168391",0,0,0,0,0,0,0
"55244",0,0,0,0,0,0,0
"345274",NA,NA,NA,NA,NA,NA,NA
"116085",1,1,0,1,1,0,0
"8707",0,0,0,0,0,0,0
"123688",0,1,1,0,1,1,0
"51228",1,1,1,1,1,1,1
"51171",1,1,0,1,1,1,0
"284004",1,1,1,1,1,1,1
"79411",1,1,1,0,0,0,0
"51741",0,1,0,1,1,0,1
"27090",0,0,1,0,0,0,1
"129807",0,1,0,0,1,1,1
"441282",NA,NA,NA,NA,NA,NA,NA
"2524",0,1,1,1,0,0,0
"10202",1,0,0,1,0,0,1
"2527",1,0,0,1,1,0,1
"10553",1,1,1,1,0,0,1
"121214",0,0,0,0,0,0,0
"374875",1,1,0,0,1,1,0
"2528",1,0,0,1,0,0,1
"113612",0,0,1,0,0,1,0
"56898",1,0,1,0,1,0,0
"493869",0,0,0,0,0,0,0
"1487",1,1,1,1,1,1,1
"64174",1,0,1,1,0,1,0
"100288072",NA,NA,NA,NA,NA,NA,NA
"64180",1,0,0,1,1,1,1
"93517",0,1,1,0,0,1,1
"10728",1,1,1,1,1,1,1
"84869",1,1,1,0,1,0,0
"340811",NA,NA,NA,NA,NA,NA,NA
"91179",1,0,1,1,0,0,1
"133121",0,0,0,0,0,0,0
"11102",0,0,0,1,1,1,1
"85007",1,1,1,1,1,1,1
"250",0,1,1,1,1,0,0
"8644",1,1,0,1,0,1,1
"10826",0,1,0,0,1,1,1
"251",0,1,1,1,1,0,0
"266740",0,0,0,0,0,0,0
"200931",0,0,0,0,0,0,0
"3930",1,1,1,1,1,1,1
"123264",0,0,0,0,0,0,0
"10941",0,0,0,0,0,0,0
"79799",0,0,0,0,0,0,0
"4645",1,1,0,0,0,1,1
"5446",1,0,0,0,0,0,1
"4864",0,1,0,0,1,1,0
"506",1,1,1,1,1,1,1
"3069",0,0,1,1,1,0,0
"10632",1,1,1,1,1,1,1
"515",1,1,1,1,1,1,1
"10476",1,1,1,1,1,1,1
"513",1,1,1,1,1,1,1
"522",1,1,1,1,1,1,1
"539",1,1,1,1,1,1,1
"9551",1,1,1,1,1,1,1
"516",1,1,1,1,1,1,1
"509",1,1,1,1,1,1,1
"518",1,1,1,1,1,1,1
"27109",1,1,1,0,0,0,0
"514",1,1,1,1,1,1,1
"4905",1,1,1,1,1,1,1
"517",1,1,1,1,1,1,1
"521",1,1,1,1,1,1,1
"498",1,1,1,1,1,1,1
"267020",NA,NA,NA,NA,NA,NA,NA
"27089",1,1,1,1,1,1,1
"10975",1,1,1,1,1,1,1
"7381",1,1,1,1,1,1,1
"4519",NA,NA,NA,NA,NA,NA,NA
