"","Transcriptomics","Final"
"314",0,0
"26",0,0
"8639",0,0
"1591",0,0
"1594",0,0
"10993",0,0
"6818",1,1
"89874",0,0
"3945",2,2
"3948",0,0
"55293",0,0
"160287",0,0
"92483",0,0
"3939",2,2
"9194",0,0
"6566",1,1
"9123",0,0
"57835",0,0
"8671",0,0
"1738",2,1
"4967",1,1
"1743",2,1
"8050",2,1
"128",1,1
"137872",1,1
"130",0,0
"127",0,0
"131",0,0
"126",0,0
"124",0,0
"125",0,0
"1312",1,1
"117247",0,0
"220",0,0
"221",0,0
"218",0,0
"222",0,0
"3242",0,0
"18",1,1
"2531",1,1
"23498",0,0
"55268",2,1
"883",0,0
"51166",0,0
"1644",0,0
"4128",0,0
"4129",0,0
"8604",1,1
"10165",0,0
"2572",0,0
"2571",0,0
"51380",2,1
"2805",1,1
"2806",2,2
"8659",0,0
"6817",2,1
"6799",2,1
"6822",0,0
"6573",1,1
"316",0,0
"6570",0,0
"6571",0,0
"2348",0,0
"2352",0,0
"4125",2,1
"53947",1,1
"51146",0,0
"28",0,0
"206358",0,0
"6538",0,0
"6529",0,0
"6539",0,0
"6540",0,0
"3032",2,2
"10449",1,1
"38",1,1
"3030",2,2
"39",2,2
"30",2,1
"32",0,0
"9197",0,0
"79611",0,0
"84532",1,1
"64841",0,0
"55577",2,2
"5238",1,1
"9487",0,0
"162417",0,0
"43",0,0
"6572",0,0
"47",2,2
"54187",2,1
"26503",1,1
"54",1,1
"140838",1,1
"51205",0,0
"36",1,1
"34",2,2
"35",0,0
"84129",1,1
"28976",1,1
"80724",0,0
"27034",2,1
"3712",0,0
"134526",0,0
"51",1,1
"95",0,0
"50",2,2
"48",0,0
"8309",0,0
"52",2,1
"55",0,0
"788",2,2
"55902",1,1
"65985",2,1
"438",0,0
"1571",0,0
"100",2,2
"3177",0,0
"205",0,0
"204",2,1
"26289",1,1
"50808",1,1
"262",2,2
"113",1,1
"109",0,0
"115",0,0
"112",1,1
"107",0,0
"114",0,0
"55811",0,0
"196883",0,0
"111",0,0
"108",0,0
"2030",1,1
"9154",0,0
"64078",0,0
"9153",1,1
"55315",0,0
"11164",2,2
"952",2,1
"1375",2,2
"1374",0,0
"126129",0,0
"1376",0,0
"9061",2,2
"9060",0,0
"158",2,1
"10331",1,1
"374907",0,0
"10678",2,2
"79369",0,0
"11041",0,0
"93010",0,0
"79814",2,1
"56894",0,0
"10555",1,1
"137964",0,0
"56895",0,0
"55326",1,1
"129642",0,0
"64850",0,0
"64902",0,0
"189",0,0
"3074",2,2
"3073",1,1
"10606",1,1
"8402",2,2
"1468",0,0
"64849",0,0
"1645",0,0
"1109",0,0
"6718",0,0
"6510",1,1
"6509",0,0
"56301",1,1
"6520",2,2
"211",2,2
"23464",0,0
"212",0,0
"59272",0,0
"6542",0,0
"6541",1,1
"84889",0,0
"54407",2,2
"81539",2,2
"340024",1,1
"11254",0,0
"57393",0,0
"55089",0,0
"2875",1,1
"84706",1,1
"92745",1,1
"10991",0,0
"284273",0,0
"10327",2,2
"8854",0,0
"224",1,1
"223",2,2
"216",0,0
"501",0,0
"217",0,0
"219",1,1
"239",0,0
"247",0,0
"246",0,0
"231",2,2
"8574",2,2
"23600",1,1
"115286",2,2
"271",2,1
"272",0,0
"270",0,0
"290",0,0
"278",0,0
"277",0,0
"279",0,0
"280",1,1
"6519",0,0
"276",0,0
"11136",0,0
"10998",0,0
"113451",0,0
"9057",1,1
"384",1,1
"445",0,0
"83884",0,0
"10166",0,0
"410",1,1
"427",2,1
"9963",0,0
"9962",1,1
"80150",1,1
"440",1,1
"790",0,0
"6505",0,0
"6512",0,0
"6511",0,0
"6507",0,0
"6506",0,0
"9296",2,2
"51606",2,1
"533",2,2
"90423",1,1
"528",0,0
"525",0,0
"10312",2,2
"127124",0,0
"245973",1,1
"50617",0,0
"9114",2,2
"23545",1,1
"8992",2,2
"535",0,0
"527",2,1
"526",2,2
"523",0,0
"529",2,2
"9550",2,2
"51382",1,1
"245972",0,0
"957",0,0
"956",0,0
"955",1,1
"953",0,0
"954",1,1
"377841",0,0
"293",2,2
"291",1,1
"292",2,2
"4126",1,1
"8706",0,0
"10317",0,0
"84002",1,1
"3141",1,1
"140679",0,0
"8424",0,0
"53630",0,0
"635",0,0
"23743",0,0
"10599",0,0
"1244",0,0
"8714",0,0
"28234",0,0
"645",1,1
"644",2,1
"9488",1,1
"10380",0,0
"686",0,0
"8884",2,1
"80704",0,0
"51733",0,0
"7108",0,0
"50814",1,1
"3295",1,1
"6307",2,2
"493",1,1
"492",0,0
"491",0,0
"490",2,2
"847",2,2
"6543",0,0
"6547",0,0
"6546",0,0
"166785",0,0
"2538",0,0
"92579",1,1
"1373",0,0
"873",1,1
"10423",2,2
"8760",1,1
"1040",0,0
"56994",0,0
"10390",0,0
"64781",2,2
"10087",2,1
"6565",0,0
"9023",2,2
"1103",0,0
"162466",0,0
"9468",0,0
"5130",0,0
"6579",0,0
"6555",0,0
"6554",0,0
"55349",0,0
"1120",2,1
"1119",1,1
"60482",0,0
"6582",0,0
"6584",0,0
"6820",0,0
"10948",2,1
"19",0,0
"1118",0,0
"27159",0,0
"54682",0,0
"9058",0,0
"6576",2,2
"1159",0,0
"548596",0,0
"1160",0,0
"1158",0,0
"1152",0,0
"5172",0,0
"65010",1,1
"54675",0,0
"10559",2,1
"55907",1,1
"8034",1,1
"8824",1,1
"51805",1,1
"51004",0,0
"10229",1,1
"2650",1,1
"9245",0,0
"51301",0,0
"192134",0,0
"386757",0,0
"6535",0,0
"1384",0,0
"6583",0,0
"1431",2,2
"54677",1,1
"8140",2,1
"23428",0,0
"1036",0,0
"23657",0,0
"57379",0,0
"978",0,0
"7371",1,1
"83549",1,1
"51727",1,1
"129607",0,0
"160851",0,0
"8526",1,1
"1606",2,2
"8527",1,1
"1607",0,0
"1608",0,0
"1609",0,0
"8525",1,1
"9162",0,0
"1610",0,0
"51022",2,1
"2745",2,2
"8528",0,0
"10455",0,0
"1632",1,1
"1633",2,2
"1638",0,0
"6319",0,0
"9415",0,0
"3992",0,0
"8694",0,0
"84649",1,1
"1716",2,2
"6513",1,1
"6517",0,0
"6515",2,2
"1718",1,1
"1581",0,0
"1717",1,1
"8560",2,2
"123099",0,0
"11309",0,0
"6783",0,0
"1723",1,1
"1809",0,0
"1808",2,1
"1807",0,0
"23539",0,0
"2224",2,2
"29958",0,0
"60386",1,1
"84920",1,1
"79087",1,1
"26002",0,0
"1621",1,1
"7299",0,0
"6530",0,0
"6581",0,0
"669",1,1
"5224",0,0
"5223",2,2
"4597",0,0
"51071",2,2
"1806",0,0
"7083",1,1
"7084",1,1
"1854",2,2
"3704",2,2
"10682",2,2
"1892",2,2
"549",1,1
"1962",0,0
"1891",2,2
"11001",0,0
"28231",1,1
"53919",0,0
"10257",0,0
"28232",0,0
"2109",2,1
"2108",2,1
"2110",1,1
"55500",1,1
"55224",1,1
"8790",0,0
"51086",0,0
"2181",0,0
"2180",1,1
"2182",1,1
"81616",0,0
"51703",2,2
"23305",1,1
"116285",0,0
"5167",0,0
"5169",0,0
"6785",0,0
"60481",2,2
"54898",0,0
"79071",0,0
"1579",0,0
"2194",0,0
"10999",0,0
"376497",0,0
"230",1,1
"226",2,1
"229",0,0
"5208",0,0
"5207",1,1
"2203",0,0
"5210",1,1
"5209",2,1
"8789",0,0
"2235",1,1
"10840",0,0
"79901",0,0
"197258",2,1
"125061",1,1
"1719",1,1
"2356",2,2
"155184",0,0
"29988",0,0
"66035",0,0
"6518",0,0
"6514",0,0
"160428",0,0
"25902",0,0
"4522",2,1
"2519",1,1
"2517",1,1
"2184",0,0
"2271",1,1
"2523",1,1
"2525",0,0
"10690",0,0
"2683",1,1
"9334",1,1
"8704",0,0
"8703",1,1
"2820",0,0
"5832",2,2
"9563",1,1
"2539",0,0
"2542",0,0
"2593",1,1
"9514",0,0
"5476",2,2
"2720",2,2
"2588",1,1
"2581",0,0
"2583",0,0
"55454",1,1
"55790",1,1
"79586",0,0
"337876",0,0
"22856",2,1
"63917",2,1
"11226",0,0
"55568",1,1
"2589",2,1
"51809",1,1
"8693",0,0
"2591",0,0
"117248",0,0
"26290",0,0
"114805",0,0
"79695",0,0
"50614",0,0
"79623",0,0
"2590",1,1
"11227",0,0
"81031",0,0
"126792",0,0
"11285",0,0
"8972",0,0
"175",2,1
"26301",0,0
"4329",0,0
"7915",0,0
"2731",0,0
"275",0,0
"2653",0,0
"2651",1,1
"55343",1,1
"8836",0,0
"79017",2,2
"8908",0,0
"2992",2,2
"2997",0,0
"2998",0,0
"2687",0,0
"6472",2,2
"6470",0,0
"2717",2,2
"2632",1,1
"2990",2,2
"8372",1,1
"26035",0,0
"54480",1,1
"2131",0,0
"2132",1,1
"27087",1,1
"26229",2,2
"135152",0,0
"4669",0,0
"64579",0,0
"9348",0,0
"8509",1,1
"3340",0,0
"2137",1,1
"2135",1,1
"2134",0,0
"144195",1,1
"154091",0,0
"11182",0,0
"56606",0,0
"6523",0,0
"178",2,1
"5837",0,0
"5834",2,1
"5836",0,0
"2729",1,1
"2730",1,1
"2746",2,2
"2747",0,0
"10841",1,1
"27165",0,0
"2744",1,1
"79751",0,0
"83733",0,0
"2639",1,1
"57084",0,0
"57030",1,1
"246213",0,0
"51179",0,0
"54363",0,0
"2628",0,0
"9380",2,2
"2712",0,0
"2713",0,0
"2710",0,0
"3029",2,2
"6536",0,0
"5226",1,1
"27232",0,0
"57678",0,0
"80055",0,0
"54965",1,1
"93183",0,0
"2936",2,2
"2876",2,2
"7001",2,2
"5052",2,2
"2879",2,2
"2877",1,1
"257202",1,0
"2878",0,0
"2882",2,1
"10935",1,1
"2937",2,2
"2678",0,0
"2679",0,0
"2983",0,0
"4881",0,0
"3000",0,0
"2974",0,0
"4882",0,0
"2986",0,0
"2982",0,0
"2984",0,0
"2977",0,0
"9615",0,0
"763",0,0
"11238",0,0
"23556",1,1
"55650",0,0
"53905",0,0
"50506",0,0
"343",0,0
"5281",0,0
"84720",0,0
"54872",1,1
"80235",0,0
"128869",2,1
"10026",1,1
"51604",1,1
"94005",2,2
"8733",2,2
"3028",2,2
"3033",1,1
"3037",0,0
"3038",0,0
"3036",0,0
"27235",0,0
"6522",0,0
"83697",0,0
"6521",0,0
"6508",0,0
"2645",0,0
"3098",2,2
"3099",0,0
"80201",0,0
"3101",0,0
"3081",0,0
"11112",1,1
"3067",0,0
"496",0,0
"495",0,0
"8942",0,0
"3157",1,1
"3158",0,0
"54511",0,0
"3155",2,1
"3162",0,0
"26062",0,0
"197257",0,0
"6448",1,1
"3290",0,0
"3291",0,0
"3292",0,0
"3294",0,0
"51478",0,0
"3283",0,0
"3284",0,0
"80270",0,0
"57026",0,0
"3419",1,1
"3421",2,2
"3420",2,2
"3417",0,0
"3418",2,2
"7173",0,0
"3425",0,0
"587",0,0
"8501",1,1
"55586",0,0
"114134",0,0
"6526",1,1
"3422",2,2
"91734",0,0
"160728",0,0
"8801",2,2
"8802",1,1
"8803",1,1
"9990",0,0
"6560",0,0
"57468",0,0
"3795",0,0
"84679",1,1
"23315",0,0
"8564",0,0
"3938",0,0
"53",0,0
"3931",1,1
"387775",0,0
"124637",0,0
"366",0,0
"11283",0,0
"4047",0,0
"1178",0,0
"5321",0,0
"29124",0,0
"51268",0,0
"4023",1,1
"1056",0,0
"3990",1,1
"80339",0,0
"11343",1,1
"50487",0,0
"9227",0,0
"6309",1,1
"4048",2,2
"4258",1,1
"4259",1,1
"4056",0,0
"2954",0,0
"2548",1,1
"56922",1,1
"64087",1,1
"23417",0,0
"4357",2,1
"4190",2,2
"4191",2,2
"4200",0,0
"4199",0,0
"10873",0,0
"3620",0,0
"1545",0,0
"1543",1,1
"1557",0,0
"1544",0,0
"27430",2,2
"4144",1,1
"4143",0,0
"4548",2,1
"4598",1,1
"8867",0,0
"3635",1,1
"3632",0,0
"3636",1,1
"27124",0,0
"3633",0,0
"56623",1,1
"3628",2,1
"3706",0,0
"3707",2,2
"80271",0,0
"51477",0,0
"8821",1,1
"3631",1,1
"2595",0,0
"84693",1,1
"4594",1,1
"80168",0,0
"116255",0,0
"4507",1,1
"10797",2,1
"56913",1,1
"91703",1,1
"443",0,0
"4668",1,1
"9498",0,0
"57282",0,0
"6528",1,1
"482",0,0
"476",2,2
"480",0,0
"483",2,2
"23439",0,0
"477",0,0
"481",1,1
"478",0,0
"6549",0,0
"6550",0,0
"6548",1,1
"84735",0,0
"55748",1,1
"6559",0,0
"57419",0,0
"123041",0,0
"9187",1,1
"25769",0,0
"124583",1,1
"79077",2,2
"9583",1,1
"1841",2,1
"4832",2,2
"4830",2,1
"29922",1,1
"10201",1,1
"4831",0,0
"4833",1,1
"57127",0,0
"6005",0,0
"6557",0,0
"6558",0,0
"349565",0,0
"64802",0,0
"23057",0,0
"10135",2,2
"4837",0,0
"5409",1,1
"4843",1,1
"4846",0,0
"4842",0,0
"4860",2,2
"6580",0,0
"55808",0,0
"30833",1,1
"5251",1,1
"56953",1,1
"4907",0,0
"6476",0,0
"5009",0,0
"5019",2,2
"64064",0,0
"1629",1,1
"594",1,1
"593",1,1
"26873",1,1
"4942",2,2
"7372",2,1
"10861",1,1
"1811",0,0
"1836",0,0
"1583",0,0
"1584",0,0
"1585",0,0
"1586",0,0
"1588",0,0
"1576",1,1
"1593",0,0
"1548",1,1
"1553",0,0
"1562",0,0
"1558",0,0
"1559",0,0
"1565",0,0
"1572",0,0
"51302",0,0
"64816",0,0
"1577",0,0
"1551",0,0
"10858",0,0
"66002",0,0
"8529",0,0
"4051",0,0
"9420",0,0
"1582",0,0
"5831",0,0
"5050",1,1
"5051",1,1
"5049",1,1
"5048",2,2
"7941",0,0
"347734",2,1
"57194",1,1
"5337",0,0
"5338",1,1
"130013",0,0
"5091",0,0
"5244",0,0
"5136",0,0
"5142",0,0
"5137",0,0
"5151",0,0
"50940",0,0
"5139",0,0
"5140",1,1
"27115",0,0
"5144",1,1
"5153",0,0
"5150",0,0
"5138",0,0
"8622",0,0
"5141",1,1
"5143",0,0
"10846",0,0
"5152",1,1
"5148",1,1
"8654",0,0
"5145",0,0
"5147",1,1
"5146",0,0
"5158",0,0
"5149",0,0
"1737",0,0
"5162",2,2
"5160",2,2
"5161",0,0
"55163",1,1
"10396",1,1
"5105",0,0
"5106",1,1
"8310",1,1
"5833",1,1
"10400",1,1
"26227",0,0
"5730",0,0
"27306",0,0
"9536",1,1
"80142",1,1
"5740",0,0
"114971",0,0
"9489",1,1
"5743",0,0
"5742",0,0
"6898",1,1
"5053",0,0
"5264",1,1
"5728",2,2
"8871",0,0
"8395",0,0
"8394",0,0
"23396",0,0
"5297",2,1
"55361",1,1
"5298",2,2
"5295",0,0
"23533",1,1
"5290",0,0
"5293",2,2
"5296",0,0
"8503",0,0
"5291",1,1
"5294",1,1
"10870",2,1
"4952",0,0
"23236",0,0
"5336",0,0
"5335",0,0
"5334",0,0
"5331",0,0
"257068",1,1
"84812",0,0
"5330",1,1
"23007",0,0
"51196",0,0
"5332",0,0
"113026",0,0
"5333",1,1
"89869",0,0
"5288",0,0
"5286",0,0
"5287",1,1
"200576",0,0
"5305",2,2
"79837",2,2
"5289",0,0
"5277",0,0
"51227",2,1
"8818",2,2
"9091",0,0
"5279",1,1
"5283",2,2
"123745",0,0
"8398",1,1
"64600",0,0
"81579",0,0
"100137049",2,2
"5322",0,0
"5320",0,0
"30814",0,0
"26279",1,1
"5319",0,0
"10654",2,2
"117283",0,0
"9807",1,1
"51447",2,2
"8876",0,0
"8875",0,0
"55350",0,0
"27068",2,1
"8613",0,0
"8611",0,0
"8612",0,0
"5498",1,1
"8288",0,0
"9588",2,2
"4353",0,0
"5625",0,0
"6578",0,0
"23761",2,2
"9791",2,2
"81490",1,1
"10005",1,1
"10965",1,1
"122970",0,0
"5805",2,2
"6303",2,2
"112483",2,2
"8566",1,1
"151531",0,0
"7378",1,1
"2944",1,1
"64080",1,1
"5959",0,0
"8608",0,0
"112724",0,0
"157506",1,1
"51109",2,2
"57665",2,1
"195814",0,0
"145226",0,0
"50700",0,0
"8228",1,1
"113278",0,0
"54981",2,1
"6482",1,1
"6484",0,0
"6483",0,0
"10090",0,0
"9653",1,1
"3423",1,1
"222537",0,0
"9957",0,0
"9951",0,0
"9956",0,0
"9955",0,0
"9953",1,1
"55501",0,0
"113189",0,0
"50515",2,1
"166012",0,0
"411",0,0
"23563",0,0
"4166",0,0
"10164",0,0
"9435",1,1
"8534",0,0
"9469",0,0
"56548",1,1
"266722",0,0
"9394",1,1
"90161",0,0
"2799",1,1
"10157",0,0
"118881",1,1
"3176",0,0
"1757",0,0
"81537",0,0
"6652",0,0
"6342",2,2
"9056",1,1
"55304",0,0
"9517",0,0
"10558",2,2
"2098",2,2
"8879",1,1
"8869",1,1
"56848",0,0
"8877",0,0
"130752",0,0
"339221",0,0
"55627",1,1
"55512",1,1
"6609",1,1
"6610",0,0
"259230",1,1
"116369",0,0
"115111",0,0
"115019",0,0
"284129",2,1
"26266",0,0
"6646",1,1
"6649",1,1
"6648",0,0
"6647",2,2
"6697",0,0
"6723",2,2
"6611",2,2
"6713",1,1
"2222",2,2
"6715",0,0
"6716",0,0
"15",0,0
"6532",0,0
"6487",1,1
"10402",0,0
"10610",0,0
"81849",0,0
"256435",0,0
"30815",0,0
"6489",1,1
"29906",0,0
"412",1,1
"6391",0,0
"6390",2,2
"6392",2,2
"6389",2,1
"6821",0,0
"6533",1,1
"5092",1,1
"23530",1,1
"79178",0,0
"6567",0,0
"1890",0,0
"55217",0,0
"7296",2,2
"11181",0,0
"80162",2,2
"7166",0,0
"121278",0,0
"169355",0,0
"6999",0,0
"6561",0,0
"6916",0,0
"7054",0,0
"7306",0,0
"10020",2,1
"29880",2,2
"7355",0,0
"7358",1,1
"23169",0,0
"80146",2,2
"5168",1,1
"84912",0,0
"3906",0,0
"7357",2,2
"11046",0,0
"54576",0,0
"54575",0,0
"54657",0,0
"54659",0,0
"54658",0,0
"54577",0,0
"54600",0,0
"54579",0,0
"54578",0,0
"7364",0,0
"54490",0,0
"7367",0,0
"7365",0,0
"10720",0,0
"7363",0,0
"54963",1,1
"7498",0,0
"9942",0,0
"64132",0,0
"64131",1,1
"51181",2,2
"64077",0,0
"5464",2,2
"10724",2,2
"94033",0,0
"2495",2,2
"1356",0,0
"2512",2,2
"1727",2,2
"51706",1,1
"51700",0,0
"10587",1,1
"80347",2,1
"84618",1,1
"22978",2,1
"51251",2,2
"93034",0,0
"100526794",0,0
"353",2,2
"3251",2,2
"56954",2,1
"5313",0,0
"728441",0,0
"124975",0,0
"91227",0,0
"102724197",0,0
"92086",0,0
"2686",0,0
"5211",1,1
"1491",1,1
"2819",0,0
"29925",0,0
"29926",1,1
"102724560",0,0
"875",0,0
"249",0,0
"22934",2,2
"2766",0,0
"51292",2,2
"57571",1,1
"8833",1,1
"5538",2,2
"641371",1,1
"11332",1,1
"55825",0,0
"51102",1,1
"37",2,2
"33",0,0
"132158",0,0
"641649",1,1
"23475",2,1
"50484",1,1
"6240",2,2
"6241",0,0
"3156",2,1
"79966",0,0
"10588",2,1
"84890",0,0
"80025",1,1
"53354",0,0
"79646",1,1
"83594",0,0
"7263",1,1
"26275",0,0
"29920",2,1
"7389",1,1
"1595",1,1
"130367",2,2
"10478",1,1
"23443",0,0
"64240",0,0
"64241",0,0
"284111",0,0
"8435",0,0
"3988",1,1
"377677",0,0
"767",0,0
"765",0,0
"759",0,0
"760",0,0
"23632",0,0
"766",0,0
"771",0,0
"768",0,0
"762",0,0
"10057",0,0
"6556",0,0
"6568",0,0
"7779",1,1
"54020",1,1
"215",0,0
"5825",1,1
"641372",0,0
"9045",2,2
"4017",1,1
"84105",0,0
"25830",0,0
"84569",0,0
"4025",0,0
"54995",1,1
"93492",0,0
"1267",1,1
"10249",0,0
"1573",0,0
"1580",0,0
"199974",0,0
"260293",0,0
"1555",0,0
"1549",0,0
"57834",0,0
"29785",0,0
"1215",0,0
"1357",0,0
"93979",0,0
"57094",0,0
"1358",0,0
"7177",1,1
"64499",0,0
"23430",0,0
"1636",0,0
"9365",0,0
"9331",0,0
"7368",0,0
"5315",2,2
"1666",2,2
"874",0,0
"10901",1,1
"126410",0,0
"2053",1,1
"8897",1,1
"8898",1,1
"9152",0,0
"9497",0,0
"115584",0,0
"6575",1,1
"6574",2,2
"142680",1,1
"6534",0,0
"3293",0,0
"1622",2,2
"225",0,0
"28965",0,0
"23205",0,0
"26061",2,2
"54716",0,0
"6564",0,0
"113235",0,0
"1200",2,2
"2168",0,0
"51056",2,2
"9390",0,0
"5184",2,2
"4891",0,0
"30061",1,1
"248",0,0
"4524",1,1
"25796",2,2
"28982",1,1
"6120",0,0
"10864",0,0
"9376",0,0
"9356",0,0
"348932",0,0
"120103",0,0
"1080",0,0
"85320",0,0
"222962",1,1
"10351",0,0
"9429",0,0
"55867",0,0
"364",0,0
"89872",0,0
"360",2,2
"21",0,0
"24",0,0
"125206",0,0
"200010",0,0
"6524",0,0
"159963",0,0
"55065",0,0
"79581",0,0
"3767",0,0
"6833",0,0
"10060",0,0
"3764",0,0
"5947",0,0
"64220",0,0
"5950",0,0
"5948",1,1
"949",0,0
"29881",0,0
"2350",0,0
"3248",0,0
"166929",0,0
"56261",2,2
"3658",0,0
"203",1,1
"122481",0,0
"159",2,2
"122622",0,0
"11212",2,2
"383",0,0
"1371",0,0
"1503",0,0
"56474",1,1
"2987",2,2
"5860",2,1
"9453",1,1
"2027",0,0
"2026",1,1
"2023",1,1
"9843",0,0
"80308",1,1
"7360",2,2
"26330",0,0
"2597",2,2
"9945",0,0
"2673",1,1
"2752",0,0
"51557",0,0
"1800",0,0
"2762",1,1
"2643",2,1
"761",0,0
"359",0,0
"4284",0,0
"361",0,0
"358",0,0
"362",0,0
"3145",0,0
"586",2,1
"3614",1,1
"3615",2,2
"682",2,1
"4351",0,0
"441024",0,0
"100287639",0,0
"65220",1,1
"389015",0,0
"6553",0,0
"2821",2,2
"5230",2,2
"5232",0,0
"375056",1,1
"5236",2,1
"55276",1,1
"5373",1,1
"5372",2,1
"210",1,1
"60490",1,1
"79717",2,2
"58510",0,0
"153201",0,0
"5634",2,2
"5631",2,2
"221823",0,0
"29968",1,1
"5723",1,1
"55312",1,1
"6888",2,2
"79896",0,0
"84076",0,0
"7086",1,1
"8277",0,0
"27010",2,1
"7167",2,2
"286016",0,0
"2582",1,1
"6675",2,1
"91373",1,1
"7390",1,1
"8170",0,0
"6563",1,1
"374569",0,0
"100507855",0,0
"55191",0,0
"132",2,1
"97",1,1
"98",1,1
"112611",0,0
"51005",1,1
"471",2,2
"435",1,1
"171425",1,1
"10007",2,1
"132789",1,1
"2584",1,1
"2585",1,1
"2592",1,1
"5471",1,1
"84264",0,0
"3034",0,0
"144193",0,0
"2739",2,2
"3613",0,0
"3612",2,2
"8776",1,1
"2978",0,0
"4953",2,2
"5214",2,2
"5213",1,1
"6569",1,1
"10050",0,0
"10568",0,0
"10786",0,0
"10246",0,0
"5198",0,0
"113675",1,1
"7298",0,0
"131669",0,0
"5973",0,0
"1635",2,2
"286297",0,0
"10560",1,1
"191",1,1
"10768",2,1
"25874",2,2
"51660",2,2
"57198",1,1
"5205",0,0
"23250",0,0
"286410",0,0
"5243",0,0
"55856",1,1
"7350",0,0
"26027",0,0
"10058",1,1
"51458",1,1
"948",0,0
"10928",0,0
"1728",0,0
"2946",0,0
"125981",1,1
"55331",1,1
"340485",0,0
"2760",0,0
"5660",2,2
"57704",0,0
"4759",0,0
"10825",0,0
"7903",1,1
"5407",0,0
"119548",0,0
"5408",0,0
"221955",0,0
"9388",0,0
"13",0,0
"57104",1,1
"3991",0,0
"747",1,1
"8513",0,0
"5406",0,0
"2170",0,0
"2171",1,1
"2167",0,0
"2172",0,0
"646480",0,0
"2173",0,0
"646486",0,0
"2169",0,0
"6296",0,0
"341392",0,0
"54988",0,0
"123876",0,0
"348158",0,0
"344967",0,0
"154141",2,2
"51099",1,1
"253558",2,1
"84513",2,2
"64748",1,1
"9890",0,0
"9663",1,1
"196051",0,0
"79948",0,0
"23175",0,0
"64900",0,0
"85465",1,1
"122618",0,0
"201164",1,1
"23646",1,1
"590",0,0
"91012",1,1
"204219",0,0
"10715",0,0
"253782",0,0
"29956",2,1
"79603",1,1
"56624",0,0
"55757",0,0
"145173",0,0
"644974",0,0
"56886",0,0
"152586",0,0
"55830",2,2
"170384",1,1
"283358",0,0
"148789",0,0
"2526",1,1
"84750",0,0
"644378",0,0
"55624",0,0
"83468",0,0
"168391",0,0
"338707",0,0
"146664",0,0
"360203",0,0
"56983",2,2
"3703",2,1
"124872",0,0
"8473",2,2
"8708",0,0
"2529",0,0
"8702",1,1
"8707",0,0
"200810",0,0
"84752",0,0
"201595",2,2
"140687",0,0
"51228",2,2
"284004",1,1
"79411",0,0
"27090",0,0
"129807",0,0
"2524",0,0
"2528",0,0
"2527",0,0
"113612",0,0
"493869",0,0
"64180",1,1
"64174",1,1
"10728",2,2
"11102",1,1
"91179",0,0
"10826",0,0
"266740",0,0
"3930",2,2
"4645",0,0
"3069",1,1
"4864",0,0
"285440",1,1
"79644",0,0
"1646",1,1
"51170",2,2
"51144",1,1
"8630",0,0
"158160",2,1
"83401",0,0
"64834",2,2
"79993",0,0
"401494",0,0
"192286",2,2
"201562",2,1
"9200",1,1
"51495",2,2
"253017",0,0
"9524",1,1
"283985",0,0
"3995",0,0
"1155",2,2
"114571",0,0
"123096",0,0
"57016",0,0
"55277",0,0
"79707",0,0
"64122",0,0
"9917",1,1
"79672",2,2
"92370",0,0
"390928",0,0
"93650",0,0
"139596",0,0
"55066",1,1
"283208",0,0
"5033",2,2
"8974",0,0
"58478",2,2
"55256",2,2
"259307",1,1
"81894",2,1
"51312",1,1
"138639",0,0
"23203",2,2
"9896",2,1
"374462",0,0
"163404",0,0
"22908",2,1
"22876",1,1
"84814",0,0
"51559",1,1
"29085",2,1
"64419",2,2
"145553",1,1
"51496",0,0
"8446",2,2
"9107",2,2
"23371",0,0
"9108",0,0
"55613",0,0
"403313",1,1
"9562",0,0
"3705",0,0
"138429",0,0
"10170",0,0
"9249",1,1
"220074",1,1
"1733",0,0
"1735",0,0
"1734",0,0
"6819",0,0
"27284",0,0
"84274",2,1
"4297",0,0
"55904",2,2
"55870",1,1
"79723",0,0
"79813",0,0
"387893",0,0
"8085",0,0
"58508",0,0
"9869",0,0
"9757",0,0
"80854",1,1
"9739",1,1
"64754",2,1
"84444",1,1
"10919",1,1
"64324",1,1
"23067",2,1
"6839",1,1
"83852",0,0
"54904",2,2
"84787",0,0
"29072",2,2
"7468",1,1
"51111",0,0
"6419",1,1
"90701",2,2
"9789",2,2
"23478",2,2
"28972",2,2
"60559",2,2
"57171",1,1
"4249",2,1
"25834",0,0
"137902",0,0
"7837",1,1
"9677",1,1
"23262",1,1
"26007",0,0
"158584",2,2
"283209",1,1
"23491",0,0
"221223",0,0
"1208",0,0
"55244",0,0
"146802",0,0
"345274",0,0
"116085",0,0
"123688",1,1
"56898",0,0
"51171",1,1
"84869",1,1
"51741",1,1
"10202",0,0
"1487",2,2
"93517",0,0
"121214",0,0
"10553",2,1
"100288072",0,0
"374875",0,0
"441282",0,0
"340811",0,0
"133121",0,0
"85007",2,2
"250",0,0
"251",0,0
"123264",0,0
"200931",0,0
"10941",0,0
"79799",0,0
"10476",2,2
"518",2,2
"498",2,2
"516",2,2
"522",2,2
"515",2,2
"9551",2,2
"27109",0,0
"267020",1,0
"509",2,2
"513",2,2
"514",2,2
"517",2,2
"521",2,2
"10632",2,2
"506",2,2
"539",2,2
"29796",2,2
"4519",2,1
"1537",2,2
"7381",2,2
"10975",2,2
"27089",2,2
"7384",2,2
"7386",2,2
"7388",2,2
"7385",2,1
"9481",0,0
"9016",1,1
"7351",2,2
"7352",0,0
"4535",2,2
"4540",2,2
"4541",2,2
"4729",1,1
"126328",2,1
"4717",2,1
"4719",0,0
"7991",0,0
"4539",2,2
"4707",2,2
"4705",2,1
"4536",2,2
"4713",2,2
"4538",2,2
"4731",1,1
"4695",2,2
"4708",2,2
"4711",2,2
"4723",2,2
"4706",2,2
"4701",1,1
"4724",2,2
"4718",2,1
"4698",1,1
"4537",2,2
"55967",2,2
"4728",2,2
"4715",2,2
"51079",2,1
"54539",2,2
"4714",2,2
"4720",2,2
"4712",2,2
"4722",2,2
"4704",1,1
"4694",2,2
"4702",2,2
"4709",2,2
"4725",2,2
"4710",2,2
"4697",2,2
"4726",2,2
"4716",2,2
"374291",1,1
"1345",2,2
"1340",2,2
"1329",2,2
"4514",2,2
"4513",2,2
"1327",2,2
"1351",2,2
"1349",2,2
"1346",0,0
"1347",2,2
"9377",2,2
"1337",2,2
"4512",2,2
"1350",2,2
"9167",2,2
"125965",0,0
"1339",0,0
"170712",0,0
"84701",0,0
"4363",0,0
"146712",0,0
"10554",1,1
"240",0,0
"534",0,0
"8705",0,0
"570",0,0
"622",1,1
"57818",0,0
"8647",0,0
"124935",1,1
"6531",0,0
"11000",0,0
"4758",2,1
"2618",1,1
"2629",1,1
"7264",2,2
"284098",0,0
"3163",2,1
"7923",2,2
"10723",2,1
"201288",0,0
"645740",0,0
"1589",0,0
"9651",0,0
"8396",0,0
"8399",0,0
"64711",0,0
"7366",0,0
"9374",0,0
"93100",0,0
"55229",2,1
"26063",0,0
"2880",0,0
"65263",0,0
"8781",1,1
"31",1,1
"55750",1,1
"8644",1,1
"1066",0,0
"5446",0,0
"4905",2,1
"4700",2,2
"4696",2,2
"341947",0,0
