"","GSM2722357","GSM2722361","GSM2722365","GSM2722369","GSM2722373","GSM2722377","GSM2859422","GSM2859450","GSM2859479","GSM2859514","GSM3355220","GSM3355221","GSM3355222","GSM3355223","GSM3355224"
"314",1,1,0,0,1,0,0,1,0,1,0,0,1,0,0
"26",0,0,0,0,0,0,0,0,0,0,0,0,0,0,0
"8639",0,1,0,0,1,1,1,0,0,0,1,1,1,0,1
"1591",0,1,0,0,0,0,1,0,0,0,0,0,0,0,0
"1594",1,1,0,0,1,1,1,0,0,1,1,1,1,0,0
"10993",0,0,0,0,0,0,0,0,0,1,0,0,0,0,0
"6818",0,0,1,0,0,0,0,1,0,0,0,0,1,1,0
"89874",0,0,0,0,0,0,0,0,0,1,0,0,0,0,0
"3945",1,0,1,1,1,0,1,1,1,1,1,1,1,1,1
"3948",0,0,0,1,0,0,0,1,0,0,0,1,1,0,0
"55293",0,0,1,1,1,0,0,1,0,0,0,0,0,1,1
"160287",0,0,0,0,1,0,0,1,1,0,1,0,0,0,0
"92483",0,0,0,0,0,0,0,0,0,0,0,0,0,0,0
"3939",1,1,1,1,1,1,1,1,1,1,1,1,1,1,1
"9194",1,0,1,0,1,0,0,0,1,0,0,0,0,1,1
"6566",1,1,1,0,1,1,1,1,1,1,1,1,1,1,1
"9123",0,1,1,1,0,0,0,1,1,0,1,0,1,0,1
"57835",0,1,0,1,0,1,0,0,1,0,0,1,0,1,1
"8671",0,1,0,1,0,0,0,0,1,1,0,0,1,1,1
"1738",1,1,1,1,1,1,1,1,1,1,1,1,1,1,1
"4967",1,1,1,1,1,1,1,1,1,1,1,1,1,1,1
"1743",1,1,1,1,1,1,1,1,1,1,1,1,1,1,1
"8050",1,0,1,0,1,1,0,1,0,1,0,0,0,1,1
"128",1,1,1,1,1,1,1,1,1,1,1,1,1,1,1
"137872",0,0,0,1,1,1,0,1,0,1,0,0,1,1,0
"130",0,0,0,0,0,0,0,0,1,1,0,0,0,0,0
"127",0,0,0,0,0,0,1,0,0,0,0,0,0,0,0
"131",0,0,0,0,0,0,0,0,0,0,0,0,0,0,0
"126",1,0,0,0,0,0,0,0,0,0,0,0,0,0,0
"124",0,0,0,0,0,0,0,0,0,0,0,0,0,0,0
"125",0,0,0,0,0,0,0,0,0,0,0,0,0,0,0
"1312",1,1,1,0,0,1,1,0,0,1,1,1,1,0,0
"117247",0,0,1,1,1,1,1,0,1,1,0,1,0,1,0
"220",0,0,0,0,0,0,0,0,0,0,0,0,0,0,0
"221",0,0,0,0,0,1,0,0,0,0,0,0,0,0,0
"218",0,1,0,0,0,0,0,0,0,0,0,0,0,0,0
"222",0,0,0,0,0,0,0,0,0,0,0,0,0,0,1
"3242",0,0,0,0,0,0,0,0,1,1,0,0,0,0,0
"18",1,1,0,0,0,1,0,0,1,1,0,1,1,0,1
"2531",1,1,1,1,1,1,1,1,1,1,1,1,1,1,1
"23498",0,0,0,0,1,1,0,0,0,1,1,1,0,0,1
"55268",0,0,1,1,0,0,1,1,0,0,1,1,1,0,0
"883",1,0,1,1,0,1,1,0,0,1,1,1,1,0,0
"51166",0,0,0,0,0,0,0,0,0,0,1,0,1,0,1
"1644",1,0,1,0,0,0,0,0,0,0,0,0,1,0,0
"4128",1,0,1,1,1,0,0,0,0,0,0,0,1,0,1
"4129",1,0,0,1,1,1,0,0,0,0,0,0,1,0,1
"8604",1,0,1,0,1,0,0,0,1,1,0,1,0,0,1
"10165",1,1,0,0,1,1,1,0,1,0,0,0,0,0,1
"2572",0,0,0,0,0,0,0,0,0,0,0,0,0,0,0
"2571",1,1,0,0,1,1,0,0,0,0,0,0,1,1,1
"51380",0,0,0,1,0,0,1,1,1,0,0,1,0,0,1
"2805",1,1,1,1,1,1,1,1,1,1,1,1,1,1,1
"2806",1,1,1,1,1,1,1,1,1,1,1,1,1,1,1
"8659",0,1,0,1,0,1,0,1,1,0,1,1,0,1,1
"6817",0,1,1,1,0,0,1,0,0,1,1,1,0,1,0
"6799",1,1,0,1,1,0,1,0,0,1,1,1,0,0,1
"6822",0,0,0,0,0,0,0,0,0,0,0,0,0,0,0
"6573",1,1,0,0,1,1,1,0,1,0,1,1,0,0,1
"316",1,1,1,1,0,0,0,0,1,0,0,1,0,1,0
"6570",0,0,0,0,0,0,0,0,0,0,0,0,0,0,0
"6571",0,0,0,0,1,1,0,1,1,0,0,0,0,1,1
"2348",0,0,0,0,0,0,0,0,0,0,0,0,0,0,0
"2352",0,0,0,0,0,0,1,0,0,0,0,1,1,0,0
"4125",1,1,1,1,1,1,1,1,1,1,1,1,1,1,1
"53947",0,0,0,0,0,0,0,0,0,0,0,0,0,0,0
"51146",0,0,0,0,0,0,0,0,0,0,0,0,0,0,0
"28",0,0,0,1,0,0,0,1,0,0,0,1,0,0,0
"206358",1,0,0,0,1,1,0,1,0,1,0,1,0,0,1
"6538",0,0,0,0,0,0,0,0,0,0,0,0,0,0,0
"6529",0,0,0,0,0,0,0,0,0,0,0,0,0,0,0
"6539",0,0,0,0,0,0,0,0,0,0,0,0,0,1,0
"6540",1,0,0,1,0,0,0,0,0,1,0,0,0,1,0
"3032",1,1,1,1,1,1,1,1,1,1,1,1,1,1,1
"10449",1,1,1,1,1,1,1,1,1,1,1,1,1,1,1
"38",1,1,1,1,1,1,1,1,1,1,1,1,1,1,1
"3030",1,1,1,1,1,1,1,1,1,1,1,1,1,1,1
"39",1,1,1,1,1,1,1,1,1,1,1,1,1,1,1
"30",1,1,1,1,1,1,1,1,1,1,1,1,1,1,1
"32",0,1,0,1,0,0,0,1,0,0,1,1,0,0,1
"9197",0,0,1,1,1,0,0,1,1,1,0,0,0,1,1
"79611",0,0,0,0,0,0,0,0,0,0,0,0,0,0,0
"84532",1,1,1,1,0,0,1,0,1,1,0,1,0,1,0
"64841",1,0,1,0,1,0,0,0,1,1,0,0,0,1,1
"55577",0,1,0,0,0,1,1,0,1,0,1,1,0,0,0
"5238",0,0,1,0,1,1,0,1,1,0,0,0,0,1,1
"9487",1,1,0,1,0,1,0,1,1,1,0,1,1,1,0
"162417",1,0,0,1,0,0,1,0,1,1,1,1,0,1,0
"43",1,1,0,0,0,0,0,0,0,0,0,0,1,0,0
"6572",0,0,0,0,0,0,0,0,0,0,0,0,0,0,0
"47",1,1,1,1,1,1,1,1,1,1,1,1,1,1,1
"54187",0,1,1,0,1,1,1,0,1,1,1,1,1,0,0
"26503",1,1,0,0,1,1,0,1,1,1,0,0,1,0,1
"54",0,0,1,1,0,0,0,0,1,1,1,0,1,0,0
"140838",1,0,1,0,1,0,1,1,0,1,0,0,0,1,1
"51205",0,0,0,1,0,1,0,1,1,1,1,1,0,0,0
"36",0,0,1,1,0,1,1,0,0,1,0,1,1,0,1
"34",1,1,1,1,1,1,1,1,1,1,1,1,1,1,1
"35",0,0,0,1,0,1,1,0,1,0,1,1,0,0,1
"84129",0,0,0,1,0,1,0,0,1,0,0,1,0,1,1
"28976",1,1,1,0,1,1,1,1,1,1,1,1,1,1,1
"80724",0,1,0,1,0,1,0,1,1,1,1,1,0,0,1
"27034",0,1,0,0,0,1,1,0,1,0,1,1,0,0,0
"3712",1,1,0,0,1,0,0,1,1,1,0,1,0,0,1
"134526",0,0,0,0,0,0,0,1,0,0,1,0,0,0,0
"51",1,1,0,0,1,0,0,1,1,1,0,1,0,0,1
"95",0,0,1,0,1,1,0,1,0,1,1,0,0,1,1
"50",1,1,1,1,1,1,1,1,1,1,1,1,1,1,1
"48",1,0,1,1,0,1,1,1,0,0,0,1,1,0,0
"8309",0,0,0,0,0,0,0,0,0,0,0,0,0,0,0
"52",1,1,1,1,1,1,1,1,1,1,1,1,1,1,1
"55",1,0,1,0,0,0,0,0,0,1,0,1,1,0,1
"788",1,1,1,1,1,1,1,1,1,1,1,1,1,1,1
"55902",0,1,1,1,1,0,1,0,1,1,1,1,1,1,0
"65985",0,0,1,1,0,0,0,0,1,1,1,1,0,0,1
"438",0,1,0,1,1,0,1,0,0,0,1,0,1,0,0
"1571",0,1,1,1,0,0,1,0,0,1,1,0,1,0,0
"100",1,1,1,1,0,1,1,0,1,1,1,1,1,1,1
"3177",0,0,1,1,1,0,0,1,1,0,1,1,0,0,0
"205",1,0,0,1,0,0,0,0,0,1,0,0,0,1,1
"204",1,1,1,1,1,1,1,1,1,1,1,1,1,1,1
"26289",0,1,1,1,0,0,1,0,1,0,1,1,1,0,0
"50808",1,0,1,1,1,1,1,0,1,1,0,1,1,1,1
"262",1,1,1,1,1,1,1,1,1,1,1,1,1,1,1
"113",1,1,1,1,1,1,1,1,1,1,1,1,1,1,1
"109",1,1,1,0,1,1,0,0,1,0,1,1,0,0,1
"115",0,1,0,0,0,1,1,0,1,1,1,1,0,0,0
"112",1,1,0,0,0,1,0,0,0,0,0,0,0,0,1
"107",0,0,1,1,0,0,0,0,0,0,0,1,0,0,1
"114",0,0,0,0,0,0,0,0,0,0,0,0,0,0,0
"55811",0,0,0,0,0,0,0,0,0,0,1,0,0,0,0
"196883",0,1,1,1,0,1,0,1,0,1,0,1,1,0,0
"111",0,0,0,0,0,0,1,0,0,0,0,0,0,0,0
"108",0,0,0,0,0,0,0,0,0,0,0,0,0,0,0
"2030",1,1,1,0,1,1,0,1,1,1,1,1,0,0,0
"9154",0,0,0,0,0,0,0,0,0,0,0,0,0,0,0
"64078",0,0,1,1,0,0,0,0,0,0,0,1,0,1,1
"9153",0,0,0,0,0,0,0,0,0,0,0,0,0,0,0
"55315",0,1,1,1,0,1,1,0,1,0,1,1,1,0,0
"11164",1,1,1,1,1,1,1,1,1,1,1,1,1,1,1
"952",1,0,1,1,0,0,1,0,1,1,0,0,1,1,1
"1375",0,1,0,1,0,0,0,1,0,1,0,1,0,0,1
"1374",1,1,0,0,0,1,1,1,0,1,0,1,1,0,1
"126129",0,0,1,1,0,0,0,1,0,1,1,0,1,0,1
"1376",0,1,0,0,0,1,1,0,0,1,1,1,1,0,0
"9061",1,1,1,1,1,1,1,1,1,1,1,1,1,1,1
"9060",0,0,1,1,0,1,0,1,0,1,0,1,0,1,1
"158",1,0,1,0,1,0,0,0,1,1,0,0,0,1,1
"10331",1,0,1,1,0,0,1,0,0,0,1,1,1,0,0
"374907",0,0,1,0,1,0,0,0,0,1,1,1,0,1,0
"10678",1,1,1,1,1,1,1,1,1,1,1,1,1,1,1
"79369",0,1,0,1,1,0,1,1,0,1,1,0,0,0,1
"11041",1,0,0,0,1,1,1,1,0,1,1,1,1,0,0
"93010",0,1,0,0,0,0,0,0,0,0,0,0,0,0,0
"79814",1,0,1,0,1,0,0,0,1,1,1,0,1,0,0
"56894",1,1,0,0,1,1,0,1,1,1,1,1,0,0,1
"10555",0,1,1,0,1,1,1,0,1,0,1,1,0,0,0
"137964",1,1,1,1,1,1,0,1,1,1,1,1,1,1,1
"56895",0,0,1,1,0,0,0,0,1,1,1,1,0,0,0
"55326",1,0,1,0,1,1,0,1,1,1,0,0,0,1,1
"129642",1,0,1,1,1,0,0,1,1,0,0,0,0,1,1
"64850",1,0,0,1,1,0,1,0,0,0,0,1,0,1,1
"64902",0,0,0,0,0,0,0,0,0,0,0,0,0,0,0
"189",0,0,0,0,0,0,0,0,0,0,0,0,0,0,0
"3074",1,1,1,1,1,1,1,1,1,1,1,1,1,1,1
"3073",1,1,0,1,0,1,0,1,0,1,1,1,0,0,0
"10606",1,1,1,1,1,1,1,1,1,1,1,1,1,1,1
"8402",1,1,1,1,1,1,1,1,1,1,1,1,1,1,1
"1468",1,1,1,0,1,1,1,0,0,0,1,1,0,0,0
"64849",1,0,0,0,1,0,0,1,1,0,0,0,0,0,0
"1645",0,0,1,1,0,1,1,0,1,0,0,1,1,0,0
"1109",0,1,0,0,0,0,1,1,0,0,0,1,0,0,0
"6718",0,0,0,0,0,0,0,0,0,1,1,0,0,0,0
"6510",1,1,1,1,1,1,1,1,1,1,1,1,1,1,1
"6509",0,1,0,0,1,1,0,0,1,0,0,1,1,0,0
"56301",0,0,0,0,0,0,0,0,0,0,0,0,0,0,0
"6520",1,1,1,1,1,1,1,1,1,1,1,1,1,1,1
"211",1,1,1,1,1,1,1,1,1,1,1,1,1,1,1
"23464",0,1,0,1,0,1,1,1,1,0,1,1,0,0,0
"212",0,0,0,1,1,1,0,0,0,1,1,0,0,0,1
"59272",0,0,0,0,0,0,0,0,0,0,0,0,0,0,0
"6542",0,0,0,0,0,0,0,0,0,0,0,0,0,0,0
"6541",1,1,1,1,1,1,1,1,1,1,1,1,1,1,1
"84889",1,0,0,1,0,0,0,0,1,0,0,1,1,1,0
"54407",1,1,1,1,1,1,1,1,1,1,1,1,1,1,1
"81539",1,1,1,1,1,1,1,1,1,1,1,1,1,1,1
"340024",0,0,0,0,0,0,0,0,0,0,0,0,0,0,0
"11254",0,0,0,0,0,0,0,0,0,0,0,0,0,0,0
"57393",0,1,1,0,1,0,0,1,0,1,1,0,1,1,0
"55089",1,0,1,0,0,0,0,0,1,0,0,1,1,0,1
"2875",0,0,1,0,0,1,0,0,0,0,1,1,0,0,0
"84706",1,1,0,0,0,1,0,0,0,1,1,1,0,0,0
"92745",1,1,1,0,1,1,1,1,1,1,1,1,1,1,1
"10991",0,0,0,0,0,0,0,0,0,0,0,0,0,0,0
"284273",1,0,0,1,0,1,0,0,1,1,1,0,0,1,1
"10327",1,1,1,1,1,1,1,1,1,1,1,1,1,1,1
"8854",0,0,0,0,0,0,0,0,0,0,0,0,0,0,0
"224",1,1,0,1,0,0,0,1,1,0,0,0,0,1,1
"223",1,1,1,1,1,1,1,1,1,1,1,1,1,1,1
"216",0,0,0,0,0,0,0,0,0,0,0,0,0,0,0
"501",0,1,0,1,0,0,1,0,1,0,1,0,0,1,0
"217",0,1,1,0,0,1,0,1,0,1,0,1,1,0,0
"219",1,1,1,0,1,0,0,1,1,1,1,1,0,1,0
"239",0,0,0,0,0,0,1,0,1,0,1,0,0,0,0
"247",0,0,0,1,0,0,0,0,0,0,1,0,0,0,1
"246",0,1,0,0,0,0,0,0,0,1,0,0,0,0,0
"231",1,1,1,1,1,1,1,1,1,1,1,1,1,1,1
"8574",1,1,1,1,1,1,1,1,1,1,1,1,1,1,1
"23600",0,1,0,0,0,0,1,1,0,1,1,1,0,1,0
"115286",0,1,0,0,1,1,1,0,0,1,0,1,1,1,0
"271",1,1,1,1,1,1,1,1,1,1,1,1,1,1,1
"272",0,0,0,1,0,1,0,0,1,1,0,0,0,1,1
"270",0,0,0,0,0,0,0,0,0,0,0,0,0,0,0
"290",0,1,0,0,0,1,0,0,0,1,0,0,1,0,1
"278",0,0,0,0,0,0,0,0,0,0,0,0,0,0,0
"277",0,0,0,0,0,0,0,0,0,0,0,0,0,0,0
"279",0,0,0,0,0,0,0,0,0,0,0,0,0,0,0
"280",0,0,1,1,0,0,0,1,0,1,0,0,1,1,1
"6519",0,0,1,0,0,0,0,0,1,1,0,0,0,1,0
"276",0,0,0,0,0,0,0,0,0,0,0,0,0,0,0
"11136",1,1,0,0,0,1,0,1,0,1,1,1,1,0,1
"10998",0,0,1,1,0,0,0,1,0,1,1,1,1,0,0
"113451",0,1,1,1,0,0,0,1,0,0,1,1,0,0,0
"9057",1,1,1,1,1,1,1,1,1,1,1,1,1,1,1
"384",1,0,1,1,1,0,1,0,1,0,1,1,1,0,0
"445",0,0,1,1,0,1,0,0,1,0,1,1,1,0,0
"83884",1,0,0,0,0,0,0,0,0,0,0,0,0,0,0
"10166",1,0,1,0,1,1,0,1,1,0,0,1,0,1,1
"410",0,0,1,1,0,0,1,0,0,1,1,1,0,0,0
"427",1,0,0,1,1,0,0,1,1,1,0,0,1,1,1
"9963",0,0,1,0,1,0,1,0,0,1,0,1,1,0,1
"9962",1,1,0,0,0,1,0,0,1,0,1,1,0,0,1
"80150",0,1,1,1,0,1,0,1,0,1,0,1,1,1,0
"440",0,0,1,0,1,1,0,0,1,1,0,0,0,1,1
"790",1,1,1,1,1,1,1,1,1,1,1,1,1,1,1
"6505",0,1,1,1,0,0,0,0,1,0,0,1,0,1,0
"6512",0,0,0,0,0,0,0,0,0,0,0,0,0,0,0
"6511",0,0,0,0,0,0,0,0,0,0,0,0,0,0,0
"6507",0,1,0,0,0,1,0,0,0,0,0,1,1,0,0
"6506",0,0,0,1,0,0,0,0,1,1,0,0,1,0,0
"9296",1,1,1,1,1,1,1,1,1,1,1,1,1,1,1
"51606",1,1,1,1,1,1,1,1,1,1,1,1,1,1,1
"533",1,1,1,1,1,1,1,1,1,1,1,1,1,1,1
"90423",0,1,1,0,0,0,0,0,1,1,1,1,1,0,0
"528",1,0,1,0,1,1,0,1,0,0,0,1,0,1,1
"525",0,0,0,0,0,0,1,0,0,0,0,0,0,0,0
"10312",1,1,1,1,1,1,1,1,1,1,1,1,1,1,1
"127124",0,0,0,0,0,0,0,0,0,0,0,1,1,0,0
"245973",0,0,1,1,1,0,1,0,0,0,1,1,1,0,0
"50617",0,1,1,0,1,0,0,0,0,0,1,1,1,0,0
"9114",1,1,0,0,1,1,0,1,1,0,1,1,1,0,0
"23545",0,1,1,0,1,1,0,0,1,1,0,0,0,1,1
"8992",1,1,1,1,1,1,1,1,1,1,1,1,1,1,1
"535",0,0,1,1,0,0,1,0,0,0,1,1,1,0,1
"527",0,0,1,1,0,1,1,1,0,0,0,0,0,1,0
"526",1,1,1,1,1,1,1,1,1,1,1,1,1,1,1
"523",1,1,1,1,1,1,1,1,1,1,1,1,1,1,1
"529",1,1,1,1,1,1,1,1,1,1,1,1,1,1,1
"9550",1,1,1,1,1,1,1,1,1,1,1,1,1,1,1
"51382",1,1,1,1,1,1,1,1,0,1,1,1,1,1,1
"245972",0,0,0,0,0,0,0,0,0,0,0,0,0,0,0
"957",0,0,0,1,1,1,0,1,1,1,0,1,0,1,1
"956",0,0,0,1,0,0,0,1,0,1,0,0,0,0,1
"955",0,1,1,1,0,1,1,0,1,1,1,1,1,0,1
"953",0,0,1,1,0,0,1,1,0,0,0,0,0,0,1
"954",0,0,0,1,1,1,1,1,1,1,0,0,1,0,1
"377841",0,0,0,0,0,0,0,0,0,0,0,0,0,0,0
"293",1,1,1,1,1,1,1,1,1,1,1,1,1,1,1
"291",0,1,1,0,1,1,0,0,1,0,1,1,1,0,0
"292",1,1,1,1,1,1,1,1,1,1,1,1,1,1,1
"4126",0,1,0,1,0,0,0,1,1,0,1,1,1,0,0
"8706",1,1,0,0,1,0,1,0,0,1,0,0,0,1,1
"10317",0,0,0,0,0,0,0,0,0,0,0,0,0,0,0
"84002",1,0,1,1,0,0,1,0,1,0,0,0,0,1,1
"3141",0,1,0,1,1,0,0,0,0,1,0,1,0,0,1
"140679",0,0,0,0,0,0,0,0,0,0,0,0,0,0,0
"8424",0,0,0,0,0,0,0,0,0,0,0,0,0,0,0
"53630",0,0,0,0,0,0,0,0,0,0,0,0,0,0,0
"635",0,0,0,0,0,0,0,0,0,0,0,0,0,0,0
"23743",0,0,0,0,0,0,0,0,0,0,0,0,0,0,0
"10599",0,0,0,0,0,0,0,0,0,0,0,0,0,0,0
"1244",1,1,1,1,0,0,1,1,1,0,1,1,0,0,1
"8714",0,1,0,0,0,1,0,0,1,1,0,0,1,0,0
"28234",0,0,0,0,0,0,0,0,0,0,0,0,0,0,0
"645",0,1,0,1,1,1,1,0,0,1,1,1,1,0,0
"644",1,0,1,1,1,1,1,0,0,1,1,1,1,1,1
"9488",1,0,1,1,1,0,1,0,0,0,0,0,0,1,1
"10380",1,1,1,1,1,1,1,1,0,1,1,1,1,1,1
"686",0,1,0,1,1,0,0,1,1,0,0,1,1,1,0
"8884",1,1,1,0,1,1,1,1,1,1,1,1,1,1,1
"80704",0,0,0,0,0,0,0,0,0,0,0,0,0,0,0
"51733",0,0,0,1,0,0,1,0,1,0,0,1,0,0,0
"7108",0,1,1,1,0,0,1,1,0,0,1,1,0,0,0
"50814",1,1,1,1,1,1,1,1,1,1,1,1,1,1,1
"3295",0,0,1,0,1,1,0,0,1,0,1,1,0,0,1
"6307",1,1,1,1,1,1,1,1,1,1,1,1,1,1,1
"493",1,1,1,1,1,1,1,1,1,1,1,1,1,1,1
"492",0,0,0,0,0,0,0,0,0,0,0,0,0,0,0
"491",1,0,0,1,0,0,0,0,1,0,1,0,1,0,0
"490",1,0,1,0,1,1,1,1,0,0,0,0,0,1,1
"847",1,1,1,1,1,1,1,1,1,1,1,1,1,1,1
"6543",0,0,0,1,0,1,1,1,1,1,0,1,1,0,0
"6547",1,0,0,0,1,0,0,0,0,0,0,0,0,1,0
"6546",1,1,0,0,0,1,0,1,0,1,0,0,0,1,1
"166785",0,0,1,1,0,0,1,0,0,0,0,1,1,0,0
"2538",0,0,0,0,0,0,0,0,0,0,0,0,0,0,0
"92579",1,1,0,0,1,1,1,1,0,1,1,1,1,0,0
"1373",1,0,0,1,0,1,0,1,0,0,0,1,1,0,1
"873",1,1,1,1,1,1,1,1,1,1,1,1,1,1,1
"10423",1,0,1,1,1,1,1,1,1,1,1,1,1,1,1
"8760",1,1,1,1,1,1,0,1,1,1,1,1,1,1,1
"1040",1,0,0,0,1,1,0,1,0,1,0,0,0,0,1
"56994",1,0,1,0,1,1,0,0,1,1,0,0,0,1,1
"10390",1,0,1,1,1,0,0,1,0,0,0,0,0,1,1
"64781",1,1,1,1,1,1,1,1,1,1,1,1,1,1,1
"10087",1,1,0,0,1,0,1,0,0,1,0,0,0,1,1
"6565",0,0,1,1,0,1,0,1,1,0,0,0,1,0,1
"9023",1,0,0,0,0,0,0,0,0,1,1,1,1,0,0
"1103",0,0,0,0,0,0,0,0,0,0,0,0,0,0,0
"162466",0,1,0,0,1,0,0,1,0,1,0,0,1,1,0
"9468",0,0,0,1,1,1,0,0,0,0,0,1,1,0,1
"5130",1,0,1,0,1,0,0,1,1,0,1,0,0,0,1
"6579",0,0,0,0,0,0,0,0,0,0,0,0,0,0,0
"6555",0,0,0,0,0,0,0,0,0,0,0,0,0,0,0
"6554",0,0,0,0,0,0,0,0,1,1,0,0,0,0,0
"55349",0,1,0,0,1,0,1,1,1,0,0,1,1,0,1
"1120",1,0,0,1,0,0,1,0,1,0,1,1,1,0,1
"1119",0,1,0,0,0,1,1,0,1,0,1,1,1,0,0
"60482",0,0,0,0,0,0,0,0,0,0,0,0,0,0,0
"6582",0,0,0,0,0,0,0,0,0,0,0,0,0,0,0
"6584",0,0,0,1,0,1,0,1,0,1,0,0,0,1,1
"6820",0,0,0,0,0,0,0,1,0,1,0,0,0,0,0
"10948",1,1,1,1,1,1,1,1,1,1,1,1,1,1,1
"19",0,0,1,1,0,0,0,0,1,1,0,1,1,0,1
"1118",0,1,0,1,0,0,0,0,1,0,0,1,1,0,0
"27159",0,0,0,0,0,0,0,0,0,0,0,0,0,0,0
"54682",1,0,0,1,1,0,0,0,0,1,0,1,1,0,1
"9058",0,0,0,0,0,0,0,0,0,0,0,0,0,0,0
"6576",1,1,1,1,1,1,1,1,1,1,1,1,1,1,1
"1159",0,0,1,0,1,0,0,0,0,0,0,1,1,0,0
"548596",0,0,1,0,0,0,0,0,0,0,0,1,0,0,0
"1160",0,1,1,0,0,0,0,0,1,1,0,0,0,0,1
"1158",0,0,0,0,0,0,0,0,0,0,0,0,0,0,0
"1152",1,0,1,0,0,1,1,0,1,0,1,1,1,0,1
"5172",1,0,0,0,1,0,0,1,0,0,0,0,0,0,1
"65010",0,1,1,1,1,0,1,1,0,0,1,1,1,0,0
"54675",0,1,1,0,0,1,0,1,1,0,0,1,1,1,0
"10559",1,0,1,1,0,1,0,1,0,1,0,0,1,1,0
"55907",1,1,1,1,1,1,1,1,1,1,1,1,1,1,1
"8034",0,0,1,0,1,0,1,0,0,1,0,0,0,1,1
"8824",1,1,1,1,0,0,0,1,1,1,1,1,0,0,1
"51805",1,0,1,0,1,1,1,0,0,0,0,0,0,1,1
"51004",0,1,0,0,0,1,1,1,0,1,1,1,1,0,0
"10229",1,1,0,0,0,1,0,1,1,1,1,0,1,0,0
"2650",1,0,1,0,1,1,0,1,1,0,0,1,0,1,1
"9245",0,0,0,0,0,0,0,0,0,0,0,0,0,0,0
"51301",0,0,1,1,0,0,0,1,1,1,0,0,1,0,1
"192134",0,0,0,0,0,0,0,0,0,0,0,0,0,0,0
"386757",0,0,0,0,0,0,0,0,0,0,0,0,0,0,0
"6535",1,1,0,0,0,1,1,0,0,1,1,1,0,1,0
"1384",0,0,0,1,0,1,1,0,0,0,1,1,0,0,0
"6583",1,1,0,0,1,1,1,0,0,1,0,1,0,1,0
"1431",1,1,1,1,1,1,1,1,1,1,1,1,1,1,1
"54677",0,0,1,1,1,0,1,0,1,1,0,1,0,1,1
"8140",1,1,1,1,1,1,1,1,1,1,1,1,1,1,1
"23428",0,0,1,1,0,1,0,1,1,0,0,1,1,0,1
"1036",1,0,1,0,1,0,0,0,1,1,1,1,0,0,0
"23657",0,0,1,0,1,1,0,0,0,0,0,0,0,1,1
"57379",0,1,0,0,1,0,0,0,0,0,0,0,1,1,1
"978",0,0,0,0,0,0,1,0,0,0,0,0,0,1,0
"7371",1,1,1,0,1,1,0,0,1,1,1,1,0,0,0
"83549",1,1,1,1,1,1,1,1,1,1,1,1,1,1,1
"51727",1,1,1,1,1,1,1,1,1,1,1,1,1,1,1
"129607",0,0,1,1,0,0,1,0,1,0,0,1,0,0,1
"160851",1,0,1,1,0,0,1,0,1,0,0,0,0,1,1
"8526",0,0,1,0,1,0,0,1,1,0,0,0,0,0,1
"1606",1,1,1,1,1,1,1,1,1,1,1,1,1,1,1
"8527",1,1,0,0,1,0,1,1,1,0,1,1,1,0,1
"1607",0,0,0,0,0,0,0,0,0,0,0,0,0,0,0
"1608",0,0,0,1,1,1,1,1,1,1,1,1,1,0,0
"1609",0,1,1,1,1,0,1,0,1,0,1,1,0,0,0
"8525",0,0,1,1,1,0,1,0,1,0,1,1,0,0,1
"9162",1,1,0,0,1,1,1,1,1,1,0,1,0,1,1
"1610",0,0,0,0,0,0,0,0,0,0,0,0,0,0,0
"51022",1,0,0,0,1,0,0,1,1,1,0,1,0,1,0
"2745",0,0,1,1,0,0,1,1,0,0,0,0,1,1,0
"8528",0,0,0,0,0,0,0,0,0,0,0,0,0,0,0
"10455",0,0,1,1,0,1,1,0,1,0,0,1,1,0,0
"1632",0,1,1,0,0,1,1,0,1,0,1,1,1,0,0
"1633",1,1,1,1,1,1,1,1,1,1,1,1,1,1,1
"1638",0,0,1,1,0,0,1,0,1,0,0,1,1,0,0
"6319",1,1,1,1,1,1,1,1,1,1,1,1,1,1,1
"9415",0,1,1,1,1,0,0,0,1,0,1,1,0,0,0
"3992",0,0,1,1,1,0,0,1,0,0,0,1,1,0,0
"8694",0,1,0,1,0,1,1,0,1,0,1,1,0,0,0
"84649",1,0,0,0,1,1,1,1,0,0,1,1,1,0,0
"1716",1,1,1,1,1,1,1,1,1,1,1,1,1,1,1
"6513",1,1,1,1,1,1,1,1,1,1,1,1,1,1,1
"6517",0,0,1,0,1,0,0,0,0,0,1,1,0,0,1
"6515",1,1,1,1,1,1,1,1,1,1,1,1,1,1,1
"1718",1,1,1,1,1,1,1,1,1,1,1,1,1,1,1
"1581",0,0,0,0,0,0,0,0,0,0,0,0,0,0,0
"1717",1,1,1,1,1,1,1,1,1,1,1,1,1,1,1
"8560",1,1,1,1,1,1,1,1,1,1,1,1,1,1,1
"123099",0,0,1,1,0,0,0,0,1,1,0,1,1,0,0
"11309",0,0,0,0,0,0,0,0,0,0,0,0,0,0,0
"6783",0,0,0,0,0,0,0,0,0,0,0,0,0,0,0
"1723",1,1,1,0,1,1,1,1,0,1,1,1,0,0,1
"1809",1,1,0,0,0,1,0,0,0,0,1,1,0,1,0
"1808",0,0,1,1,1,0,0,1,0,0,0,0,0,1,1
"1807",0,0,0,0,0,0,1,0,0,0,0,0,0,0,0
"23539",0,0,1,0,0,0,1,0,0,0,0,0,0,0,1
"2224",1,1,1,1,1,1,1,1,1,1,1,1,1,1,1
"29958",0,1,0,0,0,0,0,1,1,0,0,1,1,0,0
"60386",1,1,1,0,1,1,0,1,0,1,1,1,1,0,0
"84920",0,0,1,1,1,0,0,1,0,0,0,0,0,1,1
"79087",0,1,0,0,0,1,0,1,0,1,1,1,1,0,0
"26002",1,0,0,0,0,0,0,0,0,0,0,0,0,0,0
"1621",1,0,0,1,0,1,1,1,0,1,0,0,0,0,1
"7299",0,0,0,0,0,0,0,0,0,0,0,0,0,0,1
"6530",0,0,0,0,0,0,0,0,0,0,0,0,0,0,0
"6581",0,0,0,0,0,1,1,0,1,0,0,0,0,0,0
"669",1,1,1,1,1,0,1,1,1,0,1,1,1,1,1
"5224",1,1,0,1,0,0,1,1,1,1,0,1,1,1,0
"5223",1,1,1,1,1,1,1,1,1,1,1,1,1,1,1
"4597",1,1,1,1,1,1,1,1,1,1,1,1,1,1,1
"51071",1,1,1,1,1,1,0,1,1,1,1,1,1,1,1
"1806",0,0,1,1,1,0,1,0,1,0,0,0,0,0,1
"7083",1,1,1,1,1,1,1,1,1,1,1,1,1,1,1
"7084",1,1,0,1,0,1,1,0,0,1,0,1,0,0,1
"1854",1,1,1,1,1,1,1,1,1,1,1,1,1,1,1
"3704",1,1,1,1,1,1,1,1,1,1,1,1,1,1,1
"10682",1,1,1,1,1,1,1,1,1,1,1,1,1,1,1
"1892",1,1,1,1,1,1,1,1,1,1,1,1,1,1,1
"549",1,0,1,1,0,0,1,1,1,0,0,1,1,0,1
"1962",0,0,1,1,0,0,1,0,0,0,0,0,0,1,1
"1891",1,1,1,1,1,1,1,1,1,1,1,1,1,1,1
"11001",1,0,1,0,1,0,0,0,1,1,0,1,1,1,0
"28231",1,1,1,0,1,0,0,0,0,1,1,1,0,0,0
"53919",0,0,0,0,0,0,0,0,0,0,0,0,0,0,0
"10257",1,0,0,0,1,1,0,0,1,0,0,0,0,1,1
"28232",1,1,0,0,0,1,0,1,1,0,0,1,1,1,0
"2109",1,1,0,0,0,1,1,1,0,0,1,1,1,0,0
"2108",1,1,1,1,1,1,1,1,1,1,1,1,1,1,1
"2110",1,1,0,0,0,1,0,1,1,0,0,1,1,0,0
"55500",0,0,1,1,1,0,0,1,1,0,0,0,0,1,1
"55224",0,1,0,1,0,1,0,0,1,1,0,0,0,1,1
"8790",1,0,1,1,1,0,0,1,0,1,0,0,0,1,1
"51086",0,0,0,0,0,0,0,0,0,0,0,0,0,0,0
"2181",1,0,1,1,1,0,1,1,1,1,1,1,1,1,1
"2180",1,0,0,0,1,1,1,0,1,0,0,1,0,1,1
"2182",1,1,1,1,1,1,1,1,1,1,1,1,1,1,1
"81616",0,0,0,1,0,1,0,1,0,0,1,0,0,0,0
"51703",1,1,1,1,1,1,1,1,1,1,1,1,1,1,1
"23305",1,0,0,0,0,1,0,1,0,1,0,0,1,1,1
"116285",0,1,0,1,0,0,0,1,0,0,1,1,0,1,0
"5167",1,1,0,0,0,0,1,0,0,1,0,0,1,1,1
"5169",0,0,0,1,0,1,1,0,0,0,0,1,0,1,0
"6785",1,0,1,0,0,0,0,1,0,0,0,0,1,1,1
"60481",1,1,1,1,1,1,1,1,1,1,1,1,1,1,1
"54898",0,0,0,0,0,0,0,0,0,0,0,0,0,0,0
"79071",1,1,1,0,1,0,1,0,1,1,0,0,0,1,1
"1579",0,0,0,0,0,0,0,0,0,0,0,0,0,0,0
"2194",1,1,1,1,1,1,1,1,1,1,1,1,1,1,1
"10999",1,1,0,0,1,1,0,1,1,0,1,1,0,0,0
"376497",0,1,1,1,0,0,0,1,1,0,1,1,1,0,0
"230",1,1,1,1,1,1,1,1,1,1,1,1,1,1,1
"226",0,0,0,1,0,0,1,0,1,0,1,1,1,0,0
"229",0,0,0,0,0,0,1,0,0,0,0,0,0,0,0
"5208",0,0,1,1,0,0,0,0,1,1,0,0,0,1,1
"5207",0,0,1,1,0,1,0,0,1,0,1,1,0,0,1
"2203",0,0,1,1,0,0,0,1,0,0,0,1,1,0,1
"5210",0,0,1,1,0,0,0,0,1,1,1,1,0,0,0
"5209",1,1,1,1,1,1,1,1,1,1,1,1,1,1,1
"8789",0,0,0,0,0,0,0,0,0,0,0,0,0,0,0
"2235",0,1,0,0,0,1,0,0,1,1,0,1,0,0,1
"10840",0,0,0,0,0,0,0,0,0,0,0,0,0,0,0
"79901",1,0,1,0,1,0,1,0,1,1,0,0,0,1,1
"197258",0,1,1,1,0,1,0,1,0,1,1,1,0,0,0
"125061",1,1,0,0,1,1,0,0,0,1,1,1,1,0,0
"1719",1,0,0,0,1,1,0,0,1,1,0,1,0,0,1
"2356",1,1,1,1,1,1,1,1,1,1,1,1,1,1,1
"155184",0,1,0,0,0,0,0,0,0,0,0,0,0,0,0
"29988",0,1,0,0,1,1,1,0,0,1,1,0,1,0,0
"66035",0,1,0,1,0,1,1,1,0,1,0,1,1,0,0
"6518",0,0,0,0,0,0,0,0,0,0,0,0,0,0,0
"6514",0,0,0,0,0,0,0,0,0,0,0,0,0,0,0
"160428",0,1,1,1,0,0,0,0,0,1,0,1,0,0,1
"25902",1,1,1,0,1,1,1,1,1,1,1,1,1,1,1
"4522",1,1,1,0,1,1,1,1,1,1,1,1,1,1,1
"2519",0,0,1,1,0,1,1,1,0,1,0,1,1,0,0
"2517",0,1,0,1,0,1,0,0,1,1,0,1,1,1,0
"2184",1,1,0,0,0,1,0,0,1,1,1,1,1,0,0
"2271",1,1,1,1,1,1,1,1,1,1,1,1,1,1,1
"2523",0,0,0,1,1,0,0,0,0,1,0,0,1,0,1
"2525",1,0,0,1,0,0,0,0,0,0,0,0,1,0,0
"10690",0,0,0,0,0,0,0,0,0,0,0,0,0,0,0
"2683",1,1,1,1,1,1,1,1,1,1,1,1,1,1,1
"9334",1,1,1,0,1,1,0,1,0,1,1,1,1,1,1
"8704",1,1,0,0,1,1,0,0,1,0,1,1,1,0,0
"8703",1,1,1,1,1,1,1,1,1,1,1,1,1,1,1
"2820",0,0,1,1,1,0,0,1,0,1,0,0,0,1,1
"5832",1,1,1,1,1,1,1,1,1,1,1,1,1,1,1
"9563",1,0,1,1,0,1,0,1,0,0,1,1,0,0,1
"2539",1,1,1,1,1,1,1,1,1,1,1,1,1,1,1
"2542",0,0,1,1,1,0,0,1,0,1,1,1,1,0,0
"2593",1,1,0,0,1,1,1,1,0,0,1,1,1,0,0
"9514",0,1,0,0,1,0,0,0,1,0,1,1,0,0,0
"5476",1,1,1,1,1,1,1,1,1,1,1,1,1,1,1
"2720",1,1,1,1,1,1,1,1,1,1,1,1,1,1,1
"2588",0,1,1,1,0,0,1,1,0,0,1,1,1,0,0
"2581",0,1,1,1,0,1,0,1,0,1,0,0,0,1,1
"2583",0,1,0,0,1,1,0,0,0,1,0,1,0,1,0
"55454",1,1,1,1,1,1,1,1,1,1,1,1,1,1,1
"55790",0,0,0,1,0,1,0,1,0,0,0,1,1,0,1
"79586",0,1,0,0,1,1,0,1,1,0,1,1,0,0,0
"337876",0,0,0,0,0,0,0,0,0,0,0,0,0,0,0
"22856",1,1,0,0,0,1,0,1,1,1,0,0,0,1,1
"63917",1,0,1,0,1,1,1,0,1,0,1,1,0,0,1
"11226",1,0,1,0,1,0,0,1,1,0,0,1,0,0,1
"55568",1,1,0,0,1,0,1,0,1,1,0,1,0,0,1
"2589",1,0,1,0,1,0,0,1,0,0,0,0,0,1,1
"51809",1,0,1,0,1,0,0,1,1,1,0,0,0,1,1
"8693",1,0,0,0,0,1,0,1,0,1,1,0,0,0,1
"2591",1,0,0,0,0,1,1,0,0,1,0,0,0,1,1
"117248",0,0,0,0,0,1,0,1,0,0,0,0,0,0,0
"26290",0,0,1,1,0,0,1,1,0,1,1,0,0,1,1
"114805",0,0,0,0,0,0,0,0,0,0,0,0,0,0,0
"79695",0,0,0,1,0,1,1,1,0,0,0,1,1,1,1
"50614",0,0,0,0,0,1,0,1,1,0,1,1,1,0,0
"79623",1,1,1,0,1,0,0,0,1,0,1,1,0,0,0
"2590",1,1,0,0,1,1,1,1,1,1,1,1,1,1,1
"11227",0,0,0,0,0,0,0,0,0,1,0,0,0,0,0
"81031",0,0,0,0,0,0,0,0,0,0,0,0,0,0,0
"126792",0,1,1,0,1,1,0,0,0,1,1,1,0,1,0
"11285",0,1,1,0,0,1,0,0,1,0,1,1,0,1,0
"8972",0,1,0,0,0,0,0,0,0,0,0,0,0,0,0
"175",1,1,1,1,1,1,1,1,1,1,1,1,1,1,1
"26301",1,1,0,0,1,1,1,0,0,1,1,1,1,0,0
"4329",0,0,1,1,0,0,0,1,0,1,0,1,0,0,1
"7915",1,0,0,1,1,1,1,0,1,0,0,1,0,0,1
"2731",0,0,1,1,0,0,0,0,1,1,1,1,0,0,0
"275",0,0,1,1,0,0,1,0,1,1,1,1,0,0,1
"2653",1,0,1,0,1,0,0,0,1,0,1,0,0,1,1
"2651",1,0,1,1,0,0,0,1,1,0,0,1,0,0,1
"55343",1,1,1,0,1,1,1,0,1,0,1,1,0,0,0
"8836",0,0,0,0,1,1,0,0,0,1,0,0,0,1,1
"79017",1,1,1,0,1,1,1,1,1,0,1,1,1,1,1
"8908",0,0,0,0,0,0,0,0,0,0,0,0,0,0,0
"2992",1,1,1,0,1,1,0,1,1,1,1,1,1,1,1
"2997",1,1,1,1,1,1,1,1,1,1,1,1,1,1,1
"2998",0,0,0,0,0,0,0,0,0,0,0,0,0,0,0
"2687",0,0,0,0,0,0,0,0,0,0,0,0,0,0,0
"6472",1,1,1,1,1,1,1,1,1,1,1,1,1,1,1
"6470",1,1,0,0,1,0,1,0,0,1,1,1,0,0,0
"2717",1,1,1,1,1,1,1,1,1,1,1,1,1,1,1
"2632",1,0,0,1,0,0,1,1,0,0,0,1,0,0,1
"2990",1,1,1,1,1,1,1,1,1,1,1,1,1,1,1
"8372",1,1,1,0,1,1,1,0,1,1,1,1,0,0,0
"26035",1,0,0,1,1,0,0,1,0,0,0,1,0,1,1
"54480",1,1,1,0,1,1,1,1,1,1,1,1,1,1,1
"2131",1,1,0,0,0,1,0,1,0,1,1,1,1,0,0
"2132",1,1,0,0,0,1,1,1,0,0,0,0,1,0,0
"27087",1,0,0,1,0,0,0,1,0,1,0,0,0,0,0
"26229",1,1,1,1,1,1,1,1,1,1,1,1,1,1,1
"135152",0,0,0,0,0,0,0,0,1,0,0,1,0,1,0
"4669",0,1,0,0,0,1,1,0,0,1,1,1,0,0,0
"64579",0,0,0,0,0,0,0,0,0,0,0,0,0,0,0
"9348",0,0,0,0,0,0,0,0,0,0,0,0,0,0,0
"8509",0,1,1,1,0,0,1,1,0,0,0,1,0,0,1
"3340",1,1,0,0,1,1,0,0,1,0,1,1,0,0,1
"2137",1,1,0,0,1,1,1,0,0,0,1,1,0,0,1
"2135",1,0,0,0,1,0,1,1,0,0,0,0,1,1,1
"2134",0,0,0,0,0,0,0,1,0,0,0,0,0,0,0
"144195",1,0,0,0,0,0,0,1,1,0,1,1,0,1,1
"154091",0,1,0,1,0,0,0,0,0,0,0,1,1,0,1
"11182",0,0,1,0,1,0,0,1,1,0,1,1,0,0,0
"56606",0,1,0,0,0,1,0,0,1,0,1,0,0,1,0
"6523",0,0,0,0,0,0,0,0,0,0,0,0,0,0,0
"178",1,0,1,1,1,0,0,0,1,1,0,0,0,1,1
"5837",0,1,1,1,0,0,1,1,0,1,1,1,0,0,0
"5834",1,1,1,1,1,1,1,1,1,1,1,1,1,1,1
"5836",0,0,1,0,0,1,0,0,1,0,1,0,0,0,1
"2729",1,1,1,0,1,1,0,1,1,1,0,0,0,1,1
"2730",0,1,1,0,1,1,1,0,1,0,0,0,1,0,1
"2746",1,1,1,1,1,1,1,1,1,1,1,1,1,1,1
"2747",1,1,0,0,0,1,1,0,1,0,0,1,0,0,1
"10841",0,1,0,1,0,1,0,1,0,0,1,0,0,1,1
"27165",1,0,1,1,0,0,0,1,0,1,1,1,0,1,0
"2744",1,1,1,1,1,1,1,1,1,1,1,1,1,1,1
"79751",1,1,1,0,1,0,1,0,1,0,1,1,0,0,0
"83733",0,0,0,0,0,0,0,1,1,0,0,0,0,0,0
"2639",1,0,1,0,1,1,1,0,1,0,1,1,0,0,0
"57084",0,0,0,0,0,0,0,0,0,0,0,0,0,0,0
"57030",0,0,1,1,1,0,1,1,1,1,0,1,1,0,1
"246213",0,0,0,0,0,0,0,0,0,0,0,0,0,0,0
"51179",0,0,0,0,1,0,0,0,0,0,0,0,0,0,0
"54363",0,0,0,0,0,0,0,0,0,0,0,0,0,0,0
"2628",0,0,0,0,1,1,0,0,0,0,1,1,0,0,1
"9380",0,1,1,1,0,1,1,1,0,0,1,1,1,0,0
"2712",0,0,0,0,0,0,0,0,0,0,0,0,0,0,0
"2713",0,0,1,0,0,0,1,0,0,0,0,0,0,0,1
"2710",0,0,1,1,0,0,1,0,1,1,0,0,1,0,1
"3029",0,1,1,0,0,1,1,1,0,0,1,1,1,0,0
"6536",1,1,1,0,1,1,1,0,0,0,1,1,0,0,0
"5226",1,1,1,1,1,1,1,1,1,1,1,1,1,1,1
"27232",0,0,1,1,0,0,0,1,1,1,1,1,1,0,0
"57678",1,0,1,0,1,1,1,1,1,0,0,0,0,1,1
"80055",1,0,1,1,1,0,0,1,1,0,0,0,0,1,1
"54965",0,1,0,1,1,1,1,0,1,0,0,0,1,1,1
"93183",1,0,1,1,1,0,1,0,1,1,0,0,1,0,1
"2936",1,1,1,1,1,1,1,1,1,1,1,1,1,1,1
"2876",1,1,1,1,1,1,1,1,1,1,1,1,1,1,1
"7001",1,1,1,1,1,1,1,1,1,1,1,1,1,1,1
"5052",1,1,1,1,1,1,1,1,1,1,1,1,1,1,1
"2879",1,1,1,1,1,1,1,1,1,1,1,1,1,1,1
"2877",0,0,0,1,0,0,0,1,1,1,0,0,1,0,0
"257202",0,0,0,0,0,0,0,0,0,0,0,0,0,0,0
"2878",1,1,0,0,1,1,0,0,1,1,0,1,0,0,1
"2882",1,1,0,0,0,1,1,0,0,0,1,1,1,1,0
"10935",1,1,1,1,1,1,1,1,1,1,1,1,1,1,1
"2937",1,1,1,1,1,1,1,1,1,1,1,1,1,1,1
"2678",1,0,0,1,1,0,0,1,0,1,1,0,0,0,1
"2679",1,0,0,0,0,0,0,0,0,0,0,0,0,0,0
"2983",1,0,0,0,0,1,0,1,0,0,0,1,0,1,1
"4881",0,1,1,0,1,0,1,1,1,1,1,1,0,0,1
"3000",0,0,0,1,0,0,0,0,0,0,0,0,0,0,0
"2974",1,0,0,0,0,0,0,1,0,0,0,1,0,1,0
"4882",0,0,1,1,1,0,0,0,0,1,1,1,0,0,0
"2986",0,0,0,0,0,0,0,0,0,0,0,0,0,0,0
"2982",0,0,1,0,0,1,0,0,0,1,1,0,0,0,1
"2984",0,0,0,0,0,0,0,0,0,0,0,0,0,0,0
"2977",0,0,0,0,0,0,0,0,0,0,0,0,0,0,0
"9615",0,0,0,0,0,0,0,0,0,0,0,0,0,0,0
"763",0,0,0,0,0,0,0,0,0,0,0,1,0,0,0
"11238",0,0,1,1,0,0,0,0,1,1,0,0,0,1,0
"23556",0,0,1,1,1,0,0,1,0,0,0,0,0,1,1
"55650",1,0,0,0,1,1,0,0,0,1,0,1,1,0,0
"53905",0,0,1,1,0,1,0,0,1,1,1,0,1,0,0
"50506",0,0,0,0,0,0,0,0,0,1,0,0,0,0,0
"343",0,1,1,0,0,0,0,1,0,1,0,1,1,1,0
"5281",0,0,1,1,1,0,0,0,1,0,1,0,1,1,1
"84720",0,1,0,0,0,1,1,1,0,0,1,1,0,1,1
"54872",1,1,0,1,0,0,0,1,0,0,1,1,0,0,1
"80235",0,1,1,1,0,0,1,1,0,0,1,0,1,0,0
"128869",1,1,1,0,1,1,1,1,1,1,1,1,1,1,1
"10026",0,0,1,1,1,1,0,1,1,1,0,0,0,1,1
"51604",1,1,0,0,0,1,1,1,0,1,1,1,1,0,0
"94005",1,1,1,1,1,1,1,1,1,1,1,1,1,1,1
"8733",1,1,1,1,1,1,1,1,1,1,1,1,1,1,1
"3028",1,1,1,1,1,1,1,1,1,1,1,1,1,1,1
"3033",0,0,0,1,1,1,1,0,0,0,0,1,1,0,0
"3037",0,1,1,0,0,0,1,0,0,0,0,0,0,1,0
"3038",0,1,0,0,0,1,1,0,0,0,1,1,0,0,0
"3036",0,0,0,0,0,0,0,0,0,0,0,0,0,0,0
"27235",1,0,0,0,1,1,1,0,1,0,1,1,1,0,0
"6522",1,1,0,0,1,1,1,0,1,0,1,1,0,0,0
"83697",0,0,1,1,0,0,1,0,0,0,0,1,0,0,1
"6521",0,0,0,0,0,0,0,0,1,0,0,0,0,0,0
"6508",0,1,0,0,0,1,0,0,0,1,1,0,0,0,0
"2645",0,1,1,0,1,1,1,0,0,1,1,0,1,0,0
"3098",1,1,1,1,1,1,1,1,1,1,1,1,1,1,1
"3099",1,0,0,0,1,0,1,0,1,0,0,1,0,1,1
"80201",0,0,1,1,0,0,1,1,0,0,0,1,0,1,0
"3101",0,1,0,0,0,1,0,1,0,1,0,1,0,1,0
"3081",1,0,0,0,1,0,1,1,0,0,0,1,0,1,1
"11112",1,1,1,1,1,1,1,1,1,1,1,1,1,1,1
"3067",0,0,0,0,1,1,0,0,1,0,1,0,1,0,0
"496",0,0,0,0,0,0,0,0,0,0,0,0,0,0,0
"495",0,0,0,0,0,0,0,0,0,0,0,0,0,0,0
"8942",0,1,0,0,0,1,0,0,0,0,0,0,0,0,1
"3157",1,1,1,1,1,1,1,1,1,1,1,1,1,1,1
"3158",0,0,0,0,0,0,0,0,0,0,0,0,0,0,0
"54511",0,0,0,0,0,0,0,0,0,0,0,0,0,0,0
"3155",0,1,0,1,0,1,0,1,0,1,1,1,1,0,0
"3162",0,1,0,0,0,1,0,1,0,0,1,1,1,0,0
"26062",0,0,0,0,0,1,0,0,0,0,0,0,0,0,0
"197257",0,0,1,1,0,0,0,1,0,0,0,1,1,1,0
"6448",0,1,1,1,0,0,0,1,0,1,1,1,0,0,1
"3290",1,1,0,0,1,1,0,1,1,1,1,0,1,0,0
"3291",1,1,1,0,0,1,0,0,0,0,1,1,0,0,0
"3292",1,0,1,1,0,1,0,0,0,1,1,1,0,0,1
"3294",0,0,0,0,0,0,1,0,0,1,0,0,0,0,0
"51478",1,0,1,1,1,0,0,1,0,0,0,1,1,0,0
"3283",0,0,0,0,0,0,0,0,0,0,0,0,0,0,0
"3284",0,0,0,0,0,0,0,0,0,0,0,0,0,0,0
"80270",1,1,0,0,1,0,1,0,1,0,1,1,0,0,0
"57026",0,1,1,0,1,1,0,0,1,1,1,0,0,0,1
"3419",1,1,1,0,1,1,1,1,1,1,1,1,1,1,1
"3421",1,1,1,1,1,1,1,1,1,1,1,1,1,1,1
"3420",1,1,1,1,1,1,1,1,1,1,1,1,1,1,1
"3417",0,0,1,1,1,0,0,0,1,1,0,1,1,0,1
"3418",1,1,1,1,1,1,1,1,1,1,1,1,1,1,1
"7173",0,0,0,0,0,0,1,1,0,0,0,0,0,0,0
"3425",0,1,1,1,0,0,1,0,1,0,1,1,0,0,0
"587",1,1,0,0,0,1,1,0,0,1,1,1,0,0,0
"8501",1,1,1,0,0,1,0,1,1,1,1,1,0,0,1
"55586",1,1,0,1,0,0,0,0,1,0,1,1,1,1,0
"114134",0,0,0,1,1,0,0,0,1,1,0,0,0,1,1
"6526",1,0,0,1,0,1,0,1,0,1,0,0,0,1,1
"3422",1,1,1,1,1,1,1,1,1,1,1,1,1,1,1
"91734",0,0,1,1,0,0,0,0,1,0,1,1,0,0,0
"160728",0,0,0,0,0,0,0,0,0,0,0,0,0,0,0
"8801",1,1,1,1,1,1,1,1,1,1,1,1,1,1,1
"8802",1,1,1,1,1,1,1,1,1,1,1,1,1,1,1
"8803",1,0,0,0,1,1,0,1,1,1,0,0,0,1,1
"9990",0,0,1,1,0,0,0,0,1,0,0,0,0,1,1
"6560",0,1,1,1,1,0,1,0,1,0,0,1,0,0,1
"57468",0,0,0,1,0,0,0,0,0,0,1,0,1,0,0
"3795",0,1,1,1,1,1,0,1,1,0,1,1,1,0,0
"84679",1,0,0,0,1,1,0,0,1,0,0,1,0,0,1
"23315",0,1,1,1,0,0,0,1,1,1,1,1,0,0,1
"8564",0,0,0,1,0,0,0,0,0,0,0,0,0,0,1
"3938",0,0,0,0,1,1,1,1,1,1,1,1,0,0,1
"53",1,1,0,0,0,1,0,1,0,1,1,1,1,0,0
"3931",0,0,1,1,0,0,0,1,1,0,1,1,1,0,0
"387775",0,0,0,0,0,0,0,0,0,0,0,0,0,0,0
"124637",1,1,0,0,0,1,1,0,0,0,0,1,0,0,1
"366",0,1,0,0,0,1,0,1,1,0,0,1,0,0,1
"11283",0,0,0,0,0,0,0,0,0,0,0,0,0,0,0
"4047",0,1,1,1,1,0,0,0,0,1,1,1,0,0,1
"1178",0,0,0,0,1,1,0,1,0,1,0,0,1,1,1
"5321",1,0,1,0,1,1,0,0,0,0,0,1,0,1,1
"29124",0,0,0,0,0,0,0,0,0,0,0,0,0,0,0
"51268",0,0,1,1,0,1,0,1,1,0,1,1,1,0,0
"4023",1,0,0,0,1,0,0,0,0,0,0,0,0,1,1
"1056",1,0,0,0,0,1,1,1,1,1,1,1,1,0,0
"3990",0,0,0,1,0,0,1,0,0,0,1,0,1,0,1
"80339",0,0,1,1,0,0,1,1,1,1,0,1,0,0,1
"11343",0,1,0,0,0,1,1,0,1,0,1,1,1,0,0
"50487",0,0,0,0,0,0,0,0,0,0,0,0,0,0,0
"9227",0,0,0,0,0,0,0,0,0,0,0,0,0,0,0
"6309",1,0,1,1,1,0,1,0,0,1,0,0,0,1,1
"4048",1,1,1,1,1,1,1,1,1,1,1,1,1,1,1
"4258",0,1,0,1,1,0,1,0,1,0,1,1,1,0,0
"4259",0,0,1,1,0,1,0,1,0,1,1,1,1,0,0
"4056",0,0,1,1,0,1,1,1,0,0,0,1,0,1,0
"2954",0,1,1,1,0,0,1,0,1,1,1,1,1,1,0
"2548",1,1,0,1,0,1,1,0,0,1,1,1,0,0,0
"56922",0,1,1,1,0,0,0,1,0,1,0,1,0,1,0
"64087",1,1,1,1,1,1,1,1,1,1,1,1,1,1,1
"23417",0,1,0,1,0,1,0,1,1,0,1,1,0,1,0
"4357",1,1,0,0,0,0,1,0,0,0,1,1,1,0,0
"4190",1,1,1,1,1,1,1,1,1,1,1,1,1,1,1
"4191",1,1,1,1,1,1,1,1,1,1,1,1,1,1,1
"4200",1,0,1,0,1,0,0,1,1,0,0,1,1,1,1
"4199",0,0,1,0,0,1,0,0,1,1,0,0,1,0,0
"10873",1,1,1,0,0,0,1,1,0,0,1,1,0,0,0
"3620",0,0,0,1,1,0,0,0,0,0,0,0,0,1,1
"1545",0,1,0,0,0,1,1,0,0,0,0,0,0,1,1
"1543",0,1,0,0,0,1,0,0,0,0,0,1,1,0,0
"1557",0,0,0,0,0,0,0,0,0,0,0,0,0,0,0
"1544",0,1,0,0,1,1,0,0,0,0,0,1,0,1,0
"27430",1,1,1,1,1,1,1,1,1,1,1,1,1,1,1
"4144",1,1,1,1,1,1,1,1,1,1,1,1,1,1,1
"4143",0,0,0,0,0,0,0,0,0,0,0,0,0,0,0
"4548",1,0,0,1,0,0,1,0,0,1,0,0,0,0,1
"4598",0,1,1,1,1,0,1,0,1,1,1,1,0,0,0
"8867",0,0,1,1,0,0,0,0,1,1,0,0,0,1,1
"3635",1,1,1,1,1,1,1,1,1,1,1,1,1,1,1
"3632",1,1,0,1,0,0,0,1,0,1,0,0,1,1,0
"3636",0,1,1,1,1,1,1,1,0,1,1,1,1,0,1
"27124",0,0,0,1,0,1,0,0,0,1,1,1,0,0,1
"3633",0,0,0,1,1,1,1,1,0,0,0,1,1,0,1
"56623",0,1,1,1,1,0,0,0,1,0,1,1,1,0,0
"3628",0,0,1,1,1,0,1,0,0,0,1,1,1,0,0
"3706",0,1,1,1,1,0,0,0,0,1,1,0,1,0,0
"3707",1,1,1,1,1,1,1,1,1,1,1,1,1,1,1
"80271",0,1,1,0,0,1,1,0,1,0,1,1,0,0,0
"51477",0,1,1,1,0,0,1,0,0,0,1,1,1,0,0
"8821",1,0,1,1,1,0,1,1,1,0,1,1,1,1,1
"3631",0,1,0,1,0,0,0,0,1,1,0,1,0,1,1
"2595",0,1,0,1,0,0,0,1,0,0,1,0,1,0,0
"84693",0,1,1,1,0,1,0,1,0,1,1,1,1,0,0
"4594",1,1,1,1,1,1,1,1,1,1,1,1,1,1,1
"80168",0,0,0,0,0,0,0,0,0,0,0,0,0,0,0
"116255",0,0,0,0,0,0,0,0,0,0,0,0,0,0,0
"4507",1,0,1,0,1,0,0,1,1,1,0,0,0,1,1
"10797",1,1,1,1,1,1,1,1,1,1,1,1,1,1,1
"56913",1,0,1,1,1,0,0,0,1,1,0,0,0,1,1
"91703",1,0,0,1,0,1,1,0,0,1,0,1,1,0,0
"443",0,0,0,0,0,0,0,0,0,0,0,0,0,0,0
"4668",1,1,1,1,1,1,1,1,1,1,1,1,1,1,1
"9498",1,0,1,0,1,0,0,1,1,0,0,0,0,1,0
"57282",0,0,1,1,0,0,1,0,0,1,0,0,0,0,1
"6528",0,1,0,1,1,0,1,1,0,0,0,1,1,0,1
"482",1,0,0,0,0,1,0,0,0,1,1,1,1,0,0
"476",1,1,1,1,1,1,1,1,1,1,1,1,1,1,1
"480",0,0,0,0,0,0,0,0,0,0,0,0,0,0,0
"483",1,1,1,1,1,1,1,1,1,1,1,1,1,1,1
"23439",1,0,0,0,0,1,1,1,1,1,1,0,0,0,1
"477",0,0,0,0,0,0,0,0,0,0,0,0,0,0,0
"481",1,1,0,0,1,1,0,0,1,1,0,0,1,1,1
"478",0,0,1,1,1,0,1,0,0,1,1,1,0,1,0
"6549",0,0,1,1,1,0,0,0,1,0,1,0,1,1,0
"6550",0,1,1,0,0,1,1,0,0,0,0,1,0,1,0
"6548",1,1,0,0,1,0,1,0,1,0,1,1,0,0,0
"84735",0,1,1,1,0,0,1,1,0,1,1,0,1,0,1
"55748",1,1,1,1,1,1,1,1,1,1,1,1,1,1,1
"6559",0,0,0,0,0,0,0,0,0,0,0,0,0,0,0
"57419",0,0,0,0,0,1,0,0,0,0,1,0,0,0,1
"123041",0,0,0,0,0,0,0,0,0,0,0,0,0,0,0
"9187",0,0,0,1,0,0,0,1,1,1,0,1,0,0,1
"25769",0,0,0,0,0,0,0,0,0,0,0,0,0,0,0
"124583",1,1,1,1,1,1,1,1,1,1,1,1,1,1,1
"79077",1,1,1,1,1,1,1,1,1,1,1,1,1,1,1
"9583",1,1,1,1,1,1,1,1,1,1,1,1,1,1,1
"1841",1,1,1,1,1,1,1,1,1,1,1,1,1,1,1
"4832",0,0,1,1,0,0,1,0,0,0,1,1,0,0,0
"4830",1,1,1,0,1,1,1,0,0,1,1,0,1,1,0
"29922",0,0,1,1,1,0,1,0,0,0,0,0,1,1,1
"10201",1,0,1,0,1,1,1,0,1,1,0,0,0,0,1
"4831",0,0,0,0,0,0,0,0,0,0,0,0,0,0,0
"4833",1,1,1,0,0,0,1,0,0,1,1,1,1,0,0
"57127",0,0,0,0,0,0,0,0,0,0,0,0,0,0,0
"6005",0,0,0,0,0,0,0,0,0,0,0,0,0,0,0
"6557",0,0,0,0,0,0,1,0,0,0,0,0,0,0,0
"6558",1,0,0,0,1,0,1,0,1,0,0,0,0,1,1
"349565",1,0,1,0,0,0,1,0,0,1,0,0,1,0,0
"64802",0,0,0,1,1,0,1,1,0,1,0,1,0,1,1
"23057",0,0,0,0,0,0,0,0,0,0,0,0,0,0,0
"10135",1,1,1,1,1,1,1,1,1,1,1,1,1,1,1
"4837",0,0,1,0,0,0,0,1,1,1,0,0,1,0,0
"5409",0,1,0,0,0,1,1,0,1,0,0,0,0,0,1
"4843",0,0,0,1,0,0,0,0,0,0,0,1,0,1,0
"4846",0,1,1,1,0,0,1,1,1,0,1,1,0,0,0
"4842",0,0,0,0,0,0,0,0,0,0,0,0,0,0,0
"4860",1,1,1,1,1,1,1,1,1,1,1,1,1,1,1
"6580",1,1,0,0,0,0,0,1,0,0,1,1,0,1,0
"55808",0,1,1,1,0,0,0,1,1,0,1,1,1,0,0
"30833",1,1,1,1,1,1,1,1,1,1,1,1,1,1,1
"5251",1,1,0,0,0,0,1,0,0,0,0,0,0,1,1
"56953",1,0,0,1,0,1,0,0,0,1,1,0,0,0,0
"4907",1,1,0,0,1,0,1,0,0,1,0,0,0,1,1
"6476",0,0,0,0,0,0,0,0,0,0,0,0,0,0,0
"5009",0,0,0,1,0,0,0,1,0,0,1,0,0,0,0
"5019",1,1,1,1,1,1,1,1,1,1,1,1,1,1,1
"64064",0,1,0,1,0,1,1,0,0,0,0,0,1,1,1
"1629",1,0,1,1,1,0,0,1,1,1,0,1,0,0,1
"594",0,0,0,1,1,0,1,0,0,1,0,1,0,0,1
"593",0,0,1,1,1,0,1,0,0,1,1,1,0,0,1
"26873",0,1,1,1,0,0,0,0,0,0,1,1,0,0,1
"4942",1,1,1,1,1,1,1,1,1,1,1,1,1,1,1
"7372",1,1,1,0,1,1,0,0,1,1,0,1,0,1,0
"10861",0,0,0,1,0,1,1,0,1,0,0,1,1,0,0
"1811",0,0,0,0,0,0,0,0,0,1,0,0,0,0,0
"1836",1,0,1,0,1,0,1,0,1,0,0,0,0,1,1
"1583",0,0,1,1,1,0,0,0,0,0,0,0,0,0,1
"1584",0,0,0,0,0,0,0,0,0,0,0,0,0,0,0
"1585",0,0,0,0,0,0,0,0,0,0,0,0,0,0,0
"1586",0,0,0,0,0,0,0,0,0,1,0,0,0,0,0
"1588",0,0,0,0,0,0,0,0,0,0,0,0,0,0,0
"1576",0,0,0,0,0,0,1,0,0,0,1,0,0,0,0
"1593",0,1,0,0,0,1,0,1,1,0,1,1,0,0,0
"1548",0,0,0,0,0,0,0,0,0,1,0,0,0,0,0
"1553",0,0,0,0,0,0,0,0,0,0,0,0,0,0,0
"1562",0,0,1,1,0,0,1,0,0,0,1,1,0,0,1
"1558",0,0,1,1,0,1,0,1,0,0,0,0,0,0,1
"1559",0,0,0,0,0,0,0,0,0,0,0,0,0,0,0
"1565",1,0,1,1,0,0,1,0,1,0,1,1,0,0,0
"1572",0,0,0,0,0,0,1,0,0,0,0,0,0,0,0
"51302",0,0,0,0,0,0,0,0,0,0,0,0,0,0,0
"64816",1,0,0,0,0,0,1,0,0,0,0,0,0,0,1
"1577",1,1,1,1,1,1,1,1,0,0,0,0,0,0,0
"1551",0,0,0,0,0,0,1,0,0,0,0,0,0,0,0
"10858",0,1,0,0,0,1,0,0,1,0,0,0,0,0,0
"66002",0,1,0,0,1,0,1,0,0,1,0,0,0,0,1
"8529",0,0,0,0,0,0,0,0,0,0,0,0,0,0,0
"4051",0,0,0,0,0,0,0,0,0,0,0,0,0,0,0
"9420",0,0,0,0,0,0,0,0,0,0,0,0,0,0,0
"1582",0,0,0,0,0,0,0,0,0,0,0,0,0,0,0
"5831",1,1,1,0,1,1,0,0,1,1,1,1,1,0,0
"5050",1,1,1,1,1,1,1,1,1,1,1,1,1,1,1
"5051",1,1,0,1,0,1,0,1,1,1,1,1,0,0,1
"5049",1,1,1,1,1,1,1,1,1,1,1,1,1,1,1
"5048",1,1,1,1,1,1,1,1,1,1,1,1,1,1,1
"7941",0,1,0,0,0,1,0,0,1,0,0,1,0,0,1
"347734",1,1,1,1,1,1,1,1,1,1,1,1,1,1,1
"57194",1,1,0,0,0,1,1,1,0,0,1,1,0,0,1
"5337",0,1,1,0,0,1,0,1,1,0,1,0,0,1,1
"5338",0,0,1,1,1,0,1,1,0,0,1,1,0,0,0
"130013",0,0,0,0,0,0,1,0,0,1,0,0,0,0,0
"5091",0,1,1,0,1,0,1,1,0,0,1,1,0,0,0
"5244",0,0,1,0,0,0,1,0,0,0,0,0,0,0,1
"5136",0,0,0,0,0,0,0,0,0,0,0,0,0,0,0
"5142",1,0,1,0,1,0,1,0,0,0,0,1,1,0,1
"5137",0,0,0,0,0,0,0,0,0,0,0,0,0,0,0
"5151",0,0,1,1,0,0,1,0,1,0,0,1,0,0,1
"50940",0,0,0,0,0,0,0,0,0,0,0,0,0,0,0
"5139",0,0,0,0,0,0,0,0,0,0,0,0,0,0,0
"5140",0,0,0,1,0,0,1,0,1,0,0,1,0,1,1
"27115",1,1,0,1,0,0,0,1,1,0,0,1,0,0,1
"5144",0,0,1,1,0,0,1,0,0,0,0,0,0,1,1
"5153",1,1,0,0,0,1,1,1,0,0,1,1,1,0,0
"5150",1,0,1,1,1,0,0,1,1,1,0,1,1,1,1
"5138",1,1,1,0,0,0,0,1,0,1,1,1,0,1,0
"8622",0,0,0,0,0,0,0,1,0,0,0,0,0,0,0
"5141",0,0,1,1,0,0,0,0,1,1,0,1,1,0,0
"5143",0,0,0,0,0,0,0,0,0,0,0,0,0,0,0
"10846",0,0,0,0,0,0,0,0,0,0,0,0,0,0,0
"5152",0,0,0,1,1,0,0,1,1,0,1,1,1,0,0
"5148",0,0,1,1,1,0,0,1,0,0,1,0,1,0,0
"8654",0,1,1,1,0,0,0,0,1,1,1,0,0,1,1
"5145",0,0,0,0,0,0,0,0,0,0,0,0,0,0,0
"5147",0,1,1,1,1,1,1,0,1,1,1,1,1,1,0
"5146",1,1,1,1,1,1,1,0,1,0,1,1,1,1,1
"5158",0,1,1,1,0,0,1,0,0,1,1,1,1,0,0
"5149",1,0,0,1,0,0,0,0,0,0,1,1,0,0,0
"1737",1,1,1,0,1,1,1,1,1,1,1,1,1,1,1
"5162",1,1,1,1,1,1,1,1,1,1,1,1,1,1,1
"5160",1,1,1,1,1,1,1,1,1,1,1,1,1,1,1
"5161",0,0,0,0,0,0,0,0,0,0,0,0,0,0,0
"55163",1,1,0,0,1,1,0,0,1,1,1,1,1,0,0
"10396",1,0,1,1,0,0,1,1,0,0,0,0,0,1,1
"5105",0,0,0,0,0,0,0,0,0,0,0,0,0,0,0
"5106",1,1,1,1,1,1,1,1,1,1,1,1,1,1,1
"8310",0,0,1,1,0,1,1,1,0,0,1,1,0,0,0
"5833",0,0,1,1,1,0,1,0,1,0,1,1,1,0,0
"10400",1,1,0,0,1,1,0,1,0,1,1,1,0,0,0
"26227",1,1,0,0,1,1,0,0,1,1,1,1,1,0,0
"5730",1,1,1,1,1,1,1,1,0,1,0,0,0,0,0
"27306",1,0,0,0,0,1,0,0,1,0,0,0,1,0,0
"9536",0,0,1,1,0,1,1,1,1,1,1,1,0,0,0
"80142",1,1,1,0,1,1,1,0,1,1,1,1,0,0,0
"5740",0,0,0,0,0,0,0,0,0,0,0,0,0,0,0
"114971",1,1,0,0,0,1,1,1,0,0,1,0,1,1,0
"9489",1,1,1,1,1,1,1,1,1,1,1,1,1,1,1
"5743",0,0,0,0,0,1,0,0,0,1,0,1,0,0,1
"5742",1,0,0,1,0,1,1,0,0,0,0,1,1,0,1
"6898",0,0,0,0,0,0,0,0,0,0,0,0,0,0,0
"5053",0,0,0,0,0,0,0,0,0,0,0,0,0,0,0
"5264",0,0,0,1,1,1,0,1,0,1,0,0,1,1,1
"5728",1,0,1,1,0,0,0,1,1,0,0,0,1,1,1
"8871",1,1,0,0,0,0,1,1,1,0,0,0,0,1,1
"8395",1,1,0,0,0,1,0,1,1,0,0,1,1,0,1
"8394",1,1,1,1,1,1,1,1,1,1,1,1,1,1,1
"23396",0,1,0,0,1,1,0,1,0,1,1,1,0,0,0
"5297",1,1,0,0,0,0,1,1,0,0,1,1,0,0,1
"55361",1,0,1,0,1,1,1,0,1,0,1,1,1,0,0
"5298",1,1,1,1,1,1,1,1,1,1,1,1,1,1,1
"5295",0,0,1,1,0,1,1,0,1,0,0,0,0,1,1
"23533",0,0,1,1,0,0,1,1,0,1,1,1,1,1,1
"5290",1,0,1,1,0,0,1,0,0,1,0,1,0,1,1
"5293",1,1,1,1,1,1,1,1,1,1,1,1,1,1,1
"5296",0,0,0,0,0,0,0,0,0,0,0,0,0,0,0
"8503",1,0,1,0,1,0,0,0,1,1,0,1,0,0,1
"5291",1,0,1,0,1,1,1,0,1,0,0,1,0,1,1
"5294",1,0,0,1,0,0,0,1,1,1,0,0,1,0,1
"10870",1,0,1,1,1,0,1,1,1,1,1,1,1,1,1
"4952",0,0,0,1,1,1,1,0,0,1,0,1,0,1,1
"23236",1,0,0,0,1,0,0,0,1,1,1,0,1,0,1
"5336",0,0,1,1,0,0,0,0,1,1,0,1,1,0,1
"5335",1,1,1,1,1,1,1,1,1,1,1,1,1,1,1
"5334",1,1,1,1,0,0,1,0,1,1,1,0,0,1,1
"5331",0,1,0,0,1,1,1,0,1,0,1,1,0,0,0
"257068",0,1,1,0,1,0,1,0,0,1,0,0,0,0,1
"84812",0,0,1,1,1,0,0,1,0,0,0,1,0,1,0
"5330",0,1,1,1,0,0,1,0,1,0,1,1,0,0,1
"23007",0,1,0,1,0,1,0,0,0,0,0,1,0,1,0
"51196",1,1,1,0,0,0,1,1,1,0,0,1,0,0,1
"5332",0,0,0,0,0,0,0,0,0,0,0,0,0,0,1
"113026",0,1,0,0,1,1,0,0,1,0,1,1,1,0,0
"5333",0,0,1,1,0,0,0,1,0,1,1,1,0,0,0
"89869",0,0,0,0,0,0,0,0,0,0,0,0,0,0,0
"5288",0,0,0,0,0,0,0,0,0,0,0,0,0,0,0
"5286",0,0,1,1,1,0,0,1,0,1,0,0,0,1,1
"5287",0,1,1,1,0,0,0,1,1,0,0,1,0,0,1
"200576",1,0,1,1,0,0,0,0,1,0,0,0,0,1,1
"5305",1,1,1,1,1,1,1,1,1,1,1,1,1,1,1
"79837",1,1,1,1,1,1,1,1,1,1,1,1,1,1,1
"5289",0,0,1,1,0,0,0,1,1,0,0,1,1,0,1
"5277",0,0,1,1,1,0,1,1,1,0,0,0,0,1,1
"51227",0,0,1,1,0,1,1,0,1,1,0,0,1,1,0
"8818",1,1,1,1,1,1,1,1,1,1,1,1,1,1,1
"9091",0,1,0,0,1,1,1,0,0,0,1,1,0,0,0
"5279",0,0,0,1,0,1,1,0,0,0,1,1,1,0,0
"5283",1,1,1,0,1,0,1,0,0,1,1,0,0,1,0
"123745",0,0,0,0,1,1,0,0,0,0,0,1,0,0,0
"8398",0,0,1,1,0,0,0,1,1,0,1,1,0,0,0
"64600",0,0,0,0,0,0,0,0,0,0,0,0,0,0,0
"81579",0,0,1,1,1,1,1,1,0,0,0,1,0,1,1
"100137049",0,1,0,1,0,0,0,1,1,0,1,1,0,1,1
"5322",0,0,0,0,0,0,0,0,0,0,0,0,0,0,0
"5320",0,0,0,0,0,0,0,0,0,0,0,0,1,0,1
"30814",0,0,0,0,0,0,0,0,0,0,0,0,0,0,0
"26279",0,0,1,1,0,0,0,0,0,0,1,1,0,0,0
"5319",0,1,0,1,0,0,0,0,0,0,0,1,0,0,1
"10654",1,1,1,1,1,1,1,1,1,1,1,1,1,1,1
"117283",0,0,0,0,0,0,0,0,0,0,0,0,0,0,0
"9807",1,1,1,0,1,1,1,0,1,1,1,1,1,1,1
"51447",1,1,1,1,1,1,1,1,1,1,1,1,1,1,1
"8876",0,0,0,0,0,0,0,0,0,0,0,0,0,0,0
"8875",0,0,1,1,0,0,0,1,1,1,0,1,1,0,0
"55350",0,1,1,1,0,1,0,0,0,1,0,1,1,0,0
"27068",1,1,1,1,1,1,1,1,1,1,1,1,1,1,1
"8613",0,1,0,0,0,1,0,0,0,0,1,0,0,1,1
"8611",1,0,0,1,1,1,1,0,1,0,1,0,1,0,0
"8612",0,0,1,0,0,1,1,0,1,0,0,1,0,0,1
"5498",0,1,0,1,0,1,0,0,0,1,1,1,1,1,0
"8288",0,0,0,0,0,1,1,0,1,0,1,0,0,0,1
"9588",1,1,1,1,1,1,1,1,1,1,1,1,1,1,1
"4353",0,0,0,0,0,0,0,0,0,0,0,0,0,0,0
"5625",0,0,0,0,0,0,0,0,0,0,0,0,0,0,0
"6578",0,0,0,0,0,0,0,0,0,0,0,0,0,0,0
"23761",1,1,1,0,1,1,1,1,1,1,1,1,1,1,1
"9791",1,1,1,1,1,1,1,1,1,1,1,1,1,1,1
"81490",1,1,0,0,0,1,0,0,1,1,1,1,0,0,0
"10005",0,1,0,1,0,0,0,1,1,0,1,1,0,0,0
"10965",0,1,0,0,1,1,0,1,1,1,1,0,1,1,0
"122970",0,1,1,0,0,1,1,0,0,0,1,0,1,0,0
"5805",1,1,0,0,1,1,1,0,0,1,0,1,1,1,0
"6303",1,1,1,1,1,1,1,1,1,1,1,1,1,1,1
"112483",0,1,1,1,1,1,1,0,1,0,1,1,1,1,1
"8566",1,1,0,0,1,1,1,0,1,0,1,1,0,0,1
"151531",0,0,0,0,0,0,1,0,0,0,0,0,1,0,0
"7378",1,1,0,0,0,1,1,0,0,1,1,1,0,0,0
"2944",1,1,0,1,0,1,1,1,1,0,0,1,1,0,0
"64080",0,1,1,0,0,0,1,0,0,0,0,1,0,1,0
"5959",1,0,0,1,0,0,1,1,0,0,0,0,0,0,1
"8608",1,1,0,1,0,0,0,0,0,1,1,1,0,0,1
"112724",1,1,0,0,1,0,0,1,0,1,1,0,0,1,0
"157506",1,1,0,0,0,1,0,1,0,1,0,0,0,1,1
"51109",1,1,1,1,1,1,1,1,1,1,1,1,1,1,1
"57665",0,0,1,0,1,0,1,0,1,1,0,0,1,1,0
"195814",0,0,0,0,0,0,1,0,0,0,0,0,0,0,0
"145226",0,0,0,0,0,0,0,0,0,0,0,0,0,0,0
"50700",1,1,1,1,1,1,1,1,1,1,1,1,0,0,0
"8228",0,1,0,1,0,1,0,1,1,1,1,1,1,0,0
"113278",0,0,0,0,0,0,0,0,0,0,0,0,0,0,0
"54981",0,0,1,1,0,0,1,0,0,1,1,1,1,1,0
"6482",1,1,1,1,0,0,1,1,1,0,1,1,1,1,1
"6484",1,1,0,0,0,1,0,0,1,1,1,0,1,0,0
"6483",0,1,0,1,0,0,0,1,0,0,1,1,1,0,1
"10090",0,1,1,1,1,0,1,0,1,0,0,0,0,1,1
"9653",1,0,1,1,1,0,1,1,0,1,0,0,0,1,1
"3423",0,1,0,0,0,1,0,1,0,0,1,1,0,0,1
"222537",0,0,0,0,0,0,0,0,0,0,0,0,0,0,0
"9957",1,0,0,0,0,0,0,0,0,0,0,0,0,0,0
"9951",0,0,0,0,0,0,0,0,0,0,0,0,0,0,0
"9956",0,1,0,0,0,1,0,0,0,0,0,0,0,0,0
"9955",0,1,0,0,0,0,0,0,1,0,0,0,0,0,0
"9953",1,0,1,1,0,0,0,0,1,1,0,0,1,1,1
"55501",0,1,1,1,0,1,1,0,1,1,1,1,0,0,0
"113189",0,1,1,0,0,1,0,0,1,0,1,1,0,0,0
"50515",1,0,1,0,1,0,0,0,0,1,1,1,1,0,0
"166012",1,0,0,0,0,0,0,0,0,0,0,0,0,0,0
"411",1,1,0,0,1,1,1,0,1,0,0,1,0,0,1
"23563",0,0,0,0,0,0,0,0,0,0,0,0,0,0,0
"4166",0,0,0,0,0,0,0,0,0,0,0,0,0,0,0
"10164",1,0,0,0,0,0,1,0,0,1,0,0,0,0,0
"9435",0,0,1,1,0,0,1,0,0,1,0,1,1,0,1
"8534",1,0,0,0,0,1,1,1,1,1,0,1,0,0,1
"9469",1,1,0,0,1,1,1,1,1,1,0,1,0,0,1
"56548",0,0,0,0,1,1,1,0,1,0,0,0,1,0,1
"266722",0,0,0,0,0,0,0,0,0,0,0,0,0,0,0
"9394",1,1,0,0,0,1,0,1,1,0,1,1,0,0,1
"90161",1,0,0,0,1,0,0,0,0,0,1,1,0,0,1
"2799",1,1,1,1,1,1,1,1,1,1,1,1,1,1,1
"10157",0,0,1,1,0,0,0,1,1,0,0,0,1,0,1
"118881",0,1,1,0,1,1,1,0,1,0,1,1,0,0,0
"3176",0,0,0,0,0,0,0,0,0,0,0,0,0,0,0
"1757",0,0,1,1,0,0,1,0,1,1,1,1,0,0,0
"81537",0,0,1,1,1,0,1,0,1,0,0,0,0,1,1
"6652",1,0,1,0,1,1,0,0,1,0,1,1,0,0,0
"6342",1,1,1,1,1,1,1,1,1,1,1,1,1,1,1
"9056",0,1,0,1,0,1,0,1,0,1,0,0,1,0,1
"55304",0,0,1,1,0,0,0,1,1,0,0,1,0,1,0
"9517",1,0,1,1,1,0,0,1,1,1,0,1,0,0,1
"10558",1,0,1,0,1,1,0,0,1,1,0,1,1,1,1
"2098",1,1,1,1,1,1,1,1,1,1,1,1,1,1,1
"8879",1,1,0,0,1,1,0,0,1,1,1,0,0,0,1
"8869",0,0,1,1,0,0,1,0,0,1,0,0,1,1,1
"56848",0,1,0,0,1,1,1,1,0,0,1,1,0,0,1
"8877",1,1,0,0,1,1,0,0,1,0,1,1,1,0,0
"130752",0,0,1,1,0,0,0,0,0,0,1,0,0,1,0
"339221",0,0,0,1,0,0,0,0,1,0,0,0,0,0,0
"55627",1,1,1,0,1,1,1,1,1,1,1,1,1,1,1
"55512",1,0,1,0,0,0,1,0,0,1,1,1,0,0,0
"6609",0,1,1,1,0,0,0,1,0,1,1,1,1,0,0
"6610",1,1,1,0,1,0,1,0,1,0,1,1,0,0,0
"259230",0,0,1,0,1,1,0,1,0,1,0,0,0,1,1
"116369",0,0,0,0,0,1,0,0,1,1,0,0,0,0,0
"115111",0,1,0,0,1,0,0,0,0,1,0,0,0,0,0
"115019",0,0,0,0,0,0,0,0,0,0,0,0,0,0,0
"284129",0,1,0,1,0,1,0,1,1,0,1,1,0,0,0
"26266",0,0,0,0,0,0,0,0,1,1,0,0,0,0,0
"6646",1,1,1,1,1,1,1,1,1,1,1,1,1,1,1
"6649",0,0,0,0,0,0,0,0,0,0,0,0,0,0,0
"6648",1,0,1,0,1,0,1,1,1,0,0,0,0,1,1
"6647",1,1,1,1,1,1,1,1,1,1,1,1,1,1,1
"6697",1,1,0,0,1,1,0,1,0,0,1,1,1,0,0
"6723",1,1,1,0,1,1,1,0,1,1,1,1,1,1,1
"6611",1,1,1,1,1,1,1,1,1,1,1,1,1,1,1
"6713",1,1,1,1,1,1,1,1,1,1,1,1,1,1,1
"2222",1,1,1,1,1,1,1,1,1,1,1,1,1,1,1
"6715",1,0,1,0,1,0,0,1,0,1,0,0,0,1,1
"6716",0,0,0,0,0,1,0,0,0,0,0,0,0,0,0
"15",0,1,1,0,0,0,1,0,0,0,0,0,1,0,0
"6532",0,0,0,0,1,1,0,1,0,0,1,0,1,1,0
"6487",0,1,1,1,1,0,1,0,0,1,0,1,0,0,1
"10402",0,0,0,0,0,1,1,1,0,0,0,0,0,1,1
"10610",1,1,1,1,1,1,0,1,1,0,0,0,1,0,1
"81849",0,0,0,0,0,0,0,0,0,0,0,0,0,0,0
"256435",1,0,1,1,1,0,0,0,0,1,0,1,0,0,1
"30815",1,0,1,0,0,1,1,1,0,0,0,1,0,0,1
"6489",1,0,1,0,0,0,0,1,1,0,0,0,1,1,0
"29906",0,0,0,0,0,0,0,0,0,0,0,0,0,0,0
"412",1,1,1,0,1,1,1,0,1,1,1,0,0,0,1
"6391",0,0,1,0,0,1,1,0,1,1,0,1,0,0,1
"6390",1,1,1,1,1,1,1,1,1,1,1,1,1,1,1
"6392",1,0,1,1,1,1,1,1,1,1,1,1,1,1,1
"6389",0,1,1,1,1,0,0,0,1,1,1,1,1,0,0
"6821",0,0,0,1,0,1,0,1,0,1,0,1,1,1,0
"6533",1,1,1,1,1,1,1,1,1,1,1,1,1,1,1
"5092",1,1,1,0,1,1,1,1,0,0,1,0,1,0,0
"23530",1,1,1,1,1,1,0,1,1,1,1,1,1,1,1
"79178",1,1,0,1,0,0,0,1,1,0,0,1,0,0,1
"6567",1,1,0,0,0,0,0,0,0,1,0,1,1,1,0
"1890",1,0,1,1,1,0,1,0,1,0,1,1,1,1,1
"55217",1,0,0,1,1,0,1,0,1,0,1,1,1,0,1
"7296",1,1,1,1,1,1,1,1,1,1,1,1,1,1,1
"11181",0,0,0,0,0,0,0,0,0,0,0,0,0,0,0
"80162",1,1,1,1,1,1,1,1,1,1,1,1,1,1,1
"7166",0,0,1,0,0,1,1,0,0,1,0,1,0,1,1
"121278",0,0,0,0,0,0,0,0,0,0,0,0,0,0,0
"169355",0,0,0,0,0,0,0,0,0,0,0,0,0,0,0
"6999",0,0,0,0,0,0,0,0,0,0,0,0,0,0,0
"6561",0,0,0,0,0,0,0,0,0,0,0,0,0,0,0
"6916",1,0,1,0,0,1,0,1,0,0,1,1,1,0,0
"7054",0,0,0,0,0,0,0,0,0,0,0,0,0,0,0
"7306",0,0,0,0,0,0,0,0,0,0,0,0,0,0,0
"10020",0,0,1,1,1,0,0,0,1,1,0,1,0,1,1
"29880",1,1,1,0,1,1,1,1,1,1,1,1,1,1,1
"7355",1,1,0,0,1,1,0,1,1,0,1,1,1,0,0
"7358",1,1,1,0,1,1,0,1,1,1,1,1,1,1,1
"23169",1,1,0,0,1,1,1,0,1,0,0,1,0,1,1
"80146",1,1,1,1,1,1,0,1,1,1,1,1,1,1,1
"5168",1,0,1,1,0,0,1,0,1,0,0,1,1,0,1
"84912",1,0,0,0,1,1,0,1,0,1,0,1,0,1,1
"3906",0,0,0,0,0,0,0,0,0,0,0,0,0,0,0
"7357",1,0,1,0,1,0,1,1,1,0,0,0,0,1,1
"11046",0,1,1,1,0,0,0,0,1,0,0,1,1,0,1
"54576",0,0,0,0,0,0,0,0,0,0,0,0,0,0,0
"54575",0,0,0,0,0,0,0,0,0,0,0,0,0,0,0
"54657",0,0,0,0,0,0,0,0,0,0,0,0,0,0,0
"54659",0,0,0,0,0,0,0,0,0,0,0,0,0,0,0
"54658",0,0,0,0,0,0,0,0,0,0,0,0,0,0,0
"54577",0,0,0,0,0,0,0,0,0,0,0,0,0,0,0
"54600",0,0,0,0,0,0,0,0,0,0,0,0,0,0,0
"54579",0,0,0,0,0,0,0,0,0,0,0,0,0,0,0
"54578",0,0,0,0,0,0,0,0,0,0,0,0,0,0,0
"7364",0,0,0,0,0,0,0,0,0,0,0,0,0,0,0
"54490",0,0,0,0,0,0,0,0,0,0,0,0,0,0,0
"7367",0,0,0,0,0,0,0,0,0,0,0,0,0,0,0
"7365",0,0,0,0,0,0,0,0,0,0,0,0,0,0,0
"10720",0,0,0,0,0,0,0,0,0,0,0,0,0,0,0
"7363",0,0,0,0,0,0,0,0,0,0,0,0,0,0,0
"54963",1,1,1,1,1,1,1,1,1,1,1,1,1,1,1
"7498",0,0,0,0,0,0,0,0,0,1,0,0,0,1,0
"9942",0,1,0,0,0,1,0,0,1,1,1,1,0,0,1
"64132",1,1,0,1,0,0,1,0,1,0,1,1,0,0,0
"64131",0,1,0,1,0,1,0,1,0,0,1,0,0,0,1
"51181",1,1,1,1,1,1,1,1,1,1,1,1,1,1,1
"64077",0,1,0,1,0,0,1,0,0,0,1,1,1,0,0
"5464",1,1,1,1,1,1,1,1,1,1,1,1,1,1,1
"10724",1,1,1,1,1,1,1,1,1,1,1,1,1,1,1
"94033",0,0,0,0,0,0,0,0,0,0,0,0,0,0,0
"2495",1,1,1,1,1,1,1,1,1,1,1,1,1,1,1
"1356",0,0,0,0,0,0,0,1,0,0,0,0,0,0,0
"2512",1,1,1,1,1,1,1,1,1,1,1,1,1,1,1
"1727",1,1,1,1,1,1,1,1,1,1,1,1,1,1,1
"51706",0,1,0,0,0,1,1,1,0,1,1,1,0,1,0
"51700",1,1,0,0,1,0,1,0,0,0,1,1,1,1,0
"10587",0,1,0,0,0,1,1,0,1,1,1,1,0,0,0
"80347",1,1,1,1,1,1,1,1,1,1,1,1,1,1,1
"84618",1,0,0,1,0,0,0,0,0,0,1,0,0,0,0
"22978",1,1,1,1,1,1,1,1,0,1,1,1,1,1,1
"51251",1,1,1,1,1,1,1,1,1,1,1,1,1,1,1
"93034",1,1,1,1,1,1,1,1,1,0,1,1,1,1,1
"100526794",0,0,0,0,0,0,0,0,0,0,0,0,0,0,0
"353",1,1,1,1,1,1,1,1,1,1,1,1,1,1,1
"3251",1,1,1,1,1,1,1,1,1,1,1,1,1,1,1
"56954",1,1,0,0,1,1,0,1,0,0,1,1,1,1,0
"5313",0,0,0,0,0,1,0,0,0,0,0,1,0,0,0
"728441",1,0,0,0,0,0,0,0,0,0,0,0,0,0,0
"124975",0,0,0,0,0,0,0,0,0,0,0,0,0,0,0
"91227",0,0,0,1,1,0,0,0,0,1,0,0,0,0,0
"102724197",1,0,0,0,0,0,0,0,0,0,0,0,0,0,0
"92086",0,0,0,0,0,0,0,0,0,0,0,0,0,0,0
"2686",0,1,1,1,0,0,0,1,0,1,1,1,1,1,1
"5211",1,1,1,1,1,1,1,1,1,1,1,1,1,1,1
"1491",0,0,1,1,0,1,1,1,1,0,0,1,1,0,1
"2819",1,1,0,1,0,1,1,0,0,0,1,1,0,1,0
"29925",1,1,1,0,1,1,1,0,0,0,1,1,1,0,0
"29926",0,1,1,0,1,1,1,0,1,1,1,1,1,0,0
"102724560",1,0,1,0,0,0,1,0,1,0,0,1,1,0,1
"875",0,1,1,0,1,1,1,0,1,0,1,1,1,0,1
"249",0,0,0,0,0,0,0,0,0,0,0,0,0,0,0
"22934",1,1,1,1,1,1,1,1,1,1,1,1,1,1,1
"2766",1,0,1,1,0,1,0,1,0,1,1,0,1,1,0
"51292",1,1,1,1,1,1,1,1,1,1,1,1,1,1,1
"57571",0,0,1,1,0,0,1,0,1,0,1,0,0,0,1
"8833",1,1,1,1,1,1,1,1,1,1,1,1,1,1,1
"5538",1,1,1,1,1,1,1,1,1,1,1,1,1,1,1
"641371",0,1,0,0,1,0,0,0,1,1,1,1,0,1,0
"11332",1,1,1,0,1,1,1,1,1,0,1,1,1,1,1
"55825",0,0,1,1,0,0,1,0,0,1,1,1,1,0,0
"51102",0,1,0,0,1,1,0,0,1,1,1,1,1,0,0
"37",1,1,1,1,1,1,1,1,1,1,1,1,1,1,1
"33",0,0,0,0,0,0,0,0,0,0,0,0,0,0,0
"132158",0,1,0,1,0,0,0,1,0,1,1,1,0,0,0
"641649",0,0,1,1,0,0,1,0,0,0,1,1,1,0,0
"23475",1,0,1,1,0,0,0,0,0,1,1,1,1,1,0
"50484",0,0,1,0,1,1,0,1,1,0,0,0,0,1,1
"6240",1,1,1,1,1,1,1,1,1,1,1,1,1,1,1
"6241",1,1,1,0,1,1,1,1,1,1,1,1,1,1,1
"3156",1,1,1,1,1,1,1,1,1,1,1,1,1,1,1
"79966",1,0,0,0,1,0,1,0,0,1,0,1,0,1,1
"10588",0,1,1,1,1,0,1,1,0,1,0,0,0,1,1
"84890",0,0,1,0,1,1,1,1,0,1,0,0,0,1,1
"80025",0,1,0,1,1,0,1,0,1,1,0,1,1,1,0
"53354",1,0,1,1,1,0,0,1,1,0,1,0,0,0,1
"79646",1,0,1,1,1,0,0,0,1,0,0,0,0,1,1
"83594",1,1,0,1,1,1,0,1,0,1,0,0,0,1,1
"7263",1,1,0,0,1,0,1,0,1,0,1,1,0,0,1
"26275",1,0,0,0,1,0,1,0,1,1,0,0,0,1,1
"29920",1,1,1,1,1,1,1,1,1,1,1,1,1,1,1
"7389",1,1,1,1,1,1,1,1,1,1,1,1,1,1,1
"1595",0,0,1,0,1,1,0,0,0,1,1,1,0,0,1
"130367",1,0,1,1,0,0,0,0,1,0,1,1,0,0,1
"10478",1,0,1,0,1,1,1,0,1,1,1,1,1,1,0
"23443",1,0,1,1,1,0,0,1,1,0,0,0,0,1,1
"64240",0,0,0,0,0,0,0,1,0,0,0,0,0,0,0
"64241",0,0,0,0,0,0,0,0,0,0,0,0,0,0,0
"284111",0,0,0,0,0,0,0,0,0,0,0,0,0,0,0
"8435",0,0,0,1,0,0,0,1,0,1,1,1,0,0,0
"3988",1,1,1,1,1,1,1,1,1,1,1,1,1,1,1
"377677",0,0,0,0,1,1,0,0,1,1,0,0,0,1,1
"767",0,0,0,0,0,1,0,0,0,0,1,0,1,0,0
"765",0,1,1,0,1,0,0,1,1,0,1,0,1,0,0
"759",0,0,0,0,0,0,0,0,0,1,0,0,0,0,0
"760",1,1,0,0,0,1,1,1,0,1,0,0,1,1,0
"23632",1,1,1,1,1,1,0,1,0,1,0,0,0,0,0
"766",1,0,0,1,0,0,0,0,0,0,0,0,0,0,0
"771",1,1,0,0,0,0,0,0,0,0,0,1,0,1,1
"768",1,0,0,1,0,0,1,1,1,1,1,1,1,0,0
"762",0,0,0,0,0,0,0,0,0,0,0,0,0,0,0
"10057",0,1,0,1,0,0,0,1,1,0,1,0,0,1,1
"6556",0,0,0,0,0,1,0,0,1,1,1,0,0,1,0
"6568",0,0,0,1,0,0,1,1,0,0,1,1,1,1,1
"7779",1,1,1,0,1,0,0,1,1,1,0,0,0,1,1
"54020",0,1,1,1,0,0,1,1,1,0,1,1,0,0,0
"215",0,1,1,1,0,0,1,0,0,0,1,1,0,0,0
"5825",1,0,1,0,1,0,0,0,1,1,0,0,0,1,1
"641372",0,0,0,0,0,0,0,0,0,0,0,0,0,0,0
"9045",1,1,1,1,1,1,1,1,1,1,1,1,1,1,1
"4017",0,1,1,0,0,1,0,1,0,1,1,1,0,1,1
"84105",1,1,0,1,0,0,1,0,1,0,0,0,0,1,1
"25830",0,0,0,0,0,0,0,0,0,0,0,0,0,0,0
"84569",0,0,0,0,0,0,0,0,0,0,0,0,0,0,0
"4025",0,0,0,0,0,0,0,0,0,0,0,0,0,0,0
"54995",1,0,0,1,0,1,1,0,1,0,0,0,1,0,0
"93492",1,0,1,1,0,0,0,1,0,0,0,1,1,0,1
"1267",1,1,1,1,1,1,1,1,1,1,1,1,1,1,1
"10249",0,0,0,0,0,0,0,0,0,0,0,0,0,0,0
"1573",0,0,1,1,1,0,1,0,1,0,1,1,1,1,0
"1580",0,0,0,1,0,0,1,0,0,1,0,0,0,0,0
"199974",0,0,0,0,0,0,0,0,0,0,0,0,0,0,0
"260293",0,0,0,0,0,0,0,0,0,0,0,0,0,0,0
"1555",0,0,0,0,0,0,0,0,0,0,0,0,0,0,0
"1549",0,0,0,0,0,0,0,0,0,0,0,0,0,0,0
"57834",0,0,0,0,0,0,0,0,0,0,0,0,0,0,0
"29785",0,0,0,1,0,1,1,1,1,1,0,1,1,1,0
"1215",1,1,0,0,0,0,0,0,1,0,1,0,0,1,0
"1357",0,0,0,0,0,0,0,0,0,0,0,0,0,0,0
"93979",1,0,1,0,0,0,0,0,1,1,0,1,1,0,0
"57094",0,0,0,0,0,0,0,0,0,0,0,0,0,0,0
"1358",0,0,1,1,0,1,1,1,1,1,1,1,0,0,0
"7177",0,0,1,0,0,1,0,0,0,0,0,0,0,0,0
"64499",1,0,0,0,0,1,0,0,0,0,0,1,0,0,0
"23430",0,0,0,1,0,0,0,0,0,0,0,0,0,0,0
"1636",0,0,1,0,1,1,1,1,0,0,0,0,1,0,0
"9365",0,0,0,1,0,1,0,1,0,0,0,1,0,1,1
"9331",1,0,1,0,1,0,0,0,0,0,0,0,0,1,1
"7368",1,0,0,0,0,1,0,0,0,1,1,0,1,1,1
"5315",1,1,1,1,1,1,1,1,1,1,1,1,1,1,1
"1666",1,1,1,1,1,1,1,1,0,1,1,1,1,1,1
"874",0,0,1,1,0,1,1,0,0,1,1,1,1,0,0
"10901",0,1,0,0,0,1,1,0,0,1,1,1,0,0,0
"126410",1,0,0,1,0,0,0,1,0,1,0,1,1,0,0
"2053",0,0,1,1,0,0,0,1,0,0,1,1,1,0,0
"8897",1,1,0,1,0,0,1,0,1,0,0,1,0,0,1
"8898",1,0,0,0,1,1,1,0,1,1,0,1,0,1,1
"9152",0,0,0,0,0,0,0,0,0,0,0,0,0,0,0
"9497",1,0,1,0,1,0,0,1,1,0,0,0,0,1,1
"115584",0,1,0,1,1,1,0,1,0,0,1,1,0,1,0
"6575",1,1,0,0,1,1,0,1,1,0,0,1,0,0,1
"6574",1,1,1,1,1,1,1,1,1,1,1,1,1,1,1
"142680",0,0,0,0,0,0,0,0,0,0,0,0,0,0,0
"6534",0,0,0,0,0,0,0,0,0,0,0,0,0,0,0
"3293",0,0,0,0,0,0,0,0,0,0,0,0,0,0,0
"1622",1,1,1,1,1,1,1,1,1,1,1,1,1,1,1
"225",0,0,1,1,0,0,0,1,1,1,1,0,0,0,1
"28965",0,0,0,0,0,0,0,0,0,0,0,0,0,0,0
"23205",0,0,0,0,0,0,0,0,1,0,0,0,0,1,0
"26061",1,1,1,1,1,1,1,1,1,1,1,1,1,1,1
"54716",0,0,0,0,0,0,1,0,0,0,0,0,0,0,0
"6564",0,0,0,0,0,0,0,0,0,0,0,0,0,0,0
"113235",1,1,0,0,0,1,0,1,0,1,0,1,0,0,1
"1200",1,1,1,1,1,1,1,1,1,1,1,1,1,1,1
"2168",0,0,0,0,0,0,0,0,0,0,0,0,0,0,0
"51056",1,1,1,1,1,1,1,1,1,1,1,1,1,1,1
"9390",0,0,0,1,1,1,1,0,0,0,0,1,1,0,1
"5184",1,1,1,1,1,1,1,1,1,1,1,1,1,1,1
"4891",0,0,1,0,1,0,1,1,0,0,0,0,0,0,1
"30061",0,0,0,1,0,1,0,1,1,0,0,0,0,0,1
"248",0,0,0,0,0,0,0,0,0,0,0,0,0,0,0
"4524",0,1,1,1,0,0,0,0,1,1,1,1,0,0,1
"25796",1,1,1,1,1,1,1,0,1,1,1,1,1,0,0
"28982",1,0,1,0,1,0,0,0,1,1,0,0,0,1,1
"6120",1,0,1,1,1,0,0,1,1,1,0,1,1,1,1
"10864",0,0,0,0,0,0,0,0,0,0,0,0,0,0,0
"9376",0,0,0,0,0,0,0,0,0,0,0,0,0,0,0
"9356",0,0,0,0,0,0,0,0,0,0,0,0,0,0,0
"348932",0,0,0,0,0,0,0,0,0,0,0,0,0,0,0
"120103",1,0,1,1,1,0,0,0,0,1,0,0,0,1,1
"1080",0,0,1,0,0,0,0,0,0,0,0,0,0,0,0
"85320",1,0,0,1,0,1,1,0,1,0,0,1,0,1,1
"222962",0,1,0,1,0,0,0,1,0,1,1,0,1,0,1
"10351",0,0,0,0,0,0,0,0,0,0,0,0,0,0,0
"9429",1,1,1,0,0,1,1,0,1,1,0,1,1,1,1
"55867",0,0,0,0,0,0,0,0,0,0,0,0,0,0,0
"364",0,0,0,1,0,0,0,0,0,1,1,0,0,0,0
"89872",0,0,0,0,0,0,0,0,0,0,0,0,0,0,0
"360",1,1,1,1,1,1,1,1,1,1,1,1,1,1,1
"21",1,1,0,0,1,0,1,0,0,1,1,1,0,0,1
"24",0,0,0,0,0,0,0,0,0,0,0,0,0,0,0
"125206",0,0,0,1,0,0,0,0,0,1,0,0,0,0,0
"200010",0,0,0,0,0,0,1,0,0,0,0,0,0,0,0
"6524",0,0,0,1,0,1,1,0,1,1,0,1,1,0,0
"159963",0,0,0,0,0,0,0,0,0,0,0,0,0,0,0
"55065",0,0,1,1,0,1,0,0,1,1,0,1,1,0,0
"79581",1,1,1,0,1,1,1,0,1,0,1,1,0,0,0
"3767",1,0,1,1,0,0,1,0,0,0,1,1,0,0,1
"6833",0,0,0,0,0,0,0,0,0,0,0,0,0,0,0
"10060",0,0,0,0,0,0,0,0,0,0,0,0,0,0,0
"3764",0,0,0,0,0,0,0,0,0,0,0,0,0,0,0
"5947",0,0,0,0,0,0,0,0,0,0,0,0,0,0,0
"64220",0,0,0,0,0,0,0,0,0,0,0,0,0,0,0
"5950",0,0,0,0,0,0,0,0,0,0,0,0,0,0,0
"5948",0,0,0,0,0,0,0,0,0,0,0,0,0,0,0
"949",1,0,1,0,1,1,1,1,0,1,1,1,0,0,0
"29881",0,0,0,1,1,0,0,0,0,1,1,1,1,0,0
"2350",0,0,0,0,0,0,0,0,0,0,0,0,0,0,0
"3248",1,0,1,1,0,0,0,0,0,1,0,0,0,1,1
"166929",1,0,0,0,0,1,0,0,0,0,0,0,0,1,1
"56261",0,0,0,1,0,0,0,1,1,0,0,0,0,1,1
"3658",1,0,1,0,1,0,0,1,0,1,0,0,0,1,1
"203",1,0,1,0,0,0,1,1,0,0,1,1,1,0,0
"122481",0,0,1,1,0,0,0,0,0,1,1,0,0,0,1
"159",1,1,1,1,1,1,1,1,1,1,1,1,1,1,1
"122622",0,1,1,1,0,1,0,0,0,1,1,0,1,0,0
"11212",1,1,1,1,1,1,1,1,1,1,1,1,1,1,1
"383",0,0,0,0,0,0,0,1,1,1,0,0,1,0,0
"1371",0,0,1,0,1,1,1,0,0,1,0,1,0,1,1
"1503",1,1,1,0,1,1,1,1,1,1,1,1,1,1,1
"56474",0,0,1,1,0,0,1,0,1,1,0,0,0,1,1
"2987",1,1,1,1,1,1,1,1,1,1,1,1,1,1,1
"5860",1,1,1,0,1,0,1,0,0,1,1,1,0,1,0
"9453",0,0,1,1,1,0,1,1,0,1,0,1,1,1,0
"2027",0,1,0,1,0,1,0,0,1,1,1,1,1,0,0
"2026",1,1,1,1,1,1,1,1,1,1,1,1,1,1,1
"2023",1,1,1,1,1,1,1,1,1,1,1,1,1,1,1
"9843",0,0,0,0,0,0,0,0,0,0,0,0,0,0,0
"80308",1,1,1,1,1,1,1,1,1,1,1,1,1,1,1
"7360",1,1,1,1,1,1,1,1,1,1,1,1,1,1,1
"26330",0,0,0,0,0,0,0,0,0,0,0,0,0,0,0
"2597",1,1,1,1,1,1,1,1,1,1,1,1,1,1,1
"9945",0,1,0,0,1,1,1,0,0,1,0,1,1,0,0
"2673",1,1,1,0,1,1,1,1,1,1,0,1,1,1,1
"2752",1,1,1,1,1,1,1,1,1,1,1,1,1,1,1
"51557",1,0,0,1,0,1,1,0,0,1,1,1,1,0,1
"1800",0,1,0,0,0,0,0,0,0,0,0,0,1,0,0
"2762",1,1,1,0,1,0,1,0,1,1,0,1,1,0,0
"2643",1,1,1,1,1,1,1,1,1,1,1,1,1,1,1
"761",0,0,0,1,1,1,0,0,1,0,0,1,1,0,1
"359",0,0,0,0,0,0,0,0,0,0,0,0,0,0,0
"4284",0,0,0,0,0,0,0,0,0,0,0,0,0,0,0
"361",0,0,0,0,0,0,0,0,0,0,0,0,0,0,0
"358",0,1,1,1,0,0,1,1,0,0,1,0,1,0,1
"362",0,0,0,0,0,1,0,0,0,0,0,0,0,0,0
"3145",1,1,1,0,1,1,1,0,0,0,1,1,0,0,0
"586",1,0,1,0,1,0,0,0,1,1,0,0,0,1,1
"3614",1,1,1,1,1,1,1,1,1,1,1,1,1,1,1
"3615",1,1,1,1,1,1,1,1,1,1,1,1,1,1,1
"682",1,1,1,1,1,1,1,1,1,1,1,1,1,1,1
"4351",1,0,0,1,0,0,0,1,0,1,0,1,1,0,0
"441024",1,0,1,0,1,0,0,1,0,0,0,0,0,1,1
"100287639",0,0,0,0,0,0,0,0,0,0,0,0,0,0,0
"65220",1,1,1,0,1,1,1,0,1,0,1,1,0,0,1
"389015",0,0,0,0,0,0,0,0,0,0,0,0,0,0,0
"6553",0,0,0,1,1,0,1,0,0,1,1,1,0,0,0
"2821",1,1,1,1,1,1,1,1,1,1,1,1,1,1,1
"5230",1,1,1,1,1,1,1,1,1,1,1,1,1,1,1
"5232",0,0,0,0,0,0,0,0,0,0,0,0,0,0,0
"375056",0,1,1,1,1,1,0,1,1,1,1,1,1,1,1
"5236",1,1,1,1,1,1,1,1,1,1,1,1,1,1,1
"55276",1,1,1,1,1,1,1,1,1,1,1,1,1,1,1
"5373",1,1,0,0,1,1,1,0,1,0,0,1,0,0,1
"5372",0,1,0,1,0,1,1,0,0,1,1,1,1,0,0
"210",0,0,0,1,0,1,0,0,1,0,1,1,0,1,0
"60490",1,1,0,0,1,1,1,0,1,1,1,1,0,0,1
"79717",1,1,1,1,1,1,1,1,1,1,1,1,1,1,1
"58510",0,0,0,0,0,0,0,0,0,0,0,0,0,0,0
"153201",0,0,0,0,0,0,0,0,0,0,0,0,0,0,0
"5634",1,1,1,1,1,1,1,1,1,1,1,1,1,1,1
"5631",1,1,1,1,1,1,1,1,1,1,1,1,1,1,1
"221823",0,0,0,0,0,0,0,0,0,0,0,0,0,1,0
"29968",1,1,1,1,1,1,1,1,1,1,1,1,1,1,1
"5723",1,1,1,0,0,1,1,0,1,0,1,0,1,0,1
"55312",1,0,1,0,1,0,0,1,1,1,0,0,0,1,1
"6888",1,1,1,1,1,1,1,1,1,1,1,1,1,1,1
"79896",1,0,1,1,0,1,0,1,1,0,0,1,0,0,1
"84076",0,0,0,0,0,0,0,0,0,0,0,0,0,0,0
"7086",1,1,1,1,1,1,1,1,1,1,1,1,1,1,1
"8277",0,0,1,1,0,0,0,0,1,1,1,0,0,0,0
"27010",0,0,1,1,1,1,0,0,1,1,0,1,1,1,1
"7167",1,1,1,1,1,1,1,1,1,1,1,1,1,1,1
"286016",1,1,0,1,0,1,0,0,0,1,1,1,0,0,1
"2582",1,1,1,0,1,1,1,0,0,1,1,1,0,0,0
"6675",1,1,1,0,1,1,1,0,1,1,1,1,1,1,1
"91373",0,1,1,1,0,0,1,0,1,0,1,1,1,0,0
"7390",1,1,0,0,0,1,1,0,0,0,1,1,0,1,0
"8170",1,1,0,0,0,1,0,1,0,0,1,1,1,0,0
"6563",1,0,1,0,0,0,0,1,1,1,0,0,1,1,0
"374569",0,0,0,0,0,0,0,0,0,0,0,0,0,0,0
"100507855",1,0,0,1,0,0,0,0,0,1,0,0,0,1,1
"55191",0,0,0,1,0,0,1,1,0,0,1,1,0,0,0
"132",1,1,1,1,1,1,1,1,1,1,1,1,1,1,1
"97",1,1,1,1,1,0,1,1,1,1,1,1,1,1,1
"98",0,1,1,1,0,1,0,0,1,1,0,0,1,0,0
"112611",0,0,1,1,0,0,1,0,1,0,0,0,1,1,1
"51005",0,1,1,1,0,0,0,0,1,1,1,1,0,0,0
"471",1,1,1,1,1,1,1,1,1,1,1,1,1,1,1
"435",1,1,1,0,0,0,0,0,0,1,0,1,0,0,1
"171425",0,0,1,1,0,1,1,0,0,1,0,0,1,0,0
"10007",1,1,1,1,1,1,1,1,1,1,1,1,1,1,1
"132789",1,0,1,0,1,0,0,1,1,0,0,0,0,1,1
"2584",0,0,1,1,0,1,1,1,0,1,1,1,0,0,0
"2585",0,1,1,1,1,0,1,1,1,0,1,0,1,0,1
"2592",1,1,1,1,1,1,1,1,1,0,1,1,1,1,1
"5471",1,0,1,0,1,1,1,1,1,0,0,0,0,1,1
"84264",0,1,0,0,0,0,1,0,0,1,1,1,0,0,0
"3034",1,0,1,0,1,1,1,1,0,0,0,1,0,1,1
"144193",1,0,1,1,0,0,0,1,1,0,1,1,0,1,0
"2739",1,1,1,1,1,1,1,1,1,1,1,1,1,1,1
"3613",0,1,1,0,0,1,0,0,0,1,1,1,0,0,0
"3612",1,0,1,1,1,0,0,1,1,1,0,1,0,1,1
"8776",1,0,1,1,1,1,0,1,1,1,1,1,0,1,1
"2978",0,0,0,0,0,0,0,0,0,0,0,0,0,0,0
"4953",1,1,1,1,1,1,1,1,1,1,1,1,1,1,1
"5214",1,1,1,1,1,1,1,1,1,1,1,1,1,1,1
"5213",1,0,1,0,1,0,1,0,0,0,1,1,0,0,1
"6569",0,1,1,1,0,0,0,0,1,1,1,1,0,0,0
"10050",0,0,0,0,0,0,0,0,0,0,0,0,0,0,0
"10568",0,0,0,0,0,0,0,0,0,0,0,0,0,0,0
"10786",0,0,1,0,1,0,1,1,0,0,1,1,0,0,0
"10246",1,0,0,0,0,1,0,0,0,0,1,1,0,1,0
"5198",1,1,1,0,1,1,1,0,1,1,1,1,0,0,1
"113675",0,0,0,1,0,1,0,0,0,0,0,1,0,1,1
"7298",1,1,1,1,1,1,1,1,1,1,1,1,1,1,1
"131669",0,0,0,0,0,0,0,0,0,0,0,0,0,0,0
"5973",0,1,1,1,0,0,0,1,0,1,1,1,0,0,0
"1635",1,1,1,1,1,1,1,1,1,1,1,1,1,1,1
"286297",0,0,0,0,0,0,0,0,0,0,0,0,0,0,0
"10560",1,0,1,0,1,0,0,1,1,0,0,1,0,1,1
"191",1,1,1,1,1,1,1,1,1,1,1,1,1,1,1
"10768",1,1,1,1,1,1,1,1,1,1,1,1,1,1,1
"25874",1,1,1,1,1,1,1,1,1,1,1,1,1,1,1
"51660",1,1,1,1,1,1,1,1,1,1,1,1,1,1,1
"57198",1,1,1,1,1,1,1,1,1,1,1,1,1,1,1
"5205",1,0,1,1,0,0,0,0,1,1,0,1,0,0,1
"23250",1,0,1,1,0,0,0,1,0,1,0,1,0,0,1
"286410",1,0,1,1,1,0,1,1,0,1,0,0,0,1,1
"5243",1,1,0,0,0,1,0,0,0,1,0,0,0,0,1
"55856",0,0,0,1,1,1,0,1,0,1,1,1,1,0,0
"7350",0,0,0,0,0,0,0,0,0,0,0,0,0,1,0
"26027",0,0,1,1,0,0,0,0,1,1,0,0,1,1,0
"10058",1,0,0,0,1,0,0,1,0,1,1,1,1,0,0
"51458",0,0,0,0,0,0,0,0,0,0,0,0,0,0,0
"948",0,0,0,0,0,0,0,0,0,0,0,0,0,0,0
"10928",1,0,1,1,0,0,1,1,0,0,0,1,0,0,1
"1728",0,1,0,0,0,1,0,1,1,0,1,1,0,0,1
"2946",1,0,0,1,0,0,0,1,1,0,0,1,0,1,0
"125981",0,0,1,0,1,0,1,0,1,0,1,1,0,0,0
"55331",1,0,1,0,1,0,0,1,1,1,0,0,0,1,1
"340485",0,0,0,1,1,0,1,0,1,0,1,0,0,0,1
"2760",0,1,0,1,1,0,0,1,0,1,0,1,1,0,0
"5660",1,1,1,1,1,1,1,1,1,1,1,1,1,1,1
"57704",1,1,1,1,1,1,1,0,1,1,1,1,1,1,1
"4759",0,0,0,0,0,0,0,0,0,0,0,0,0,0,0
"10825",1,0,1,0,1,1,0,1,1,1,0,1,0,0,1
"7903",1,0,1,1,0,0,0,1,1,1,0,0,0,1,1
"5407",0,0,0,0,0,0,0,0,0,0,0,0,0,0,0
"119548",0,0,0,0,0,0,0,0,0,0,0,0,0,0,0
"5408",0,0,0,0,0,0,0,0,0,0,0,0,0,0,0
"221955",1,1,0,1,0,0,1,1,0,0,1,1,1,0,0
"9388",1,0,1,0,1,0,0,0,0,0,1,1,0,0,1
"13",0,0,0,0,0,0,0,0,0,0,0,0,0,0,0
"57104",0,1,0,1,0,1,1,0,1,0,1,1,1,0,0
"3991",0,1,1,0,1,0,1,0,1,1,1,1,0,0,1
"747",1,1,0,0,0,0,1,0,0,0,0,1,0,0,1
"8513",0,0,0,0,0,0,0,0,0,0,0,0,0,0,0
"5406",0,0,0,0,0,0,0,0,0,0,0,0,0,0,0
"2170",0,0,0,0,0,0,0,1,0,1,1,0,1,0,0
"2171",1,0,0,0,1,1,0,0,1,1,0,0,0,1,1
"2167",0,0,0,0,0,0,0,0,0,0,0,0,0,0,0
"2172",0,0,0,1,0,0,0,0,0,0,1,0,0,0,0
"646480",0,0,0,0,0,0,0,0,0,0,0,0,0,0,0
"2173",0,0,0,0,0,0,0,0,0,0,0,0,0,0,0
"646486",0,0,0,0,0,0,0,0,0,0,0,0,0,0,0
"2169",0,0,0,0,0,0,0,0,0,0,0,0,0,0,0
"6296",0,0,1,1,0,0,0,0,1,1,0,1,1,0,0
"341392",0,0,0,0,0,0,0,0,0,0,0,0,0,0,0
"54988",0,0,0,0,0,0,0,0,0,0,0,0,0,0,0
"123876",0,0,0,0,0,0,0,0,0,0,0,0,0,0,0
"348158",0,0,0,0,0,0,0,0,0,0,0,0,0,0,0
"344967",1,0,0,0,1,0,0,0,0,0,0,0,0,0,0
"154141",1,1,0,0,0,0,1,0,0,0,0,1,1,0,0
"51099",1,1,0,0,1,1,1,0,0,0,0,1,1,1,0
"253558",1,0,1,0,1,0,1,0,1,0,0,0,0,1,1
"84513",1,1,1,1,0,1,0,1,1,1,1,1,1,1,1
"64748",0,1,0,1,0,0,0,1,1,1,1,1,0,0,0
"9890",0,0,0,0,0,0,0,0,0,0,0,0,0,0,0
"9663",1,1,1,1,1,1,1,1,1,1,1,1,1,1,1
"196051",0,0,0,0,0,0,0,0,0,0,0,0,0,0,0
"79948",0,0,0,0,0,0,1,1,0,0,0,0,0,0,0
"23175",1,1,1,1,1,1,1,1,1,1,1,1,1,1,1
"64900",0,1,0,1,0,0,1,0,1,0,0,1,1,0,0
"85465",1,0,1,0,1,0,1,0,0,1,0,0,0,1,1
"122618",0,0,0,0,0,0,0,0,0,0,0,0,0,0,0
"201164",1,1,0,0,1,1,0,1,0,0,1,0,0,1,0
"23646",1,1,1,1,1,1,1,1,1,1,1,1,1,1,1
"590",0,0,0,0,0,0,0,0,0,0,0,0,0,0,0
"91012",1,1,1,1,1,1,1,1,1,1,1,1,1,1,1
"204219",0,1,1,1,0,0,1,1,0,1,1,0,0,0,0
"10715",0,0,0,0,0,0,0,0,0,0,0,0,0,0,0
"253782",1,0,0,0,1,1,0,1,1,1,0,0,0,1,1
"29956",1,1,1,1,1,1,1,1,1,1,1,1,1,1,1
"79603",0,1,1,1,0,1,1,0,1,0,1,1,1,0,0
"56624",1,0,0,0,1,1,0,1,0,1,1,0,0,1,0
"55757",1,1,1,0,0,0,1,0,0,0,0,0,1,1,1
"145173",1,1,0,0,1,1,0,0,1,1,0,0,0,1,1
"644974",1,0,1,1,0,0,1,0,0,1,0,0,1,1,0
"56886",1,0,1,0,1,1,0,1,1,1,0,1,0,0,1
"152586",0,0,0,0,0,0,0,0,0,0,0,0,0,0,0
"55830",1,1,1,1,1,1,1,0,1,1,1,1,1,1,1
"170384",0,0,1,1,1,0,0,0,1,1,0,0,0,1,1
"283358",1,0,1,0,1,1,0,0,1,0,1,1,0,0,1
"148789",1,0,1,0,0,0,0,0,1,0,0,0,0,1,1
"2526",1,0,0,0,1,0,0,1,1,0,0,1,0,0,1
"84750",1,0,1,0,1,0,1,1,1,0,0,1,0,0,1
"644378",0,0,0,0,0,0,0,0,0,0,0,0,0,0,0
"55624",1,1,0,0,1,1,0,0,1,0,1,1,0,0,0
"83468",0,0,1,0,0,1,0,1,0,1,0,1,0,0,1
"168391",0,0,0,0,0,0,0,0,0,0,0,0,0,0,0
"338707",1,1,1,0,1,0,0,0,0,0,1,1,0,0,1
"146664",0,1,0,1,0,1,0,1,0,0,0,1,0,0,0
"360203",0,0,0,0,0,0,0,0,0,0,0,0,0,0,0
"56983",1,0,1,1,1,0,0,1,1,0,0,0,0,1,1
"3703",1,1,1,1,1,1,1,1,1,1,1,1,1,1,1
"124872",0,0,0,0,0,0,0,0,0,0,0,0,0,0,0
"8473",1,1,1,1,1,1,1,1,1,1,1,1,1,1,1
"8708",0,0,0,0,0,0,0,0,0,0,1,0,0,0,0
"2529",0,0,1,1,1,1,1,0,1,0,1,1,1,0,0
"8702",1,0,1,0,0,1,1,0,1,0,0,0,0,1,1
"8707",0,1,1,0,0,0,0,0,1,1,1,0,0,0,0
"200810",1,1,0,0,0,1,1,0,0,0,1,1,0,1,0
"84752",0,0,0,1,0,1,0,1,1,0,1,1,0,0,0
"201595",1,1,1,1,1,1,1,1,1,1,1,1,1,1,1
"140687",1,1,1,1,1,1,1,0,1,0,0,0,0,0,0
"51228",1,1,1,1,1,1,1,1,1,1,1,1,1,1,1
"284004",0,0,1,1,0,1,1,0,1,0,1,1,1,0,0
"79411",0,1,0,1,1,0,0,0,1,0,0,1,0,1,1
"27090",1,1,1,0,0,1,1,0,1,0,1,1,1,0,0
"129807",0,1,0,1,0,0,1,0,0,0,0,1,0,0,1
"2524",0,0,0,0,0,0,0,1,0,1,0,0,0,0,0
"2528",0,0,0,0,0,0,0,0,0,0,0,0,0,0,0
"2527",0,0,0,0,0,0,0,0,0,0,0,0,0,0,0
"113612",1,1,0,1,0,0,0,0,1,1,0,1,0,1,1
"493869",0,0,0,0,0,0,0,0,0,0,0,0,0,0,0
"64180",1,0,1,1,0,1,0,1,0,0,0,1,1,0,0
"64174",0,1,1,1,0,0,1,0,1,0,1,1,1,0,0
"10728",1,1,1,1,1,1,1,1,1,1,1,1,1,1,1
"11102",1,0,1,0,1,1,1,1,0,1,0,0,1,0,1
"91179",1,0,0,1,0,1,1,0,1,0,0,1,0,0,1
"10826",0,0,0,0,1,1,0,1,1,0,1,0,1,0,0
"266740",0,0,0,0,0,0,0,0,0,0,0,0,0,0,0
"3930",1,1,1,1,1,1,1,1,1,1,1,1,1,1,1
"4645",1,1,0,0,1,0,0,0,1,1,0,1,0,0,1
"3069",1,1,1,1,1,1,1,1,1,1,1,1,1,1,1
"4864",1,0,1,1,0,0,0,0,1,1,1,1,1,0,1
"285440",0,0,1,1,0,1,0,0,1,0,0,1,0,0,1
"79644",1,0,1,1,0,0,0,1,1,0,1,0,0,1,0
"1646",0,1,0,0,0,1,0,1,0,0,1,1,1,0,0
"51170",0,1,1,1,1,0,1,1,1,1,0,1,1,1,1
"51144",0,0,1,1,1,0,0,1,0,0,0,0,0,1,1
"8630",0,1,0,1,0,0,0,0,1,1,0,0,0,1,1
"158160",0,0,1,1,0,0,1,1,1,0,0,1,1,1,0
"83401",1,0,1,1,0,1,0,0,0,0,0,1,1,0,0
"64834",1,1,1,1,1,1,1,1,1,1,1,1,1,1,1
"79993",0,0,1,1,1,1,0,0,0,0,0,1,1,0,1
"401494",0,0,1,1,0,0,0,1,1,1,0,0,0,1,1
"192286",1,1,1,1,1,1,1,1,1,1,1,1,1,1,1
"201562",1,0,1,0,1,0,0,0,1,0,0,0,0,1,1
"9200",1,1,1,0,1,0,0,1,1,0,1,1,0,0,1
"51495",1,1,1,0,1,1,1,1,1,1,1,1,1,1,1
"253017",0,0,0,0,0,0,0,0,0,0,0,0,0,0,0
"9524",1,1,1,1,1,1,1,1,1,1,1,1,1,1,1
"283985",0,0,0,0,0,0,1,0,0,0,0,0,0,0,0
"3995",0,1,0,1,1,0,1,0,1,0,1,1,1,0,0
"1155",1,1,1,1,1,1,1,1,1,1,1,1,1,1,1
"114571",0,0,0,0,0,0,0,0,0,0,0,0,0,0,0
"123096",0,0,1,1,0,1,1,0,1,0,1,1,0,0,1
"57016",0,0,0,0,0,0,0,0,0,0,0,0,0,0,0
"55277",0,0,0,1,0,1,0,0,0,1,0,1,1,0,0
"79707",1,1,1,0,1,1,1,0,1,0,0,1,0,1,0
"64122",0,1,0,1,0,1,1,1,1,1,1,0,1,1,0
"9917",1,0,1,0,1,0,0,0,1,1,0,0,0,1,1
"79672",1,1,1,1,1,1,1,1,1,1,1,1,1,1,1
"92370",0,0,1,1,0,0,0,0,1,1,1,1,0,0,0
"390928",1,0,0,0,0,0,0,0,0,1,0,0,0,0,0
"93650",1,1,1,1,1,1,0,1,1,0,1,1,1,1,1
"139596",1,0,1,1,0,0,1,0,0,0,0,1,0,1,1
"55066",1,0,0,0,1,1,1,0,1,0,0,1,1,0,1
"283208",0,0,0,1,0,1,0,0,1,0,0,0,0,1,0
"5033",1,1,1,1,1,1,1,1,1,1,1,1,1,1,1
"8974",1,1,0,1,0,0,0,0,1,0,1,0,1,0,0
"58478",1,1,1,1,1,1,1,1,1,1,1,1,1,1,1
"55256",1,1,0,0,1,1,1,1,0,1,1,1,1,1,1
"259307",1,1,1,0,1,0,1,0,0,1,1,1,0,0,0
"81894",1,1,1,1,1,1,1,1,1,1,1,1,1,1,1
"51312",1,0,1,0,1,0,0,0,0,1,0,1,1,0,1
"138639",0,0,1,0,1,1,0,0,1,1,0,1,0,1,1
"23203",1,1,1,0,1,1,1,1,1,1,1,1,1,1,1
"9896",0,1,0,1,1,1,0,1,1,1,0,1,1,1,1
"374462",0,0,0,0,0,0,0,0,0,0,0,0,0,0,0
"163404",0,0,0,0,0,0,0,0,0,0,0,0,0,0,0
"22908",1,1,1,1,1,1,1,1,1,1,1,1,1,1,1
"22876",1,1,0,0,0,1,1,0,1,0,0,0,0,1,1
"84814",0,0,0,1,0,0,0,0,0,1,1,1,0,0,0
"51559",1,0,0,0,1,1,0,0,1,0,1,0,0,1,1
"29085",1,1,1,1,1,1,1,1,1,1,1,1,1,1,1
"64419",1,1,1,1,1,1,1,1,1,1,1,1,1,1,1
"145553",0,0,0,1,0,0,1,1,0,1,0,1,1,0,0
"51496",1,0,1,1,1,0,0,0,1,0,0,0,0,1,1
"8446",1,1,1,1,1,1,1,0,1,1,1,1,1,1,1
"9107",1,0,1,1,1,0,0,1,1,1,0,0,0,1,1
"23371",0,1,1,0,1,1,1,0,1,0,1,1,0,1,1
"9108",0,1,1,1,0,0,0,0,0,1,0,1,0,0,0
"55613",1,0,1,0,0,0,0,0,1,1,0,0,0,0,1
"403313",0,0,1,1,0,0,0,1,1,0,0,1,0,1,0
"9562",1,0,1,0,1,0,0,1,1,0,0,0,0,1,1
"3705",1,1,0,0,1,1,1,0,1,0,1,1,0,0,0
"138429",0,0,1,1,0,0,0,0,1,1,0,1,0,1,0
"10170",1,1,0,0,0,1,0,1,0,0,1,1,1,0,0
"9249",1,1,1,1,1,1,1,1,1,1,1,1,1,1,1
"220074",1,1,0,0,0,0,0,1,0,1,1,1,0,1,0
"1733",0,0,0,1,0,0,0,1,1,1,0,1,0,1,1
"1735",0,0,0,0,0,0,0,0,0,0,0,0,0,0,0
"1734",0,0,1,0,0,0,0,0,0,1,0,0,0,0,0
"6819",0,0,0,0,0,0,0,0,0,0,0,0,0,0,0
"27284",0,0,0,1,0,0,0,0,1,1,0,0,1,0,1
"84274",1,1,1,1,1,1,1,1,1,1,1,1,1,1,1
"4297",0,1,0,1,0,0,0,1,1,0,1,0,0,0,1
"55904",1,1,1,1,1,1,1,1,1,1,1,1,1,1,1
"55870",1,1,0,1,0,0,0,1,1,1,0,1,0,0,1
"79723",1,0,1,0,1,1,1,0,1,0,0,0,0,1,1
"79813",0,1,1,0,1,0,1,0,1,0,1,1,0,0,1
"387893",1,1,0,0,1,1,1,0,0,1,1,1,1,0,0
"8085",1,1,0,0,0,0,0,0,1,0,1,1,0,0,1
"58508",1,1,0,1,0,1,0,0,1,1,0,0,0,0,1
"9869",0,1,0,1,0,0,0,1,1,1,0,1,1,0,0
"9757",0,1,0,1,0,0,0,1,1,1,1,1,0,0,1
"80854",1,1,1,0,1,1,0,1,0,1,0,0,0,0,1
"9739",1,1,0,0,1,1,1,0,1,0,1,1,0,0,0
"64754",1,0,0,1,0,1,1,0,0,0,0,1,1,0,0
"84444",0,0,1,0,1,1,0,0,1,0,1,1,0,0,1
"10919",1,1,0,1,0,0,1,0,1,0,1,1,0,0,0
"64324",1,0,0,0,0,1,1,0,1,0,0,1,0,0,1
"23067",1,1,0,0,0,1,1,0,0,1,0,1,0,0,1
"6839",1,1,1,1,1,1,1,1,1,1,1,1,1,1,1
"83852",0,0,1,1,1,0,0,1,1,0,0,0,0,1,1
"54904",1,1,1,1,1,1,1,1,1,0,1,1,1,1,1
"84787",0,0,1,1,0,1,1,0,1,0,1,1,1,0,0
"29072",1,1,1,1,1,1,0,1,1,1,1,1,1,1,1
"7468",1,0,0,0,1,0,1,0,1,0,0,1,0,0,1
"51111",1,0,1,1,0,0,0,1,0,1,0,0,1,0,1
"6419",1,0,0,0,1,1,1,1,1,0,1,1,0,0,0
"90701",1,1,1,0,1,1,1,1,1,1,1,1,1,1,1
"9789",1,1,1,0,1,1,1,0,0,1,1,1,1,0,0
"23478",1,1,1,1,1,1,1,1,1,1,1,1,1,1,1
"28972",1,1,1,1,1,1,1,1,1,1,1,1,1,1,1
"60559",1,1,1,1,1,1,1,1,1,1,1,1,1,1,1
"57171",1,1,1,1,1,1,1,1,1,1,1,1,1,1,1
"4249",1,0,1,0,1,0,0,0,1,1,0,0,0,0,1
"25834",0,0,0,0,0,0,0,0,0,0,0,0,0,0,0
"137902",1,0,0,1,0,1,1,0,1,0,0,0,1,0,0
"7837",0,0,1,0,1,0,0,0,1,0,0,0,0,1,0
"9677",0,1,0,1,0,1,1,1,0,0,1,1,1,0,0
"23262",1,0,1,1,1,0,0,1,0,1,0,0,0,1,1
"26007",0,1,0,0,0,0,1,1,0,0,1,1,1,0,0
"158584",0,1,0,1,0,0,1,1,0,0,1,1,1,0,0
"283209",1,0,0,0,1,1,0,1,0,0,0,0,0,1,1
"23491",0,0,0,1,0,0,0,0,0,1,0,0,1,0,1
"221223",0,0,0,0,0,0,0,0,0,0,0,0,0,0,0
"1208",0,0,0,0,0,0,0,0,0,0,0,0,0,0,0
"55244",0,0,0,0,0,0,0,0,0,0,0,0,0,0,0
"146802",0,0,0,0,0,0,0,0,1,0,0,0,0,0,0
"345274",0,0,0,1,0,0,0,0,0,0,0,0,0,1,1
"116085",0,0,0,0,0,0,0,0,0,0,0,0,0,0,0
"123688",0,1,0,1,0,0,1,0,1,0,0,1,1,0,0
"56898",0,0,1,1,0,0,0,1,0,0,1,0,1,0,0
"51171",0,1,0,0,0,1,0,0,0,1,0,1,0,1,0
"84869",0,0,1,1,1,0,0,1,1,1,0,0,0,1,1
"51741",0,1,0,1,0,1,1,0,1,0,1,1,0,0,0
"10202",1,1,0,0,0,1,1,1,1,1,0,1,1,0,0
"1487",1,1,1,0,0,0,1,1,0,1,1,1,0,0,1
"93517",0,1,0,1,1,0,1,0,1,1,1,0,0,1,1
"121214",0,1,0,0,0,0,0,0,0,0,0,0,0,0,0
"10553",1,1,1,1,1,1,1,1,1,1,1,1,1,1,1
"100288072",0,0,1,0,0,0,1,0,0,1,1,0,0,1,0
"374875",0,1,1,1,0,0,1,0,1,0,1,1,1,0,0
"441282",0,0,0,0,0,0,0,0,0,0,0,0,0,0,0
"340811",0,1,0,0,0,1,0,1,0,1,0,0,1,1,1
"133121",1,0,1,0,1,0,1,1,1,1,0,1,1,1,1
"85007",0,1,1,1,0,0,1,0,1,0,1,1,1,0,0
"250",0,0,0,0,0,0,0,0,0,0,0,0,0,0,0
"251",0,0,0,0,0,0,0,0,0,0,0,0,0,0,0
"123264",0,0,0,0,0,0,0,0,0,0,1,0,0,0,0
"200931",1,1,1,1,1,1,0,1,1,1,0,0,0,0,1
"10941",0,0,0,0,0,0,0,0,0,0,0,0,0,0,0
"79799",0,0,0,0,0,0,0,0,0,0,0,0,0,0,0
"10476",1,1,1,1,1,1,1,1,1,1,1,1,1,1,1
"518",1,1,1,1,1,1,1,1,1,1,1,1,1,1,1
"498",1,1,1,1,1,1,1,1,1,1,1,1,1,1,1
"516",1,1,1,1,1,1,1,1,1,1,1,1,1,1,1
"522",1,1,1,1,1,1,1,1,1,1,1,1,1,1,1
"515",1,1,1,1,1,1,1,1,1,1,1,1,1,1,1
"9551",1,1,1,1,1,1,0,1,1,1,1,1,1,1,1
"27109",0,0,1,0,1,0,0,1,0,1,0,0,0,1,1
"267020",0,0,1,0,1,1,0,1,0,0,1,0,0,1,1
"509",1,1,1,1,1,1,1,1,1,1,1,1,1,1,1
"513",1,1,1,0,1,1,1,0,1,0,1,1,1,0,0
"514",1,1,1,1,1,1,1,1,1,1,1,1,1,1,1
"517",1,1,1,1,1,1,1,1,1,1,1,1,1,1,1
"521",1,1,1,1,1,1,1,1,1,1,1,1,1,1,1
"10632",1,0,1,1,1,0,1,1,1,1,1,1,1,1,1
"506",1,1,1,1,1,1,1,1,1,1,1,1,1,1,1
"539",0,0,0,0,1,1,0,0,0,1,1,1,1,0,0
"29796",1,1,1,1,1,1,1,1,1,1,1,1,1,1,1
"4519",1,1,1,1,1,1,1,1,1,1,1,1,1,1,1
"1537",1,1,1,1,1,1,1,1,1,1,1,1,1,1,1
"7381",1,0,0,1,0,0,0,0,1,0,1,1,1,0,0
"10975",1,1,1,0,1,1,1,1,1,1,1,1,1,1,1
"27089",1,1,1,1,1,1,1,1,1,1,1,1,1,1,1
"7384",1,1,1,1,1,1,1,1,1,1,1,1,1,1,1
"7386",1,1,1,1,1,1,1,1,1,1,1,1,1,1,1
"7388",1,1,1,1,1,1,1,1,1,1,1,1,1,1,1
"7385",1,1,1,1,1,1,1,1,1,1,1,1,1,1,1
"9481",1,0,0,1,0,0,0,1,1,0,1,1,0,0,1
"9016",0,1,1,0,1,1,1,0,1,1,0,1,1,1,0
"7351",1,1,1,1,1,1,1,1,1,1,1,1,1,1,1
"7352",0,0,1,1,0,1,0,1,0,1,1,1,1,0,0
"4535",1,1,1,1,1,1,1,1,1,1,1,1,1,1,1
"4540",1,1,1,1,1,1,1,1,1,1,1,1,1,1,1
"4541",1,1,1,1,1,1,1,1,1,1,1,1,1,1,1
"4729",1,0,1,1,1,0,0,1,1,0,0,1,1,0,1
"126328",1,1,0,0,1,1,0,1,0,1,1,1,0,0,0
"4717",1,1,1,1,1,1,0,1,1,1,1,1,1,1,1
"4719",1,1,1,0,1,1,1,1,1,1,1,1,1,1,1
"7991",1,1,0,0,0,1,0,0,0,0,1,0,1,0,0
"4539",1,1,1,1,1,1,1,1,1,1,1,1,1,1,1
"4707",0,0,1,1,1,0,0,1,1,1,1,1,1,0,0
"4705",1,1,1,1,1,1,1,1,1,1,1,1,1,1,1
"4536",1,1,1,1,1,1,1,1,1,1,1,1,1,1,1
"4713",1,1,1,1,1,1,1,1,1,1,1,1,1,1,1
"4538",1,1,1,1,1,1,1,1,1,1,1,1,1,1,1
"4731",1,1,0,0,1,1,1,0,0,1,1,1,1,0,0
"4695",1,1,1,1,1,1,1,1,1,1,1,1,1,1,1
"4708",1,1,0,0,1,1,0,0,0,1,1,1,1,0,0
"4711",1,0,1,1,1,0,1,1,0,1,0,0,1,1,1
"4723",1,1,1,1,1,1,1,1,1,1,1,1,1,1,1
"4706",1,1,1,1,1,1,1,1,1,1,1,1,1,1,1
"4701",1,0,1,0,0,1,1,0,0,1,0,0,0,1,1
"4724",1,1,1,1,1,1,1,1,1,1,1,1,1,1,1
"4718",1,0,1,0,1,0,1,1,0,0,0,0,0,1,1
"4698",1,0,1,1,1,0,1,0,0,1,0,0,0,1,1
"4537",1,1,1,1,1,1,1,1,1,1,1,1,1,1,1
"55967",1,1,1,1,1,1,1,1,1,1,1,1,1,1,1
"4728",1,1,0,0,1,1,1,1,0,1,1,1,1,0,0
"4715",1,1,1,1,1,1,1,1,1,1,1,1,1,1,1
"51079",0,0,1,1,0,1,1,1,0,1,1,1,0,0,0
"54539",1,1,1,1,1,1,1,1,1,1,1,1,1,1,1
"4714",1,1,1,1,1,0,0,1,0,1,1,1,1,1,0
"4720",1,1,1,1,1,1,1,1,1,1,1,1,1,1,1
"4712",1,1,1,1,1,1,1,1,1,1,1,1,1,1,1
"4722",1,1,1,1,1,1,1,1,1,1,1,1,1,1,1
"4704",0,1,1,0,1,1,0,1,1,0,1,0,1,0,0
"4694",1,1,1,1,1,1,1,1,1,1,1,1,1,1,1
"4702",1,1,1,1,1,1,1,1,1,1,1,1,1,1,1
"4709",1,1,1,1,1,1,1,1,1,1,1,1,1,1,1
"4725",1,1,1,1,1,1,1,1,1,1,1,1,1,1,1
"4710",1,1,1,1,1,1,1,1,1,1,1,1,1,1,1
"4697",1,1,1,1,1,1,1,1,1,1,1,1,1,1,1
"4726",1,1,1,1,1,1,1,1,1,1,1,1,1,1,1
"4716",1,1,1,1,1,1,1,1,1,1,1,1,1,1,1
"374291",0,1,1,0,1,1,1,1,0,0,1,1,0,0,0
"1345",1,1,1,1,1,1,1,1,1,1,1,1,1,1,1
"1340",1,1,1,1,1,1,1,1,1,1,1,1,1,1,1
"1329",1,1,1,1,1,1,1,1,1,1,1,1,1,1,1
"4514",1,1,1,1,1,1,1,1,1,1,1,1,1,1,1
"4513",1,1,1,1,1,1,1,1,1,1,1,1,1,1,1
"1327",1,1,1,1,1,1,1,1,1,1,1,1,1,1,1
"1351",1,1,1,1,1,1,1,1,1,1,1,1,1,1,1
"1349",1,1,1,1,1,1,1,1,1,1,1,1,1,1,1
"1346",0,0,0,0,0,0,0,0,0,0,0,0,0,0,0
"1347",1,1,1,1,1,1,1,1,1,1,1,1,1,1,1
"9377",1,1,1,1,1,1,1,1,1,1,1,1,1,1,1
"1337",1,1,1,1,1,1,1,1,1,1,1,1,1,1,1
"4512",1,1,1,1,1,1,1,1,1,1,1,1,1,1,1
"1350",1,1,1,1,1,1,1,1,1,1,1,1,1,1,1
"9167",1,1,1,1,1,1,1,1,1,1,1,1,1,1,1
"125965",0,1,1,1,0,0,0,0,0,1,1,1,0,1,0
"1339",0,0,0,0,0,0,0,0,0,0,0,0,0,0,0
"170712",0,0,0,0,0,0,0,0,0,0,0,0,0,0,0
"84701",0,0,0,0,0,0,0,0,1,0,0,0,0,0,0
"4363",1,1,1,1,1,1,1,1,1,1,1,1,1,1,1
"146712",0,1,1,1,0,0,0,0,1,1,1,1,1,0,0
"10554",1,1,1,1,1,1,1,1,1,1,1,1,1,1,1
"240",0,1,0,0,0,1,0,1,1,0,1,1,0,0,0
"534",1,0,1,1,0,0,1,0,0,1,0,1,1,0,0
"8705",0,1,0,1,0,0,1,0,1,1,1,1,1,0,0
"570",0,0,1,0,1,0,0,0,0,0,0,0,1,0,0
"622",1,1,1,0,1,0,0,0,1,1,1,0,0,1,0
"57818",0,0,0,0,0,0,0,0,0,0,0,0,0,0,0
"8647",0,0,0,0,0,0,0,0,0,0,0,0,0,0,0
"124935",1,1,0,0,1,1,0,0,1,0,1,0,0,0,1
"6531",0,1,0,0,0,0,0,1,1,0,0,0,0,0,0
"11000",1,1,0,1,0,1,0,0,1,0,1,1,1,0,0
"4758",1,1,0,0,1,1,1,1,1,1,1,1,1,0,0
"2618",1,1,1,1,1,1,1,1,1,1,1,1,1,1,1
"2629",0,1,0,1,0,1,0,0,0,1,1,1,0,0,1
"7264",1,1,1,0,1,1,1,1,1,1,1,1,1,1,1
"284098",1,0,1,0,1,1,1,1,0,1,0,0,0,1,1
"3163",1,1,1,1,1,1,1,1,1,1,1,1,1,1,1
"7923",0,1,1,1,1,1,1,0,1,0,1,1,1,1,1
"10723",0,1,1,1,1,0,1,1,0,0,1,1,0,0,1
"201288",0,0,0,0,0,0,0,0,0,0,0,0,0,0,0
"645740",0,0,0,0,0,0,0,0,0,0,0,0,0,0,0
"1589",1,0,0,0,0,0,1,0,0,0,0,0,0,0,0
"9651",0,0,1,1,0,0,1,0,1,0,0,1,1,1,0
"8396",1,1,1,1,1,1,1,1,1,1,1,1,1,1,1
"8399",1,1,1,1,1,1,0,0,0,1,0,0,1,0,0
"64711",0,0,0,0,0,0,0,0,0,0,0,0,0,0,0
"7366",0,0,0,0,0,0,0,0,0,0,0,0,0,0,0
"9374",1,1,1,1,0,0,0,0,1,1,1,1,1,0,0
"93100",0,1,0,1,0,1,1,1,1,0,1,1,0,0,0
"55229",0,1,1,1,0,0,1,1,0,1,1,1,1,0,0
"26063",1,0,1,0,1,0,1,1,0,0,1,1,0,0,0
"2880",0,0,0,0,0,0,0,0,0,0,0,0,0,0,0
"65263",1,1,1,0,1,1,0,1,1,1,1,1,0,0,0
"8781",1,0,1,1,0,0,1,1,1,0,1,0,1,0,1
"31",1,0,1,0,1,0,0,0,1,1,1,1,0,0,1
"55750",1,1,1,0,0,0,0,0,1,1,0,1,1,0,0
"8644",0,1,0,1,0,1,0,1,0,0,1,1,0,0,0
"1066",0,1,0,0,0,1,0,0,1,0,0,0,1,0,0
"5446",1,0,0,1,0,1,0,0,0,0,0,1,0,0,0
"4905",0,0,0,1,0,1,0,0,1,1,0,0,1,1,1
"4700",1,1,1,1,1,1,1,1,1,1,1,1,1,1,1
"4696",0,1,1,0,0,1,0,0,0,1,1,1,1,0,0
"341947",0,0,0,0,0,0,0,0,0,0,1,1,0,0,1
