"","GSM2859418","GSM2859446","GSM3045787","GSM3045788","GSM3319762","GSM3319763","GSM3319799","GSM3319800","GSM3319836","GSM3319837","GSM3319871","GSM3319872","GSM1414746","GSM1414747","GSM1414748","GSM1414749","GSM1414750","GSM1414751"
"26",0,0,0,0,0,0,1,0,0,0,0,0,1,0,0,0,0,0
"314",0,1,1,1,0,1,0,0,1,0,0,0,0,1,0,1,0,1
"8639",1,0,0,0,0,0,1,0,0,0,0,0,0,1,1,1,1,0
"1591",1,0,1,1,0,0,0,1,0,0,0,0,0,0,1,1,0,0
"1594",0,1,1,0,1,0,0,0,0,1,0,1,1,1,0,1,0,0
"10993",1,0,1,1,1,0,1,0,0,0,0,0,0,0,0,1,0,1
"6818",0,0,0,0,1,0,0,0,0,0,0,0,0,1,1,1,1,0
"89874",0,0,0,0,0,0,0,0,0,0,0,0,0,0,0,0,0,0
"55293",0,1,0,1,1,0,0,1,0,1,0,1,0,0,1,0,1,1
"3945",1,1,1,1,0,0,1,1,1,1,1,1,1,1,1,1,1,1
"92483",0,0,0,0,0,0,1,0,0,0,0,0,1,1,0,0,0,0
"160287",0,1,1,1,0,0,1,0,0,1,0,0,0,0,1,0,0,1
"3948",0,0,0,0,1,0,0,0,0,0,0,0,0,0,0,0,1,0
"3939",1,1,1,1,1,1,1,1,1,1,1,1,1,1,1,1,1,1
"134526",0,0,0,0,0,0,0,0,0,0,0,0,0,0,0,1,1,0
"51",1,0,0,1,1,1,1,0,1,1,0,1,1,1,0,1,0,0
"95",0,0,0,1,1,1,1,0,0,0,0,0,1,1,0,1,0,0
"50",1,1,1,1,1,1,1,1,1,0,1,1,1,1,1,1,1,1
"48",1,0,0,1,1,0,1,0,1,1,0,0,1,1,1,0,0,0
"8309",0,0,0,0,0,0,0,0,0,0,0,0,0,0,0,0,0,0
"52",1,1,1,1,1,1,1,1,1,1,1,1,1,1,1,1,1,1
"55",0,0,0,0,0,0,1,0,0,0,0,0,1,1,0,0,0,0
"788",1,1,1,1,1,1,1,0,0,1,0,1,1,1,1,1,1,1
"9194",1,0,0,1,0,0,0,1,0,1,1,1,0,0,1,1,0,1
"55902",0,1,1,0,1,1,1,0,0,0,0,0,0,1,0,1,0,1
"9123",0,1,1,0,0,1,0,0,0,0,0,1,0,1,0,1,0,1
"6566",1,1,1,1,1,0,1,0,1,1,0,1,1,0,1,1,1,1
"57835",0,1,1,1,0,0,0,0,0,1,0,1,0,0,1,1,1,1
"65985",1,0,0,1,1,1,0,0,0,1,0,1,1,1,1,0,0,0
"8671",0,0,0,0,0,0,1,1,0,0,0,0,0,0,0,0,0,0
"438",0,0,1,1,0,0,1,0,0,0,0,0,0,0,0,0,1,0
"1571",0,0,1,1,0,0,1,0,0,0,0,0,0,1,0,0,1,1
"4967",1,1,1,1,1,1,1,1,1,0,1,1,1,1,1,1,1,1
"100",1,1,1,1,1,1,1,1,0,1,1,1,1,1,1,1,1,1
"8050",0,1,1,0,1,1,1,0,0,1,0,1,1,0,1,0,1,0
"1738",1,1,1,1,1,0,1,1,1,1,1,1,1,1,1,1,1,1
"3177",1,0,1,0,0,1,0,0,1,0,0,1,0,1,0,1,0,1
"1743",1,0,1,0,1,1,1,0,0,1,0,0,1,1,0,1,0,0
"126",0,0,0,0,0,0,0,0,0,0,0,0,0,0,0,1,0,0
"205",1,1,1,0,0,0,1,0,0,1,0,1,1,1,1,0,1,0
"128",1,1,1,1,1,1,1,1,0,1,1,1,1,1,1,1,1,1
"204",1,1,1,1,1,1,1,1,0,1,1,1,1,1,1,1,1,1
"130",1,0,1,1,0,1,0,0,0,0,0,0,0,0,1,0,0,1
"127",0,1,0,0,0,0,1,0,0,0,0,0,0,1,1,1,0,0
"131",0,0,0,0,0,0,1,0,0,0,0,0,0,0,0,1,0,0
"124",0,0,0,0,0,0,0,0,0,0,0,0,0,0,0,0,0,1
"125",0,0,0,0,0,0,0,0,0,0,0,0,0,0,0,0,0,0
"26289",0,1,0,1,1,1,1,1,0,0,0,0,0,1,0,1,1,0
"137872",0,1,1,1,0,1,0,0,0,0,0,0,0,0,1,0,1,1
"1312",1,1,1,1,1,1,1,1,0,0,0,1,1,1,0,1,1,1
"50808",0,1,1,1,1,1,0,1,1,1,0,0,1,0,1,1,1,1
"262",1,1,1,1,1,1,1,1,1,1,1,1,1,1,1,1,1,1
"117247",0,1,1,0,1,1,1,0,0,0,0,0,0,0,0,1,1,1
"222",0,0,0,0,0,0,1,0,0,0,0,0,0,1,0,0,0,0
"113",1,0,0,1,0,1,1,0,0,0,0,0,0,1,1,0,0,1
"218",0,0,0,0,0,0,0,0,0,0,0,0,0,1,0,1,0,1
"108",0,0,0,0,0,0,1,0,0,0,0,0,0,0,0,0,0,0
"220",0,0,0,0,0,0,0,0,0,0,0,0,0,1,0,1,0,1
"221",0,0,0,0,1,0,0,0,0,0,0,0,1,1,1,0,0,0
"114",0,0,0,0,0,0,0,0,1,0,0,0,0,0,0,0,0,0
"111",0,1,1,1,0,0,1,0,0,0,0,0,0,0,1,0,1,1
"3242",0,0,1,1,0,0,1,1,0,0,0,0,0,1,0,1,1,0
"115",1,0,0,0,0,0,1,1,0,0,0,0,0,1,1,1,0,1
"18",1,0,1,0,1,0,1,0,1,1,0,0,1,1,1,0,0,0
"109",0,1,0,1,1,1,1,0,0,0,0,1,0,1,0,1,0,1
"55811",0,0,0,0,0,0,0,0,0,0,0,0,1,0,1,0,1,0
"196883",1,0,1,1,0,0,1,0,0,0,0,0,0,1,0,1,0,1
"2531",0,1,0,1,1,0,1,1,1,1,0,1,0,0,0,1,1,1
"107",0,1,1,0,0,0,0,0,0,0,1,0,1,1,0,0,0,1
"23498",0,1,1,1,1,0,0,0,0,0,0,0,1,1,0,0,0,0
"112",0,0,1,1,1,1,1,1,1,1,1,1,0,1,1,0,1,0
"55268",1,0,1,0,1,1,0,1,0,0,1,0,0,1,1,0,1,1
"51166",0,0,0,0,0,0,1,0,0,0,0,0,0,0,0,0,0,0
"2030",1,0,0,1,1,0,1,0,0,1,1,1,1,1,1,0,1,0
"883",0,1,1,1,0,0,1,1,0,0,0,0,0,0,1,0,0,1
"1644",1,1,0,1,0,0,1,0,0,1,0,0,0,1,0,0,0,1
"4129",0,0,0,1,0,0,1,0,0,0,0,0,1,0,0,0,1,0
"9154",0,0,0,0,0,0,0,0,0,0,0,0,0,0,0,0,0,0
"64078",0,0,0,0,0,0,1,0,0,0,0,0,0,0,0,0,0,0
"4128",0,0,0,0,0,0,1,0,0,0,0,0,0,1,0,0,0,0
"9153",1,1,0,1,0,0,1,0,0,1,0,0,0,1,1,0,0,1
"10165",1,0,1,0,0,1,0,1,0,0,1,0,1,1,1,0,0,0
"55315",0,1,1,0,1,1,1,1,0,0,0,0,1,1,0,1,0,0
"8604",1,0,1,0,1,0,1,1,0,1,1,0,1,1,0,0,0,0
"245972",0,0,0,0,0,0,0,0,0,0,0,0,1,0,0,1,0,0
"2572",0,0,0,0,0,0,0,0,0,0,0,0,0,0,0,0,0,0
"9114",1,1,1,1,1,1,1,1,0,1,1,1,1,1,1,1,0,1
"11164",1,1,1,1,1,1,1,1,0,1,1,1,1,1,1,1,1,1
"2571",0,0,0,0,0,0,0,0,0,0,0,0,0,0,0,0,0,0
"952",1,0,0,1,1,0,1,0,0,1,0,1,1,0,0,0,1,1
"51380",0,1,0,1,0,1,1,1,0,0,1,0,0,0,1,0,1,1
"1375",1,0,1,0,1,1,1,1,1,1,1,1,0,1,1,1,0,1
"533",1,1,1,1,1,1,1,1,1,1,1,1,1,1,1,1,1,1
"2805",1,1,1,1,1,0,1,0,0,1,1,1,1,1,1,1,1,1
"50617",1,1,1,1,0,0,1,0,0,1,0,0,0,1,0,1,0,0
"1374",1,0,1,0,0,1,1,0,1,0,0,0,0,1,1,0,0,0
"2806",1,1,1,1,1,1,1,1,0,1,0,1,1,1,1,1,1,1
"8659",1,0,1,0,0,1,0,0,0,0,0,0,1,1,1,0,0,0
"126129",0,0,0,0,0,1,1,0,0,0,0,0,0,1,0,1,1,0
"10312",0,1,1,1,1,1,1,1,0,1,1,1,1,1,1,1,1,1
"6817",1,0,1,0,0,1,0,0,1,0,1,0,0,1,0,1,1,1
"535",1,0,1,1,0,0,1,0,0,0,0,1,0,1,0,1,1,1
"127124",0,0,0,0,0,0,1,0,0,1,0,0,1,0,0,0,1,1
"523",1,0,1,0,1,0,1,0,0,1,0,1,1,0,1,0,1,1
"1376",0,1,1,0,0,1,0,1,0,0,1,1,1,1,1,0,0,0
"6799",1,0,1,1,0,1,0,1,1,0,0,0,0,0,1,0,1,1
"9060",1,0,0,1,0,1,0,1,0,1,0,0,1,0,0,0,1,1
"8992",1,1,1,1,1,1,1,1,1,1,1,1,1,1,1,1,1,1
"9061",1,1,1,1,1,1,1,0,0,1,1,1,1,1,1,1,1,1
"158",0,1,0,1,1,0,1,0,0,1,0,1,0,1,1,0,1,0
"9550",1,1,1,1,1,1,1,1,1,1,1,1,1,1,1,1,1,1
"4363",0,1,1,0,1,1,0,1,0,0,0,1,0,1,0,1,0,1
"529",1,1,1,1,1,1,1,1,1,1,1,1,1,1,1,1,1,1
"6822",0,0,0,0,0,0,0,0,0,0,0,0,0,0,0,0,0,1
"6573",1,0,0,1,1,0,1,0,0,1,0,1,0,1,0,1,1,1
"146712",1,0,0,1,1,1,1,0,0,1,0,1,0,0,1,0,1,1
"528",0,1,0,1,1,0,1,0,0,1,1,1,0,0,1,0,1,1
"316",0,0,0,0,0,0,1,0,0,0,0,0,0,0,0,1,0,0
"10678",0,1,1,1,1,1,1,1,1,1,1,1,1,1,1,1,1,1
"6571",1,0,0,0,0,1,1,0,0,0,0,0,0,1,0,0,1,1
"6570",0,0,0,0,0,0,1,0,0,0,0,0,0,0,1,0,0,0
"10331",1,0,1,1,1,1,1,1,1,1,1,1,0,1,1,0,1,0
"51382",1,1,1,1,1,1,1,0,0,1,1,1,1,1,1,1,1,1
"2348",0,0,0,0,0,0,0,0,0,0,0,0,0,0,0,0,0,0
"90423",1,0,0,1,0,1,0,1,0,0,1,0,1,0,0,1,0,1
"534",0,1,0,0,0,1,0,1,0,0,0,0,0,1,0,1,1,0
"374907",0,1,1,1,0,0,1,0,0,0,0,0,0,0,1,1,0,1
"2352",0,1,1,1,1,0,0,1,1,0,0,0,1,1,1,1,1,1
"51606",0,1,1,1,1,1,1,0,0,1,0,1,1,1,0,1,0,0
"11041",1,0,0,0,0,0,1,1,0,0,0,0,1,1,0,1,0,0
"93010",1,0,0,1,1,0,1,0,0,0,0,0,1,1,0,1,0,0
"9296",1,1,1,1,1,1,1,1,1,1,1,1,1,1,1,1,1,1
"79369",0,1,1,1,1,1,0,0,0,0,0,0,0,1,0,1,0,1
"4125",0,1,1,0,1,1,1,1,0,0,0,0,1,1,0,1,0,0
"954",1,1,1,1,1,1,1,1,1,1,1,1,0,0,0,0,1,1
"79814",0,1,0,1,1,1,1,0,0,1,0,1,1,1,0,0,0,0
"53947",1,1,1,0,1,1,1,1,1,1,1,1,1,1,0,0,0,0
"51146",0,0,0,0,0,0,1,0,0,0,0,0,0,0,0,0,0,1
"28",0,1,1,1,0,0,0,0,0,0,1,0,0,0,1,0,0,1
"953",1,0,0,1,1,0,1,0,0,1,0,0,0,0,0,1,1,1
"206358",0,1,0,1,0,1,1,0,0,1,0,0,1,0,1,0,1,1
"957",0,1,0,1,1,1,0,1,0,0,0,1,0,0,0,1,1,1
"56895",0,1,1,0,0,1,0,1,0,0,0,0,1,0,0,1,1,1
"6540",0,0,1,1,0,0,1,0,0,0,0,0,0,0,0,1,1,1
"137964",1,0,0,1,1,1,1,1,0,0,1,0,0,1,0,1,0,0
"129642",0,0,1,0,1,0,1,0,0,1,0,0,1,0,1,0,1,0
"956",1,0,1,1,1,1,1,1,1,1,1,1,0,0,1,0,1,1
"955",0,1,0,1,0,1,1,1,0,0,1,0,0,1,0,1,0,1
"6539",0,0,0,0,0,0,0,0,0,0,0,0,0,0,0,0,0,0
"56894",0,1,1,0,1,1,1,0,0,0,0,1,1,1,0,1,0,0
"10555",0,1,0,1,1,1,1,0,0,0,0,0,1,1,0,1,0,0
"55326",0,1,0,1,1,1,1,0,0,1,1,1,1,0,1,0,1,0
"10554",0,1,1,0,1,1,1,0,0,1,0,0,0,1,0,1,0,0
"6529",0,0,0,0,0,0,1,0,0,0,0,0,0,0,0,0,0,0
"6538",0,0,0,0,0,0,0,0,0,0,0,0,0,0,0,0,0,0
"10449",1,0,0,1,1,0,1,1,0,1,0,1,1,1,0,1,0,0
"38",0,1,1,0,1,0,0,0,1,1,0,1,0,0,0,1,1,1
"64850",0,0,0,0,0,0,1,0,0,0,0,0,0,0,0,0,0,0
"377841",0,0,0,0,0,0,0,0,0,0,0,0,0,1,0,0,1,1
"3032",1,1,1,1,1,1,1,1,1,1,1,1,1,1,1,1,1,1
"292",1,1,1,1,1,1,1,1,1,1,1,1,1,1,1,1,1,1
"293",1,1,1,1,1,1,1,1,1,1,1,1,1,1,1,1,1,1
"64902",0,0,0,0,0,0,1,0,0,1,0,0,1,1,0,1,0,0
"3030",1,1,1,1,1,1,1,1,1,1,1,1,1,1,1,1,1,1
"189",0,0,0,0,0,0,0,0,0,0,0,0,0,0,0,0,0,0
"291",0,1,1,0,0,1,1,1,1,1,0,0,0,0,1,1,0,1
"39",1,1,1,1,1,1,1,0,1,1,1,1,1,1,1,1,1,1
"30",0,1,1,1,1,1,1,1,0,0,0,1,1,1,0,1,0,1
"32",1,0,0,1,0,1,1,0,0,0,0,1,0,1,0,1,0,1
"9197",1,0,1,0,0,0,1,1,0,1,0,1,1,0,1,1,1,1
"4126",0,1,1,0,0,1,0,1,0,0,1,0,0,0,0,1,1,1
"3073",1,0,0,1,1,1,1,1,0,0,1,0,0,1,1,0,0,0
"3074",0,1,1,1,1,1,1,1,0,0,1,1,1,1,1,1,1,1
"79611",0,0,0,0,0,0,1,0,0,0,0,0,0,0,0,0,0,0
"10606",1,1,1,1,1,0,1,0,0,1,0,1,1,1,1,1,1,1
"8706",0,1,0,1,0,0,1,0,0,0,0,0,1,1,0,1,0,0
"84532",0,1,1,0,1,1,1,1,0,0,0,0,0,1,0,1,0,0
"64841",1,0,1,0,1,0,1,0,1,1,0,1,1,0,0,1,0,0
"55577",1,1,1,1,1,1,1,0,0,1,1,1,1,1,1,1,0,1
"5238",0,1,0,1,1,1,1,0,0,1,0,1,0,0,1,1,0,1
"8705",0,1,0,1,1,1,1,0,0,0,0,0,1,1,0,1,0,0
"9487",1,0,0,1,1,1,1,1,0,0,1,0,1,0,1,1,0,1
"10317",0,0,0,0,0,0,1,0,0,0,0,0,0,1,0,1,0,0
"162417",0,1,1,1,1,0,0,1,0,0,0,0,1,1,0,1,0,0
"43",0,0,1,0,0,0,1,0,0,0,0,0,0,1,1,1,0,1
"6572",0,0,0,0,0,0,0,0,0,0,0,0,0,0,0,0,0,0
"84002",0,1,1,0,1,0,1,1,0,0,0,1,0,0,1,0,1,0
"47",1,1,1,1,1,1,1,1,0,1,0,1,1,1,1,1,1,1
"570",0,0,0,0,0,0,0,0,0,0,0,0,0,0,0,1,0,0
"3141",0,1,1,0,0,1,1,1,0,1,0,1,1,1,1,0,0,0
"54187",1,1,1,1,1,1,0,0,0,1,1,1,1,1,0,1,0,1
"140679",0,0,0,0,0,0,0,0,0,0,0,0,0,0,0,1,0,0
"26503",1,0,1,0,0,1,1,1,0,0,1,0,1,1,0,1,0,1
"54",0,1,0,1,0,0,1,0,0,0,0,0,1,1,0,1,0,0
"8424",0,0,0,0,0,0,0,0,0,0,0,0,0,0,0,0,0,0
"51205",1,0,0,1,0,1,1,1,0,0,1,0,0,1,0,1,1,1
"53630",0,0,0,0,0,0,0,0,0,0,0,0,1,0,0,0,0,0
"140838",0,1,0,1,1,0,0,0,0,1,0,1,1,0,0,1,1,0
"622",1,0,1,0,0,1,1,0,0,0,1,1,0,1,0,1,0,1
"36",1,0,1,0,0,1,1,1,0,1,1,1,0,0,1,1,1,1
"34",1,1,1,1,1,0,1,0,0,1,1,1,1,0,1,1,1,1
"84129",0,1,1,1,0,0,0,1,0,0,0,0,1,0,0,0,1,1
"23743",0,0,0,0,0,0,0,0,0,0,0,0,0,0,1,0,0,0
"80724",0,1,1,0,1,1,1,0,0,0,0,0,1,1,0,0,0,0
"635",0,0,0,0,0,0,0,0,0,0,0,0,0,0,1,0,0,1
"27034",0,1,1,0,1,1,1,1,0,0,0,1,1,1,0,0,0,0
"10599",0,0,0,0,0,0,0,0,0,0,0,0,0,0,0,0,0,0
"28976",0,1,1,0,1,1,1,0,0,1,1,0,1,1,0,0,0,0
"1244",0,1,1,1,0,0,1,1,0,0,0,0,0,0,0,1,1,1
"35",0,1,1,0,1,1,1,1,0,0,0,1,1,1,0,1,0,0
"3712",1,0,1,0,1,1,1,1,0,0,0,1,0,1,0,0,0,0
"1607",0,0,0,0,0,0,1,0,0,0,0,0,0,0,0,0,0,0
"8714",0,1,0,0,0,0,0,0,0,0,0,0,0,0,1,0,0,0
"28234",0,0,0,0,0,0,0,0,0,0,0,0,0,0,0,0,0,0
"644",1,1,1,1,1,1,1,1,1,1,1,1,1,1,1,1,1,1
"1468",0,0,1,0,0,0,0,0,0,0,0,1,1,1,0,1,1,0
"8402",1,1,1,1,1,1,1,1,0,1,0,1,1,1,1,1,1,1
"64849",0,1,0,0,1,0,0,0,0,0,1,0,0,1,1,0,0,0
"645",1,1,1,1,1,1,1,1,0,1,1,1,1,1,0,1,0,0
"9488",1,0,1,0,0,1,0,0,1,1,0,1,1,0,1,0,1,1
"1610",0,0,0,0,0,0,1,0,0,0,0,0,0,0,0,1,0,0
"10380",1,0,1,0,1,0,1,1,0,1,0,1,0,1,0,1,0,0
"686",0,1,1,0,0,1,1,1,0,1,0,0,0,0,0,1,0,1
"1645",0,1,1,1,0,0,0,1,0,0,0,0,0,1,1,0,0,0
"2745",1,1,1,1,1,0,1,0,1,1,1,0,1,1,1,1,1,1
"1109",1,0,1,1,0,1,0,0,0,0,0,0,0,0,1,0,1,1
"8884",1,1,0,1,1,1,1,0,0,0,0,1,0,1,0,1,1,0
"80704",0,0,0,0,0,0,0,0,0,0,0,0,0,0,0,0,0,0
"51022",1,0,0,1,0,0,1,1,1,1,0,1,0,0,1,0,1,1
"51733",0,1,1,1,0,0,1,1,0,0,1,0,0,0,1,0,1,0
"7108",0,1,0,1,0,1,1,0,0,0,0,0,1,1,1,0,0,0
"6718",0,0,1,0,0,0,1,0,0,0,0,0,0,0,0,0,0,0
"8528",0,0,0,0,0,0,1,0,0,0,0,0,0,0,0,0,0,0
"6510",1,0,1,1,1,0,1,0,0,1,0,1,1,1,0,1,0,1
"50814",1,1,1,1,1,1,1,1,0,1,0,1,1,1,1,1,0,0
"3295",1,0,0,1,1,0,1,1,0,1,0,1,1,0,1,1,0,1
"6307",1,1,1,1,1,0,1,1,0,1,0,1,1,1,1,1,1,1
"6509",0,1,0,1,1,0,1,0,0,1,0,1,1,1,0,0,0,0
"1632",0,1,0,1,1,1,1,1,0,1,0,1,1,1,0,0,0,0
"56301",0,0,1,0,0,0,1,0,0,0,0,0,1,1,1,0,1,0
"492",0,0,1,1,1,1,1,1,1,1,1,1,0,0,0,0,0,1
"10455",0,1,1,0,1,0,1,0,0,1,1,1,0,0,0,1,1,1
"490",1,1,1,1,0,1,0,1,1,1,0,1,1,0,1,1,1,1
"6520",1,1,1,1,1,1,1,1,1,1,1,1,1,1,1,1,1,1
"1633",1,1,1,1,1,1,1,1,0,1,1,0,1,0,1,1,1,1
"211",1,1,1,1,1,1,1,1,0,1,0,1,1,1,1,1,1,1
"493",1,0,0,1,1,1,1,1,0,1,0,0,0,0,0,1,1,1
"6319",0,1,0,1,1,0,0,0,0,1,0,1,1,1,0,0,0,0
"9415",0,0,0,1,1,0,0,0,0,0,0,0,1,1,1,0,0,0
"491",0,0,0,0,0,0,1,0,0,0,0,0,0,0,0,0,0,0
"23464",1,0,1,0,1,1,1,0,0,0,0,0,1,1,0,1,0,0
"3992",0,1,1,0,0,0,1,0,0,0,0,1,1,1,0,0,0,0
"212",0,1,0,0,0,0,1,0,0,0,0,0,0,0,1,1,1,0
"8694",0,1,1,0,0,1,1,0,0,0,1,0,0,1,0,1,0,0
"847",1,1,1,1,1,1,1,1,0,1,1,0,1,1,1,1,1,1
"84649",1,1,0,1,1,0,1,0,0,0,0,0,1,1,0,0,0,1
"1716",1,1,1,1,1,1,1,1,1,1,1,1,1,1,1,1,1,1
"6546",0,0,0,0,1,0,1,0,0,0,0,0,0,0,1,0,0,0
"6547",0,0,0,1,0,0,0,0,0,0,0,0,0,1,0,0,0,0
"54407",1,1,1,1,1,1,1,1,1,1,1,1,1,1,1,1,1,1
"6541",1,1,1,1,1,0,1,0,0,1,1,1,1,1,0,1,0,0
"6543",0,0,0,0,0,0,0,1,0,0,0,0,0,0,0,0,0,0
"6515",1,1,1,1,1,1,0,1,1,1,1,1,1,1,1,1,1,1
"59272",0,0,0,0,0,0,0,0,1,0,0,0,0,0,0,0,0,0
"84889",0,0,0,0,0,0,0,0,0,0,0,0,0,0,0,1,0,0
"6517",0,0,0,0,0,0,0,0,0,0,0,0,0,0,0,0,0,0
"81539",1,1,1,1,1,1,1,1,1,1,1,1,1,1,1,1,1,1
"340024",1,1,1,1,0,0,1,0,0,0,0,0,1,0,0,0,0,0
"6513",1,1,1,1,1,1,1,1,0,1,0,1,1,1,0,1,1,1
"55089",0,0,0,0,0,0,1,0,0,0,0,0,0,0,0,0,0,0
"1718",0,1,0,1,1,0,1,0,0,1,0,1,1,1,0,0,0,0
"2538",0,0,0,0,0,0,0,0,0,0,0,0,0,0,0,0,0,0
"1581",0,0,0,0,0,0,1,0,0,0,0,0,0,0,0,0,0,0
"57818",0,0,0,0,0,0,0,0,0,0,0,0,0,0,0,0,0,0
"92579",0,1,1,0,1,1,1,0,0,0,0,1,1,1,1,0,0,0
"1373",0,0,0,0,0,0,1,0,0,1,0,0,0,0,0,1,1,0
"873",1,1,1,1,1,1,1,1,0,1,1,1,1,1,0,1,0,1
"11254",0,0,0,0,0,0,1,0,0,0,0,0,0,0,1,0,0,1
"57393",0,0,0,1,0,1,0,0,0,0,0,0,1,0,0,0,1,0
"6542",0,0,0,0,0,0,1,0,0,0,0,0,0,0,0,0,0,0
"84706",0,1,1,0,1,0,0,0,0,1,0,1,1,1,1,0,0,0
"1717",1,0,0,1,1,1,1,1,0,0,0,0,1,1,0,1,0,0
"2875",0,0,0,0,1,1,1,1,1,1,1,1,0,1,1,0,0,1
"8560",1,1,1,1,1,1,1,1,1,1,1,1,1,1,1,1,1,1
"10423",0,1,1,1,1,1,1,1,0,1,0,0,1,1,1,1,1,1
"123099",1,0,1,1,0,0,1,0,0,0,0,0,0,1,0,1,0,1
"92745",0,1,1,0,1,1,1,0,0,1,0,1,0,1,0,1,1,1
"10991",0,0,0,0,0,0,1,0,0,0,0,0,0,0,0,0,0,0
"1040",1,0,1,1,0,0,1,0,0,0,0,1,0,0,0,1,0,1
"11309",0,0,0,0,0,0,0,0,0,0,0,0,0,0,0,0,0,1
"8760",1,1,1,1,1,1,1,1,1,1,1,1,1,1,1,1,1,1
"284273",1,0,0,1,1,1,1,0,0,1,0,0,1,1,0,1,0,0
"6783",0,0,0,0,0,0,1,0,0,0,0,0,0,0,0,0,0,0
"1723",0,1,0,1,1,0,0,1,0,1,1,1,0,1,0,1,0,0
"10327",1,1,1,1,1,1,1,1,0,1,1,1,1,1,1,1,1,1
"10390",1,0,1,0,0,0,1,1,1,1,0,1,1,0,1,1,1,1
"56994",0,1,0,1,1,1,1,1,0,0,0,0,0,1,0,1,0,1
"1807",0,0,0,0,0,0,1,0,0,0,0,0,0,0,0,0,1,0
"64781",1,1,1,1,1,1,1,0,0,1,1,0,1,1,0,1,1,1
"1809",0,0,0,0,0,0,1,0,0,0,0,0,0,0,0,0,0,0
"8854",1,1,0,1,0,0,1,0,0,0,0,0,0,1,0,0,1,0
"1808",1,0,1,0,1,0,0,1,0,1,1,1,1,1,1,0,0,0
"10087",1,0,0,1,1,1,0,0,0,1,1,1,0,0,1,0,1,1
"23539",0,0,0,0,0,1,0,0,0,0,0,0,0,1,1,0,0,1
"6565",0,1,1,1,0,0,1,0,0,0,0,0,0,0,1,0,0,1
"9023",1,0,1,1,1,1,1,1,1,1,1,1,1,1,0,1,0,0
"224",0,1,0,1,1,0,1,0,0,1,1,0,0,1,0,1,0,0
"501",0,1,1,1,0,0,1,0,1,0,0,0,1,1,0,0,1,0
"2224",1,1,1,1,1,1,1,1,0,1,1,1,1,1,1,1,1,1
"1103",0,0,0,0,0,0,0,0,0,0,0,0,0,0,0,0,0,0
"29958",0,1,0,1,0,1,1,0,0,1,0,1,1,1,1,0,0,0
"60386",0,1,1,0,1,0,1,0,0,0,0,1,1,1,0,1,0,0
"223",1,1,1,1,1,1,1,1,0,1,1,1,1,1,1,1,1,1
"216",0,0,0,0,0,0,0,1,0,0,0,0,0,0,0,1,0,0
"162466",0,1,1,1,1,0,0,0,0,0,0,0,0,1,0,1,1,1
"84920",1,0,1,0,0,0,1,1,0,1,0,0,0,0,1,0,1,1
"5130",1,0,1,0,1,1,1,0,0,1,0,0,1,1,0,1,0,0
"9468",0,0,0,0,0,0,0,0,0,0,0,0,0,0,0,0,0,0
"6579",0,0,0,0,0,0,0,0,0,0,0,0,0,0,0,0,0,0
"217",0,1,0,1,1,0,1,0,0,0,0,0,1,1,0,1,0,0
"219",0,1,1,0,1,0,0,0,0,1,0,1,1,1,0,1,0,0
"79087",0,1,1,0,1,1,1,1,0,0,1,0,0,1,0,1,0,0
"239",0,1,1,1,1,0,0,1,0,0,0,0,0,1,1,0,0,0
"6555",0,0,0,0,0,0,0,0,0,0,0,0,0,0,0,0,0,0
"6554",0,1,1,1,0,1,1,1,0,1,0,0,0,0,0,1,1,0
"26002",1,0,1,0,0,0,1,0,0,0,0,0,1,1,1,0,0,1
"1621",0,1,1,1,1,1,1,1,1,1,1,1,0,1,1,0,0,0
"8647",0,0,0,0,0,0,1,0,0,0,0,0,0,0,1,0,0,0
"247",0,0,0,0,0,0,1,0,0,0,0,0,0,1,0,0,0,0
"7299",0,0,0,0,0,0,0,0,0,0,0,0,0,0,0,0,0,0
"55349",0,1,1,1,1,0,0,0,0,0,0,0,0,0,0,1,1,1
"6530",0,0,0,0,0,0,1,0,0,0,0,0,0,0,0,0,0,0
"246",0,1,0,0,0,0,1,0,0,0,0,0,0,1,0,1,0,0
"6531",0,0,0,0,0,1,0,0,0,0,0,0,0,0,0,0,1,0
"6581",0,0,0,0,0,0,1,0,0,0,0,0,0,0,0,0,0,1
"240",0,1,1,1,0,1,0,0,0,0,0,0,1,1,0,0,0,0
"231",1,1,1,1,1,1,1,1,1,1,1,1,1,1,1,1,1,1
"8574",0,1,1,1,1,1,1,1,0,0,0,1,1,1,1,1,1,1
"23600",1,0,0,1,1,0,0,0,0,1,0,0,1,1,0,1,0,1
"1119",0,1,1,0,1,1,0,1,0,0,1,1,1,1,1,0,0,0
"1120",1,0,1,0,0,1,1,1,1,0,0,0,1,1,0,1,0,0
"5224",0,0,0,0,0,0,0,0,0,0,0,0,0,0,0,0,0,0
"60482",0,0,0,0,0,0,0,0,1,0,0,0,0,0,0,0,1,0
"6582",0,0,0,0,0,0,1,0,0,0,0,0,0,0,0,0,0,0
"115286",1,1,1,1,1,1,0,1,0,1,1,1,1,1,0,1,1,0
"5223",1,1,1,1,1,1,1,1,0,1,1,1,1,1,1,1,1,1
"6584",1,0,1,0,0,0,0,0,1,1,0,0,1,0,0,1,1,0
"669",1,1,1,1,1,0,1,0,1,1,1,1,1,1,1,1,1,1
"271",1,0,1,0,1,1,0,1,0,1,0,0,0,1,0,1,0,1
"6820",0,1,0,0,0,0,1,0,0,0,0,0,0,0,1,1,0,1
"4597",1,0,1,1,1,1,1,1,1,0,0,0,1,1,1,1,0,0
"51071",1,1,1,1,1,1,1,1,0,1,1,1,1,0,1,0,0,0
"10948",1,1,1,1,1,1,1,1,1,0,1,1,1,1,1,1,1,1
"19",0,1,0,1,0,0,0,0,1,1,0,0,0,0,0,1,1,1
"272",1,0,1,0,0,1,1,0,0,1,0,0,1,1,1,0,0,0
"1806",1,0,0,1,0,1,0,1,1,0,1,0,1,0,1,1,1,1
"270",0,0,0,0,0,0,1,0,0,0,0,0,0,1,0,1,0,0
"7083",1,0,0,1,1,1,1,0,0,0,0,1,1,1,0,0,0,0
"290",0,1,0,0,1,0,1,0,0,0,0,0,0,1,0,1,0,0
"1118",1,0,1,1,1,0,1,0,0,0,0,0,0,0,1,0,1,1
"7084",1,0,0,1,1,0,0,1,1,0,1,0,1,1,1,0,0,0
"54682",0,1,0,0,1,1,0,0,0,0,1,0,1,1,1,0,0,0
"27159",0,0,0,0,0,0,0,0,0,0,0,0,1,0,1,0,1,0
"3704",1,1,1,1,1,1,1,1,1,1,1,1,1,1,1,1,1,1
"279",0,0,0,0,0,1,0,0,0,0,0,0,0,0,0,0,0,0
"277",0,0,0,0,0,1,0,0,0,0,0,0,0,0,0,0,0,0
"1854",1,1,1,1,1,1,1,1,0,1,1,1,1,1,1,1,1,1
"10682",1,1,1,1,1,1,1,1,1,1,1,1,1,1,1,1,1,1
"9058",0,0,0,0,0,0,0,0,0,0,0,0,0,0,0,0,0,0
"276",0,0,0,0,0,0,0,0,0,0,0,0,0,0,0,0,0,0
"278",0,0,0,0,0,0,0,0,0,0,0,0,0,0,0,0,0,0
"1892",1,1,1,1,1,1,1,1,0,1,1,1,1,1,1,1,1,1
"549",0,1,1,0,1,0,1,1,0,1,0,1,0,0,1,1,1,1
"11136",0,1,0,0,0,1,1,0,0,0,0,0,0,0,0,1,1,1
"6519",1,0,1,0,1,1,1,0,0,0,1,0,0,0,0,1,1,0
"1962",1,1,1,1,0,0,1,0,0,0,0,1,1,0,0,0,1,1
"280",0,1,0,0,0,1,1,0,0,0,0,1,0,0,1,0,1,1
"6576",1,1,1,1,1,1,1,1,1,0,0,0,1,1,1,1,1,1
"1891",1,1,1,1,1,1,1,1,0,1,1,1,1,1,1,1,1,1
"1160",1,0,1,1,1,0,0,0,0,0,0,0,0,0,1,0,1,1
"11001",0,1,0,1,1,0,1,0,0,1,0,1,0,0,0,1,1,1
"1159",0,0,0,0,0,0,0,0,0,0,0,0,0,0,0,0,0,0
"548596",0,0,0,0,0,0,1,0,0,0,0,0,0,0,0,0,0,1
"1152",0,1,0,1,0,0,0,0,0,0,0,1,0,1,0,1,0,0
"1158",0,0,0,0,0,0,1,0,0,0,0,0,0,1,1,0,1,0
"5172",0,0,0,0,0,0,1,0,0,1,0,0,0,0,1,0,0,1
"65010",0,1,0,1,0,1,0,1,0,1,0,0,0,1,1,0,0,1
"10998",0,1,1,0,1,0,1,0,1,0,0,1,1,1,0,1,0,0
"113451",0,1,1,1,0,1,0,0,0,0,0,0,0,0,0,1,0,1
"53919",0,0,0,0,0,0,0,0,0,0,0,0,0,0,0,0,0,0
"9057",0,1,0,1,1,1,0,0,1,0,1,0,0,1,0,1,0,1
"384",1,0,0,1,1,0,1,1,0,1,0,1,1,1,0,0,1,1
"28231",1,0,1,0,1,0,1,0,0,1,0,1,1,1,0,1,0,0
"54675",1,0,1,0,1,1,0,0,0,0,0,0,0,0,1,0,1,1
"10257",0,1,0,1,1,1,1,0,0,1,1,0,0,0,0,1,1,1
"10559",0,1,1,0,1,0,1,0,0,1,1,1,0,0,1,1,1,1
"445",1,1,1,0,0,0,1,0,0,1,0,0,0,1,1,0,0,0
"28232",0,1,0,1,0,1,0,1,0,0,1,0,0,1,1,1,0,0
"55907",1,1,1,1,1,1,1,1,0,1,1,1,1,1,1,1,1,1
"2108",1,1,1,1,1,0,1,1,1,1,0,1,1,1,1,1,1,1
"8034",1,0,1,0,0,1,1,1,0,1,0,1,0,0,1,1,1,1
"2109",0,1,0,1,1,1,1,1,0,0,0,1,1,1,0,0,0,0
"83884",0,0,0,0,0,0,0,0,0,0,0,0,0,0,1,1,0,0
"10166",0,1,0,1,0,1,0,0,0,1,0,1,0,1,0,1,0,1
"8824",1,0,1,0,1,1,1,1,0,0,0,0,1,1,0,1,0,0
"410",1,1,1,1,1,1,1,1,0,0,0,0,0,1,1,1,1,1
"2110",1,0,1,0,1,0,1,1,0,1,0,1,1,0,1,0,1,1
"51805",0,1,0,1,1,0,1,0,1,1,0,1,1,0,0,1,1,0
"55500",1,1,1,1,1,0,1,0,1,1,0,1,1,0,1,1,1,1
"427",1,0,0,1,0,0,0,1,1,1,1,0,0,0,1,1,1,1
"55224",0,1,0,1,1,1,1,0,0,0,0,0,1,1,1,0,0,0
"51004",0,1,0,1,1,1,1,1,0,0,0,1,0,1,0,1,0,0
"10229",0,1,0,1,0,1,0,1,0,0,1,1,1,1,0,0,0,0
"9962",0,1,0,1,0,1,1,1,0,1,0,0,0,1,1,0,0,0
"2181",0,1,0,1,0,0,1,1,0,0,1,1,0,0,1,0,1,1
"9245",1,0,1,1,0,0,1,0,0,0,0,0,0,1,0,1,0,0
"2650",1,0,1,0,1,0,1,0,0,1,0,1,0,0,0,1,1,1
"51301",1,1,1,1,0,0,1,0,1,1,1,0,1,0,0,1,1,1
"2182",1,0,1,0,1,0,1,1,1,1,0,1,0,0,1,0,1,1
"9963",1,0,0,1,0,0,1,0,0,0,0,1,0,0,1,1,1,1
"2180",0,1,1,0,1,1,1,0,0,1,0,0,1,0,0,0,0,1
"192134",0,0,0,0,0,0,0,0,0,0,0,0,0,0,0,0,0,0
"386757",0,0,0,0,0,0,0,0,0,0,0,0,0,1,0,0,0,0
"80150",1,0,1,0,1,0,0,0,0,1,0,1,1,1,1,0,0,0
"51703",1,1,1,1,1,1,1,1,1,1,1,1,1,1,1,1,1,1
"81616",0,0,1,1,0,1,0,0,0,0,0,0,0,0,1,0,1,1
"23305",1,0,0,1,0,0,0,1,1,0,0,0,1,0,0,1,1,1
"440",0,1,0,1,1,0,0,0,0,1,0,1,1,0,1,0,0,1
"6535",0,1,1,1,0,1,1,0,0,0,0,0,0,1,0,0,0,0
"1384",0,1,0,1,1,1,0,0,0,0,0,1,1,1,0,1,0,0
"116285",1,0,0,1,0,1,1,1,0,0,0,0,1,0,0,0,0,1
"6583",0,1,1,1,0,0,0,0,1,0,0,0,1,0,0,0,0,1
"5167",1,1,1,1,0,1,1,0,0,1,0,0,0,1,0,0,0,1
"790",1,0,1,0,1,1,0,0,0,1,0,1,0,1,0,1,0,0
"5169",1,0,0,0,0,1,1,1,0,0,0,0,0,0,1,1,1,1
"54898",0,0,0,0,0,0,0,0,0,0,0,0,0,0,0,0,0,0
"6511",0,0,0,0,0,0,1,0,0,0,0,0,0,0,0,0,0,0
"1431",1,1,1,1,1,1,1,1,0,1,1,1,1,1,1,1,1,1
"6785",0,1,1,1,0,0,0,0,0,1,0,0,0,0,0,1,1,0
"6505",0,1,1,1,1,0,1,0,0,0,0,0,1,0,0,1,1,0
"54677",0,1,0,1,1,1,1,0,0,1,1,0,1,0,1,1,1,1
"60481",1,1,1,1,1,1,1,1,1,1,1,1,1,1,1,1,1,1
"6507",0,0,0,0,0,0,1,0,0,0,0,0,0,0,0,0,0,0
"79071",0,1,0,1,1,1,0,0,0,1,0,1,1,0,1,1,1,0
"1579",0,0,0,0,0,0,0,0,0,0,0,0,0,0,1,0,0,0
"6512",0,0,0,0,0,0,1,0,0,0,0,0,0,0,0,0,0,0
"2194",0,1,1,0,0,1,0,0,1,0,0,1,0,1,1,1,0,1
"6506",0,1,1,1,0,0,1,1,0,1,0,0,0,1,0,1,1,0
"376497",0,1,1,0,1,1,0,0,0,0,0,0,0,1,0,1,0,1
"10999",1,0,1,0,1,0,1,0,0,0,1,0,0,1,0,1,0,1
"525",0,0,0,0,0,0,0,0,0,0,0,0,0,0,0,0,0,0
"11000",1,0,1,0,0,0,1,0,0,0,0,0,0,1,0,1,0,0
"230",0,1,1,0,0,1,1,1,0,0,0,0,1,1,0,1,0,0
"226",1,0,0,1,1,1,1,1,0,0,0,0,1,1,0,1,0,0
"527",1,0,1,1,0,1,0,1,0,0,0,0,0,1,1,1,0,1
"8140",1,0,1,1,1,1,1,0,0,1,0,1,1,1,1,0,1,0
"229",0,0,0,0,0,0,0,0,0,0,0,0,0,0,0,0,0,1
"23545",0,1,1,0,1,1,1,0,1,1,1,0,1,1,0,0,0,1
"5207",0,0,1,1,1,1,1,1,1,1,1,1,1,0,0,0,1,1
"526",1,1,1,1,1,1,1,0,0,1,1,1,1,1,1,1,1,1
"23428",1,0,1,1,1,1,0,0,0,0,1,0,1,0,0,1,0,1
"5208",0,1,1,1,1,0,0,0,0,1,0,1,0,0,0,1,1,1
"1036",0,0,0,0,0,0,1,0,0,0,0,0,0,1,0,0,0,1
"245973",0,1,0,1,1,1,1,0,0,0,0,0,1,1,1,0,1,0
"5210",0,1,0,1,1,1,1,1,1,1,1,1,1,1,0,0,0,0
"8789",0,0,0,0,0,0,1,0,0,0,0,0,0,0,0,0,0,0
"5209",1,0,0,1,0,1,1,0,1,1,0,0,1,1,1,0,0,0
"124935",0,1,0,1,0,0,1,0,0,0,1,0,1,1,1,0,1,0
"2203",0,1,1,0,0,1,0,0,0,0,0,0,1,1,0,0,0,0
"2235",1,0,0,1,1,0,0,0,1,1,0,1,1,1,0,0,0,0
"23657",0,0,1,0,0,0,1,0,0,1,0,0,1,0,0,1,0,0
"57379",1,1,1,0,0,1,0,0,0,0,0,0,1,1,0,0,0,0
"2629",0,1,0,1,1,1,1,1,0,0,1,0,1,1,0,0,0,0
"10840",0,0,0,0,0,0,0,0,0,0,0,0,0,0,0,0,0,0
"26301",0,1,0,1,0,0,1,0,0,0,0,0,1,1,0,1,0,1
"79901",0,1,0,1,1,0,1,0,0,0,0,0,1,1,0,0,1,0
"978",0,0,1,1,1,0,0,1,0,0,1,0,0,0,0,0,0,0
"7371",1,0,1,0,1,0,1,0,0,1,0,1,1,1,1,0,0,0
"83549",0,1,0,1,1,1,1,0,0,0,0,1,1,1,0,1,0,0
"7915",0,1,1,0,1,1,1,0,0,0,0,0,1,1,0,0,0,0
"125061",1,0,0,1,1,0,0,0,0,1,1,1,0,1,0,0,1,1
"4329",1,0,1,0,1,1,1,1,0,0,1,1,1,1,0,0,0,0
"51727",1,1,1,1,1,1,1,1,1,1,1,1,1,1,1,1,1,1
"1719",1,0,0,1,1,0,1,0,0,1,0,1,1,1,1,0,0,0
"129607",1,0,1,0,0,1,1,1,0,1,0,0,1,1,0,1,1,0
"2356",1,1,1,1,1,1,1,1,0,1,0,1,1,1,1,1,1,1
"2731",1,0,1,0,0,0,1,0,0,0,0,0,0,1,0,0,0,0
"29988",0,1,0,1,1,1,1,0,0,0,0,0,1,1,1,0,0,0
"275",0,1,0,0,0,1,0,0,0,0,0,0,0,1,0,1,0,1
"2653",0,1,0,1,0,0,1,1,0,0,0,0,0,0,1,1,1,0
"1609",0,1,0,1,1,1,0,1,0,0,0,0,0,1,0,1,0,0
"155184",0,0,0,0,0,0,0,0,0,0,0,0,0,0,0,1,0,0
"2651",1,0,1,0,0,1,1,1,0,0,0,0,1,1,1,0,1,0
"6514",0,0,0,0,0,0,0,0,0,0,0,0,0,0,0,0,0,0
"6518",1,0,1,0,0,0,1,0,0,0,0,0,1,1,0,0,0,0
"8525",0,1,1,0,1,1,0,0,0,0,1,0,0,1,1,0,0,0
"66035",0,1,0,1,0,1,0,0,0,1,0,0,0,1,1,0,1,0
"55343",0,1,0,1,1,1,0,1,0,0,0,1,0,1,0,1,0,0
"7264",1,1,1,1,1,1,1,1,0,1,1,1,1,1,1,1,1,1
"160428",0,1,1,1,0,0,1,0,0,0,0,1,1,0,1,0,1,1
"8836",1,0,0,1,0,0,0,1,0,1,1,1,1,1,0,1,0,0
"4522",0,1,0,1,1,1,1,0,0,0,0,1,1,1,0,1,0,0
"25902",1,0,1,0,1,0,0,0,0,1,0,1,1,1,0,0,0,0
"1608",1,0,1,0,0,0,1,0,0,1,0,0,1,1,1,0,1,0
"79017",1,1,1,1,0,0,1,1,1,1,1,1,1,1,1,1,1,1
"2519",0,1,0,1,1,1,1,0,0,1,0,0,1,1,0,0,0,0
"2997",1,0,0,1,0,1,1,1,0,0,0,0,0,1,1,0,0,0
"160851",1,0,1,0,1,1,1,0,0,1,0,0,0,0,1,0,1,1
"9162",1,1,1,1,1,0,1,0,0,0,0,1,0,0,0,0,1,1
"2184",0,1,0,1,1,0,1,0,1,1,0,0,1,1,0,1,0,0
"8527",0,1,0,1,0,1,0,0,1,0,1,1,0,1,0,1,0,1
"8908",0,0,0,0,0,0,0,0,0,0,0,0,0,0,0,0,0,0
"2271",1,1,1,1,1,1,1,1,0,1,1,1,1,1,1,1,1,1
"2992",1,1,1,1,1,1,1,1,0,1,0,1,1,1,1,1,1,1
"2523",1,1,1,1,1,1,1,1,1,1,1,1,1,1,1,0,0,0
"8526",1,0,0,1,1,0,1,0,0,1,0,1,0,0,1,1,1,1
"2998",0,0,0,0,0,0,0,0,0,0,0,0,0,0,0,0,0,0
"2525",0,0,0,0,0,0,0,1,0,0,0,0,0,1,0,1,0,0
"2687",0,0,1,0,0,0,1,0,0,0,0,0,0,1,1,0,1,0
"6470",0,1,0,1,1,0,1,1,1,0,0,0,1,1,0,0,0,0
"1606",1,1,1,1,1,1,1,1,1,1,1,1,1,1,1,1,1,1
"6472",1,1,1,1,1,1,1,1,0,1,1,1,1,1,1,1,1,1
"10690",0,0,0,0,0,0,1,0,0,0,0,0,0,0,0,0,0,0
"9334",0,1,1,0,1,0,0,0,0,1,0,1,1,1,0,1,0,0
"8704",0,0,0,1,0,0,0,0,0,1,0,1,1,1,0,1,0,0
"2717",1,1,1,1,1,1,1,0,1,1,0,1,1,1,1,1,1,1
"8703",1,1,1,1,1,1,1,1,0,1,1,0,1,1,1,1,1,1
"2632",1,0,1,0,1,0,0,0,0,1,0,1,1,0,1,1,1,1
"2683",1,1,1,1,1,1,1,1,1,1,1,1,1,1,1,1,1,1
"2820",0,1,1,0,0,0,1,1,0,0,1,1,1,0,1,0,1,1
"5832",1,1,1,1,1,1,1,0,0,1,0,1,1,1,1,1,1,1
"2990",1,1,1,1,1,1,1,1,0,0,1,1,1,1,1,1,1,1
"9563",0,1,0,1,0,1,1,1,0,0,1,0,0,1,0,1,0,0
"8372",1,0,0,1,1,0,1,0,0,0,0,1,0,1,0,1,0,0
"3290",0,1,1,1,0,0,0,0,0,1,0,1,0,1,0,0,0,1
"2539",1,0,0,1,1,0,1,0,1,0,0,1,1,1,0,0,0,0
"3291",0,0,0,1,0,0,1,1,0,0,0,0,0,1,1,0,1,0
"3292",0,1,1,1,0,0,0,0,0,1,1,0,0,1,0,1,0,0
"26035",1,0,0,1,1,0,1,0,0,1,0,1,1,0,0,1,1,0
"2542",1,0,1,0,1,0,1,0,0,0,0,0,1,1,0,0,0,0
"2593",0,1,1,0,1,1,0,1,0,0,1,0,0,1,0,1,0,1
"54480",1,0,1,0,1,1,0,1,0,0,0,1,0,1,0,1,0,0
"2132",0,1,0,1,1,1,1,1,0,0,1,0,1,1,0,0,0,0
"7923",0,1,1,1,1,1,1,1,0,1,0,1,1,1,1,1,1,1
"3294",0,1,1,1,0,0,1,0,0,0,0,0,0,0,1,1,0,1
"2131",1,0,0,1,1,0,1,1,0,0,0,0,1,1,0,0,0,0
"51478",0,1,1,0,1,0,1,0,0,1,0,1,1,1,1,0,1,0
"9514",0,0,0,0,0,0,0,0,0,0,0,0,0,0,0,1,0,1
"3283",0,0,0,0,0,0,0,0,0,0,0,0,0,0,0,0,0,0
"2720",1,1,1,1,1,1,1,1,0,1,1,1,1,1,1,1,1,1
"3284",0,0,0,0,0,0,1,0,0,0,0,0,0,0,0,0,1,0
"27087",1,0,0,1,0,0,0,0,0,0,0,0,1,1,1,0,0,0
"4758",0,1,1,1,1,1,1,1,0,0,1,0,1,1,0,1,0,0
"80270",0,1,0,1,1,0,0,0,0,0,0,0,0,0,0,1,0,1
"57026",0,1,1,1,0,1,1,0,0,0,0,0,0,1,1,1,0,1
"5476",1,1,1,1,1,1,1,1,0,0,1,0,1,1,1,1,1,1
"135152",1,0,1,0,0,0,1,1,0,0,0,1,0,0,1,0,1,1
"2588",0,1,1,0,0,1,1,1,1,0,0,0,0,1,1,0,0,1
"26229",1,1,1,1,1,1,1,1,0,0,0,1,1,1,1,1,1,1
"2581",0,1,0,1,0,1,0,1,0,0,1,0,1,0,0,1,1,1
"4669",0,1,1,0,1,1,1,0,0,0,0,0,0,1,0,1,0,0
"3421",1,1,1,1,1,1,1,1,0,1,1,1,1,1,1,1,1,1
"2583",0,0,0,0,0,0,0,0,0,0,0,0,0,0,0,0,0,0
"55454",1,1,0,1,0,1,0,1,1,0,1,0,1,0,1,1,1,1
"3420",1,1,1,1,1,1,1,1,1,1,1,1,1,1,1,1,1,1
"3340",0,0,1,0,0,0,1,0,0,0,0,0,1,1,0,0,1,0
"8509",1,0,1,1,1,0,0,1,0,1,0,0,0,1,0,1,0,0
"9348",0,0,0,0,0,0,0,0,0,0,0,0,0,0,0,0,0,0
"55790",0,1,0,1,0,1,1,1,1,0,1,0,1,0,0,1,1,0
"64579",0,0,0,0,0,0,0,0,0,0,0,0,0,0,0,0,0,0
"3419",1,0,0,1,1,0,1,0,0,1,0,1,1,0,0,0,1,1
"79586",0,1,0,1,1,1,1,1,0,0,0,0,0,1,1,0,0,0
"3417",1,0,0,1,1,0,1,0,0,1,0,1,1,0,0,0,1,1
"2137",1,0,1,0,1,1,1,0,0,1,1,0,1,1,0,1,0,0
"3418",1,1,1,1,1,1,1,1,0,1,1,0,1,1,1,1,1,1
"22856",0,1,1,0,1,0,1,0,0,1,0,1,0,1,1,1,0,0
"337876",0,0,1,1,1,1,1,1,1,1,1,1,1,0,1,0,0,1
"7173",0,1,0,0,0,0,1,0,0,0,0,0,0,0,0,0,0,1
"2135",0,1,0,1,0,1,0,0,0,1,0,0,1,0,1,0,1,1
"2134",0,0,0,0,0,0,1,0,0,0,0,0,0,0,0,0,0,0
"55568",1,0,0,1,0,1,1,1,0,1,0,1,1,1,1,0,0,0
"56606",0,1,1,0,0,1,1,0,0,0,1,0,0,0,1,1,0,1
"2590",1,0,1,0,0,1,0,1,0,0,1,0,1,1,1,0,0,0
"154091",0,0,0,0,0,0,0,0,0,0,0,0,1,0,0,0,0,0
"3425",0,1,1,0,0,0,1,1,0,0,0,0,0,1,1,1,0,1
"2591",0,1,1,1,1,0,0,0,0,0,1,0,0,0,1,0,0,1
"144195",0,1,1,1,0,0,1,0,0,0,1,1,0,0,0,0,1,0
"11182",0,1,1,1,0,1,0,0,0,0,0,0,0,1,1,0,0,0
"114805",0,0,0,0,0,0,0,0,0,0,0,0,0,0,0,0,0,0
"6523",0,0,0,0,0,0,1,0,0,0,0,0,0,0,0,0,0,0
"587",1,0,1,0,1,1,1,1,0,0,0,1,1,1,0,1,0,0
"8693",0,1,1,1,1,0,0,0,0,0,0,0,0,0,0,1,1,0
"63917",0,1,0,1,1,1,0,0,0,0,1,1,0,1,0,1,0,1
"50614",0,1,0,1,0,0,0,0,0,0,0,0,0,0,1,0,0,1
"8501",1,0,1,0,1,0,1,0,0,0,1,1,1,1,0,1,0,1
"2589",0,1,1,1,1,0,1,0,1,1,1,1,0,0,1,0,1,1
"178",1,0,1,0,1,0,1,0,0,1,0,1,0,0,1,0,1,1
"51809",1,0,0,1,1,1,0,0,1,1,0,1,1,0,1,0,1,1
"55586",0,0,1,1,0,0,1,0,0,0,0,0,0,0,1,1,0,1
"114134",0,1,0,1,1,0,0,1,0,0,0,0,0,0,1,0,1,1
"117248",0,0,1,1,0,0,1,0,0,0,0,0,0,0,0,0,1,1
"11227",0,0,1,1,0,0,0,0,0,0,1,0,0,0,1,1,1,0
"6526",0,1,1,0,1,0,1,0,0,1,1,1,0,0,1,0,1,1
"11226",1,0,0,1,1,1,1,0,0,1,0,0,1,1,0,0,0,0
"79695",1,0,0,0,0,1,0,0,0,1,1,0,0,0,0,1,1,1
"79623",0,1,1,0,0,0,1,0,0,0,0,0,1,1,1,0,1,0
"3422",1,1,1,1,1,1,1,1,1,1,1,1,1,1,1,1,1,1
"91734",0,0,1,0,0,0,0,0,0,0,0,0,0,1,1,1,1,0
"26290",1,0,0,0,1,1,0,0,0,0,0,0,1,1,1,0,0,0
"81031",0,0,0,0,0,0,1,0,0,0,0,0,0,0,0,0,0,0
"126792",1,0,1,0,1,0,0,0,0,1,0,1,0,1,0,1,0,1
"5837",0,1,1,1,1,0,0,0,0,0,1,0,0,1,0,1,0,1
"5836",1,0,1,1,1,0,0,1,0,0,1,0,0,1,1,0,0,0
"5834",0,1,1,0,1,1,1,1,0,0,0,0,1,1,0,1,0,0
"160728",0,0,1,1,0,0,1,0,0,0,0,0,0,0,0,1,0,0
"8801",1,1,1,1,1,1,1,1,0,1,1,1,1,1,1,1,1,1
"11285",0,1,0,1,1,1,0,1,0,0,0,1,0,1,0,1,0,0
"8802",1,1,1,1,1,1,1,1,0,1,1,1,1,1,1,1,1,1
"2729",0,1,1,0,1,0,1,0,1,1,0,0,1,0,0,1,1,0
"8972",0,1,0,0,0,0,1,0,0,0,0,0,1,0,0,0,0,0
"2618",1,1,1,1,1,1,1,0,0,1,1,1,1,1,1,1,1,1
"2730",0,1,1,0,1,0,1,1,1,1,0,1,1,0,1,0,1,1
"8803",1,0,1,0,1,0,1,0,0,1,0,1,0,0,1,0,0,1
"10723",0,1,0,1,1,1,1,1,0,0,0,0,0,1,0,1,0,1
"9990",1,0,0,1,1,0,1,1,0,0,1,0,0,0,0,1,1,1
"2746",1,1,1,1,1,1,1,1,1,1,1,1,1,1,1,1,1,1
"6560",0,1,1,0,0,1,1,1,0,1,0,0,0,1,0,1,0,1
"2747",0,1,0,1,0,1,0,0,0,1,0,1,1,1,1,0,1,0
"5019",1,1,1,1,1,1,1,1,0,1,1,1,1,1,1,1,1,1
"10841",0,0,1,1,1,1,1,1,1,1,1,1,0,0,1,1,0,1
"57468",0,0,0,1,0,0,1,0,0,0,0,0,0,1,0,1,1,0
"3795",0,1,1,0,1,1,0,1,0,0,0,0,1,0,0,1,0,1
"1629",1,0,1,0,1,0,1,0,0,1,1,0,1,0,1,1,1,1
"27165",0,1,1,1,1,1,1,1,1,1,1,1,0,1,1,1,0,0
"594",0,1,1,0,1,1,1,1,0,1,1,0,1,0,1,0,1,0
"2744",1,1,1,1,0,0,1,1,1,1,0,1,1,0,1,1,1,1
"8564",0,1,0,0,1,0,1,0,0,0,1,0,1,0,1,0,1,1
"3938",0,0,1,1,0,0,1,0,0,0,0,0,1,1,1,0,1,0
"593",0,1,0,1,1,1,0,1,0,0,0,0,0,1,0,1,0,0
"26873",0,0,1,0,1,1,1,1,1,1,1,1,0,1,1,0,0,1
"79751",0,1,0,1,1,1,0,0,0,0,0,0,0,1,0,1,0,1
"83733",0,1,1,1,0,1,0,0,1,0,0,0,0,1,0,0,0,1
"4942",1,1,1,1,1,1,1,1,0,1,0,1,1,1,1,1,1,1
"2639",1,1,1,1,1,1,1,1,0,1,0,1,1,1,1,1,1,1
"53",1,0,0,1,1,0,1,0,0,0,0,1,1,1,0,0,0,0
"3931",0,1,0,1,1,1,1,0,0,1,0,0,0,1,1,1,0,1
"7372",1,1,1,1,1,0,1,0,1,1,0,1,1,1,1,1,1,1
"57084",0,0,0,0,0,0,0,0,0,0,0,0,0,0,0,0,0,0
"1811",0,0,0,0,0,1,1,0,0,0,0,0,0,1,0,0,1,1
"246213",0,0,0,0,0,0,1,0,0,0,0,0,0,0,0,0,0,0
"57030",1,1,1,1,0,0,1,0,0,0,0,0,0,0,0,0,1,1
"387775",0,0,0,0,0,0,1,0,0,0,0,0,0,0,0,1,0,0
"10861",0,1,1,1,0,0,1,0,0,0,0,1,0,1,1,1,1,1
"1836",1,0,1,0,1,0,1,0,0,1,0,0,1,0,1,1,1,1
"124637",0,1,0,0,1,0,0,0,0,0,0,0,1,0,0,0,0,0
"51179",0,0,0,0,0,0,0,0,0,0,0,0,0,0,0,1,0,0
"54363",0,0,0,0,0,0,0,0,0,0,0,0,0,0,0,0,0,0
"366",1,0,1,1,1,0,0,1,0,0,0,0,0,0,0,1,0,0
"1583",0,0,0,0,0,0,0,0,0,0,0,0,0,0,0,0,0,0
"2628",0,0,1,1,0,0,1,0,0,0,0,0,1,1,0,0,1,1
"1584",0,0,0,0,0,0,0,0,0,0,0,0,0,0,0,0,0,0
"1585",0,0,0,0,0,0,0,0,0,0,0,0,0,0,0,0,0,0
"11283",0,0,0,0,0,0,0,0,0,0,0,0,0,0,0,0,0,0
"9380",1,1,1,1,1,1,1,1,0,1,0,1,1,1,1,1,0,0
"1586",0,0,0,0,0,0,0,0,0,0,0,0,0,0,1,0,0,0
"2713",1,0,0,1,0,0,0,0,0,1,0,1,0,0,0,1,1,1
"4047",1,0,1,0,1,1,1,0,0,0,0,1,0,1,0,1,0,0
"1588",0,0,0,0,0,0,1,0,0,0,0,0,0,0,0,0,0,0
"29124",0,0,0,0,0,0,0,0,0,0,0,0,0,0,0,0,0,0
"5321",0,0,0,1,1,0,0,0,0,0,0,0,0,1,0,0,0,0
"2710",1,0,0,1,1,0,1,0,0,1,0,1,1,0,1,0,1,0
"1576",1,0,1,1,1,1,1,1,1,1,1,1,0,0,1,1,1,0
"2712",0,0,0,0,0,0,0,0,0,0,0,0,0,0,0,1,0,0
"1178",1,1,1,1,0,0,0,0,0,1,0,1,0,1,0,1,0,0
"51268",0,0,1,0,0,0,1,1,0,0,0,0,0,1,0,1,1,0
"1056",0,0,0,0,0,0,0,0,0,0,0,0,0,1,1,1,0,1
"3029",0,1,1,1,1,1,1,1,0,1,1,0,1,1,1,1,0,1
"6536",0,0,0,1,1,0,1,0,0,1,0,0,1,1,0,1,0,0
"1589",0,1,0,0,0,0,0,0,0,0,0,0,0,0,0,1,1,0
"1593",0,0,1,1,1,0,1,1,0,0,0,0,1,1,0,0,0,1
"3990",0,1,0,1,1,0,1,1,0,0,0,0,1,1,0,0,1,0
"1548",0,1,1,1,1,1,1,1,1,1,1,1,0,0,1,0,1,1
"80339",0,0,1,1,1,1,1,1,1,1,1,1,1,1,1,0,0,0
"4023",0,0,1,1,1,1,1,1,1,1,1,1,1,1,0,0,1,0
"5226",1,1,1,1,1,1,1,1,0,1,0,1,1,1,1,1,1,1
"1553",0,0,0,0,0,0,0,0,0,1,0,0,0,0,0,0,0,0
"11343",1,1,0,1,1,1,1,0,0,0,0,0,0,1,0,0,0,1
"1562",0,0,0,0,0,0,1,0,0,0,0,0,1,0,0,0,0,0
"27232",1,0,1,1,0,0,0,0,0,0,0,0,0,1,0,1,0,1
"1558",0,0,1,1,1,1,1,1,1,1,1,1,0,0,1,0,1,1
"57678",1,0,0,1,1,0,1,0,0,1,0,0,1,0,1,1,1,1
"50487",0,0,0,0,0,0,0,0,0,0,0,0,0,0,0,0,0,0
"284098",1,0,0,1,1,0,0,0,0,1,0,1,1,1,0,0,0,0
"1559",0,0,0,0,0,0,0,0,0,0,0,0,0,0,0,0,0,0
"93183",0,1,1,0,1,1,1,1,0,1,0,1,1,0,1,0,1,1
"9227",0,0,0,0,0,0,1,0,0,0,0,0,0,0,0,0,0,0
"1565",1,0,1,0,0,0,1,0,0,0,0,0,0,1,1,0,0,1
"54965",0,1,0,1,1,0,1,0,0,1,1,0,1,0,0,0,1,0
"1572",1,0,0,0,0,1,0,1,0,0,0,0,0,1,0,1,0,0
"51302",0,0,0,0,0,0,1,0,0,0,0,0,0,1,1,0,0,0
"2936",0,1,1,1,1,1,1,1,1,1,0,1,1,1,1,1,1,1
"6309",1,0,1,0,1,0,1,0,1,1,0,1,0,0,1,1,1,1
"64816",0,1,0,0,0,0,1,0,0,0,0,0,0,0,0,0,1,0
"4048",1,1,1,1,1,1,1,1,0,1,0,1,1,1,1,1,1,1
"1577",0,1,1,0,1,0,1,0,0,1,0,1,0,0,1,0,1,1
"4056",1,0,1,0,0,1,0,1,0,0,0,0,0,1,1,0,0,0
"5052",1,1,1,1,1,1,1,1,1,1,1,1,1,1,1,1,1,1
"7001",1,1,1,1,1,1,1,1,1,1,1,1,1,1,1,1,1,1
"1551",0,0,0,0,0,0,0,0,0,0,0,0,0,0,0,1,0,0
"4259",0,1,1,0,1,1,0,1,1,0,1,0,1,0,0,0,0,1
"10858",0,0,0,0,0,0,1,0,0,0,0,0,0,0,1,1,0,0
"2876",1,1,1,1,1,1,1,1,1,1,1,1,1,1,1,1,1,1
"66002",1,0,1,1,0,0,1,0,0,0,0,0,0,1,0,1,0,0
"8529",0,0,0,0,0,0,0,0,0,0,0,0,0,0,0,1,0,0
"2879",1,1,1,1,1,1,1,1,1,1,1,1,1,1,1,1,1,1
"4258",0,1,0,1,1,0,1,1,0,1,0,0,1,1,1,0,1,0
"4051",1,0,0,0,1,0,1,0,0,0,0,0,0,1,0,0,0,1
"9420",0,1,1,0,0,0,0,0,0,0,0,0,0,0,1,0,1,1
"1582",0,0,0,0,0,0,0,0,0,0,0,0,0,0,0,0,0,0
"2877",1,0,1,0,1,1,1,1,1,1,1,1,0,0,1,1,1,1
"5831",0,0,1,0,1,0,1,0,0,1,0,0,1,1,0,0,0,0
"2878",1,0,0,1,0,0,1,0,0,0,0,0,0,1,0,1,0,0
"2954",1,0,0,1,0,0,1,0,0,0,0,1,1,1,0,0,0,0
"257202",1,1,1,1,0,0,1,0,1,0,0,0,1,1,1,1,1,1
"2882",1,1,1,1,1,1,1,1,0,1,1,1,1,1,1,1,1,1
"5048",1,1,1,1,1,0,1,1,1,1,0,1,1,1,1,1,1,1
"2548",1,0,1,0,0,1,1,0,0,0,1,0,0,1,0,1,0,1
"10935",1,1,1,1,1,1,1,1,1,1,1,1,1,1,1,1,1,1
"5051",1,0,1,0,1,1,1,0,0,0,0,1,1,1,0,1,0,0
"5050",1,1,1,1,1,1,1,1,0,1,0,1,1,1,1,1,1,1
"2937",1,1,1,1,1,1,1,1,0,1,0,1,1,1,0,1,0,1
"5049",1,1,1,1,1,1,1,1,1,1,0,1,1,1,1,1,1,1
"64087",1,1,1,1,1,1,1,0,0,1,1,1,1,1,1,1,1,1
"7941",1,1,1,1,1,0,0,0,1,1,0,0,1,0,1,0,0,0
"56922",1,0,0,1,1,1,0,1,0,1,1,0,1,1,0,1,0,0
"23417",1,0,0,1,1,1,1,0,0,0,0,0,0,1,1,0,0,0
"2678",1,0,0,1,1,0,0,0,0,0,0,0,0,0,1,0,1,1
"347734",0,1,1,1,0,1,1,1,0,1,0,0,1,1,0,1,0,0
"57194",1,0,1,0,1,1,0,0,1,1,0,1,1,1,0,1,1,0
"5337",0,1,1,1,1,0,1,0,0,0,0,0,1,0,0,0,1,1
"4357",1,0,0,1,1,1,1,1,0,0,0,0,1,1,1,0,0,0
"5338",0,1,0,1,0,1,0,1,0,0,0,0,0,1,0,1,0,1
"2679",0,0,0,0,0,0,0,0,0,0,0,0,0,0,0,0,0,0
"4190",1,1,1,1,1,1,1,1,1,1,1,1,1,1,1,1,1,1
"130013",0,1,0,0,1,0,0,0,0,0,0,0,0,0,1,0,0,1
"4191",1,1,1,1,1,1,1,1,0,1,1,1,1,1,1,1,1,1
"4200",0,1,1,0,1,0,1,0,0,1,0,1,1,0,1,1,0,1
"4881",0,0,0,0,0,0,1,0,0,0,0,0,0,0,0,0,0,0
"5091",0,1,0,1,1,0,1,0,0,0,0,0,1,1,1,0,0,0
"4882",1,0,0,1,1,0,0,0,0,0,0,0,0,1,1,0,0,1
"2984",0,0,0,0,0,0,1,0,0,0,0,0,1,0,0,1,1,0
"2974",0,1,0,0,0,0,1,0,0,0,0,0,0,0,1,0,0,1
"2982",0,0,0,0,0,0,1,0,0,0,0,0,0,0,0,0,0,0
"2986",0,0,0,0,0,0,0,0,0,0,0,0,0,0,0,0,0,0
"4199",0,0,0,0,0,0,1,0,0,0,0,0,0,0,0,1,0,0
"10873",0,1,0,1,0,1,1,0,0,0,0,0,0,0,0,1,1,1
"3620",1,1,1,0,0,0,0,0,0,1,0,0,0,1,0,1,0,1
"2983",1,1,0,1,1,0,1,0,0,0,0,0,0,0,1,0,1,0
"3000",1,1,1,1,0,0,1,0,0,0,0,0,1,1,0,0,1,0
"1557",0,0,0,0,0,0,0,0,0,0,0,0,0,0,0,0,0,0
"1545",0,0,1,0,1,0,0,0,1,1,0,0,0,0,0,0,0,1
"5244",1,0,1,1,0,0,1,0,0,0,0,0,1,1,0,0,0,0
"2977",0,0,0,0,0,0,0,0,0,0,0,0,0,0,0,0,0,0
"1543",1,1,0,1,1,1,1,1,1,1,1,1,0,1,1,0,1,0
"1544",1,1,0,1,0,0,1,0,0,0,0,0,0,0,1,0,0,1
"9615",0,0,0,0,0,0,1,0,0,0,0,0,0,0,0,0,0,1
"4144",1,1,1,1,1,1,1,1,1,1,0,1,1,1,1,1,1,1
"4143",0,0,0,0,0,0,0,0,0,0,0,0,0,0,0,0,0,0
"5150",0,1,1,0,1,1,0,1,0,1,0,0,0,0,0,1,1,1
"27430",1,1,1,1,1,1,1,1,1,1,1,1,1,1,1,1,1,1
"4548",1,0,0,1,0,1,0,1,0,0,1,0,0,0,1,1,1,1
"763",0,0,1,1,0,0,0,0,1,0,0,0,0,1,1,0,1,0
"5143",0,0,0,0,0,0,1,0,0,0,0,0,0,0,0,0,0,0
"11238",0,1,0,1,0,1,0,1,1,0,1,0,0,0,0,1,1,0
"4598",0,1,1,0,1,1,1,1,0,0,0,0,1,1,0,1,0,0
"5137",0,0,0,0,0,0,0,0,0,0,0,0,0,0,0,0,0,0
"3636",1,0,0,1,1,1,0,0,0,0,0,0,0,1,1,0,0,0
"5151",0,1,1,0,0,1,0,1,1,0,0,0,1,0,1,0,1,1
"23556",0,1,0,1,0,1,1,1,0,1,0,1,1,0,1,0,1,0
"55650",0,1,0,1,1,1,1,0,0,0,0,1,1,1,0,0,0,0
"3635",1,1,1,1,1,1,1,1,1,0,1,0,1,1,1,1,1,1
"3633",0,1,1,0,1,1,1,0,0,0,0,1,1,1,0,0,0,0
"8867",0,1,0,1,0,1,0,1,1,0,1,1,0,0,1,0,1,1
"5140",0,1,0,1,0,1,1,1,0,0,1,0,0,0,0,1,1,1
"27124",1,0,0,0,0,0,0,0,0,0,0,0,0,0,0,1,0,1
"53905",0,1,0,1,1,1,1,0,0,0,0,0,0,1,1,0,0,1
"50506",0,0,1,1,0,0,1,0,0,0,0,0,0,1,1,1,0,1
"5142",1,0,1,0,0,1,0,1,1,0,1,0,0,0,0,1,1,1
"343",0,0,0,0,0,1,0,0,0,0,0,0,0,1,0,0,1,1
"5281",0,1,0,1,1,0,1,1,0,1,0,1,0,0,1,1,0,1
"3632",0,1,0,0,1,1,1,0,0,1,1,0,1,1,1,0,0,0
"10846",1,1,1,0,0,0,1,0,0,0,0,0,1,0,0,0,0,1
"84720",1,0,0,1,1,0,1,1,0,0,0,0,0,1,1,0,0,0
"56623",0,1,1,0,0,1,0,0,0,0,1,1,0,1,0,1,0,1
"5141",0,1,1,1,1,1,1,0,0,0,0,0,0,1,1,1,0,0
"8622",0,0,1,1,0,0,0,0,0,1,0,0,0,0,1,0,0,1
"3628",1,0,0,1,1,0,1,0,1,1,0,0,1,1,0,0,1,0
"3707",1,1,1,1,1,1,1,1,1,1,1,0,1,1,1,1,1,1
"80235",0,0,1,0,0,0,0,0,0,1,0,0,0,1,1,0,0,1
"5144",1,0,1,0,0,1,0,1,1,1,1,0,1,0,1,0,1,0
"3706",0,0,1,1,0,0,1,0,0,0,0,0,0,0,0,1,1,0
"5153",1,0,0,1,0,0,0,1,0,0,1,0,0,1,1,0,0,1
"80271",0,1,0,1,1,0,1,0,0,0,0,0,1,1,0,1,0,0
"94005",1,1,1,1,1,1,1,1,0,0,1,1,1,1,1,1,1,1
"27115",0,1,0,1,0,1,0,0,0,1,0,0,1,0,1,0,1,0
"128869",1,1,1,1,1,1,1,0,1,1,1,1,1,1,1,1,1,1
"51477",0,1,0,1,1,1,1,0,0,0,1,0,0,1,0,1,0,1
"10026",1,1,1,1,1,0,0,1,1,1,0,1,1,0,1,1,1,1
"5138",0,1,1,0,0,0,1,0,0,0,0,0,0,0,0,1,1,1
"51604",1,0,1,0,0,1,1,1,1,0,1,0,1,1,0,0,0,0
"3631",0,1,0,1,0,1,1,1,1,0,0,1,0,0,0,1,1,1
"5139",0,0,0,0,0,0,1,0,0,0,0,0,0,0,0,0,0,0
"8821",1,1,1,1,1,1,1,1,0,1,1,1,1,0,1,1,1,1
"50940",0,0,0,0,0,0,1,0,0,0,0,0,0,0,0,0,0,0
"2595",1,0,0,1,0,1,1,0,0,0,1,1,0,0,0,1,1,1
"84693",1,1,1,1,1,1,1,0,0,1,1,1,1,1,1,1,0,1
"8733",1,1,1,1,1,1,1,1,0,1,0,0,1,1,1,1,1,1
"5136",0,0,0,0,0,0,0,0,0,0,0,0,0,0,0,0,0,0
"4594",1,0,0,1,1,0,1,0,0,1,1,1,1,0,1,0,1,1
"3028",1,1,1,1,1,1,1,1,1,1,1,1,1,1,1,1,1,1
"5152",0,1,0,1,1,1,0,0,1,0,0,0,1,1,1,0,1,0
"3033",1,0,1,0,1,0,1,0,0,0,1,1,1,1,0,0,0,0
"3037",0,0,1,1,0,0,0,0,0,1,0,0,0,0,0,0,0,1
"80168",0,0,0,0,0,0,1,0,0,0,0,0,0,0,0,0,0,0
"116255",0,0,0,0,0,0,0,0,0,0,0,0,0,1,0,0,0,0
"5146",0,1,0,1,0,0,1,0,0,0,0,0,0,0,1,0,1,1
"4507",1,0,1,0,1,0,1,0,0,1,0,1,1,0,0,1,1,1
"3038",0,1,0,0,0,0,1,0,0,0,0,0,0,1,0,1,0,1
"3036",0,0,0,0,0,0,0,0,1,0,0,0,1,1,0,0,0,0
"27235",0,1,1,0,1,1,1,0,0,0,1,1,1,1,0,1,0,0
"6521",0,0,0,0,0,0,1,0,0,0,0,0,0,1,0,0,0,1
"83697",0,0,1,1,0,0,1,0,0,0,0,0,1,0,1,0,0,0
"10797",1,1,1,1,1,0,1,1,0,1,1,1,1,1,1,1,1,1
"56913",1,0,1,0,0,0,0,1,1,0,1,0,0,0,1,0,1,1
"443",0,0,0,0,0,0,0,0,0,0,0,0,0,0,0,0,0,0
"91703",1,1,1,1,0,0,1,0,0,0,0,0,1,1,0,1,0,0
"6522",1,0,0,1,1,0,1,1,0,0,0,0,0,1,0,1,0,1
"6508",0,0,1,1,0,0,1,0,0,0,0,0,0,1,1,0,1,0
"5145",0,0,1,0,0,0,1,0,0,1,0,0,1,1,1,0,0,0
"4668",1,0,1,0,1,1,1,0,0,1,0,0,1,1,0,0,0,0
"9498",0,0,0,1,0,0,1,0,0,0,0,0,1,1,0,0,1,0
"57282",1,0,0,1,0,1,1,0,0,1,0,1,0,0,0,1,0,1
"6528",0,1,1,1,1,1,1,0,0,0,0,1,0,0,0,1,0,1
"3098",1,1,1,1,1,1,1,1,0,1,1,1,1,1,1,1,1,1
"80201",1,0,1,1,0,1,1,0,0,0,1,0,0,1,0,1,1,1
"8654",1,0,1,0,0,0,1,0,0,1,0,1,0,0,1,0,1,1
"2645",0,1,0,1,0,1,1,0,0,0,0,0,1,1,0,1,0,0
"483",1,1,1,1,1,1,1,1,1,1,1,1,1,1,1,1,1,1
"3101",0,1,1,1,0,0,0,1,0,0,0,0,0,0,1,0,0,1
"5149",0,0,0,0,0,0,0,0,0,0,0,1,0,1,1,0,0,1
"478",0,1,1,1,0,0,0,1,0,0,0,1,1,1,0,1,0,0
"480",0,0,1,0,0,1,1,0,0,0,0,0,0,0,0,1,1,0
"481",0,1,1,0,1,0,1,0,0,0,1,0,0,0,0,1,1,1
"3099",0,1,0,1,0,0,0,0,0,1,0,1,1,1,0,1,0,0
"5147",1,1,1,1,1,1,1,1,0,1,1,1,1,1,1,1,1,1
"482",0,0,0,1,0,0,1,0,0,0,0,0,0,1,0,1,1,0
"476",1,1,1,1,1,1,0,1,1,1,1,0,1,1,1,1,1,1
"477",1,0,0,0,0,0,1,0,0,0,0,0,0,0,0,1,0,0
"23439",0,0,0,0,0,0,0,0,0,0,0,0,0,0,0,0,0,0
"3081",0,0,1,1,0,1,0,1,0,0,0,0,0,0,0,1,1,1
"11112",1,1,1,1,1,1,1,1,0,1,1,0,1,1,1,1,1,1
"3067",0,1,0,1,0,0,1,0,0,0,0,0,1,1,0,0,0,1
"6549",0,0,0,0,0,0,1,0,0,0,0,0,0,0,0,0,1,0
"6550",1,0,0,1,0,0,0,0,0,1,1,0,0,1,0,1,1,0
"5148",1,1,1,1,1,1,0,0,0,0,0,0,1,1,1,0,0,0
"496",1,1,0,1,1,1,1,1,1,1,1,1,0,0,0,0,1,0
"6548",0,1,1,0,1,1,1,0,0,0,0,1,0,1,1,0,0,0
"495",0,0,0,0,0,0,0,0,0,0,0,0,0,0,0,0,0,0
"55748",1,1,1,1,1,1,1,1,0,1,0,1,1,1,1,1,0,1
"5158",0,1,1,0,0,1,0,1,1,0,1,1,1,1,1,0,0,0
"84735",0,0,0,0,0,0,0,0,0,0,1,0,0,0,1,0,0,0
"6559",0,0,0,0,0,0,1,0,0,0,0,0,0,1,0,0,0,0
"8942",0,0,1,0,1,0,1,0,1,0,0,0,0,1,0,0,0,1
"5162",1,1,1,1,1,1,1,1,1,1,1,1,1,1,1,1,1,1
"3157",1,0,0,1,0,0,1,0,1,1,0,1,1,0,1,0,1,1
"5161",0,0,0,0,0,0,0,0,0,0,0,0,0,0,0,0,0,0
"123041",0,0,0,0,0,0,1,1,0,0,0,0,0,1,1,0,0,0
"1737",0,1,0,1,1,1,1,0,0,1,0,1,1,0,0,1,0,0
"3158",0,0,1,1,0,0,1,0,0,0,0,0,0,1,0,1,0,0
"5160",1,1,1,1,1,1,1,1,1,1,1,1,1,1,1,1,1,1
"55163",0,1,1,0,1,0,1,0,0,1,0,1,1,1,0,0,0,0
"25769",0,0,0,0,0,0,1,0,0,0,0,0,0,0,0,0,0,0
"54511",0,0,0,0,0,0,0,0,0,0,0,0,0,0,0,0,0,0
"10396",1,0,1,0,0,1,0,0,1,1,1,0,1,0,1,0,1,1
"57419",1,1,1,1,0,0,1,0,0,0,0,0,1,1,0,0,0,0
"9187",1,0,0,1,0,1,1,1,0,1,0,0,1,1,1,0,0,0
"5105",0,0,0,0,0,0,0,0,0,0,0,0,0,0,0,0,0,0
"124583",1,0,1,0,1,1,1,0,0,0,1,0,1,1,0,1,0,0
"3155",1,0,1,0,1,1,1,1,0,0,1,0,1,1,0,0,0,0
"5106",1,0,1,1,1,1,0,0,0,1,1,1,1,1,0,1,0,1
"3162",0,1,1,0,1,0,1,0,0,0,0,0,1,1,1,0,0,0
"3163",1,1,1,1,1,1,1,1,1,1,1,1,1,1,1,1,1,1
"79077",1,1,1,1,1,1,1,1,0,1,1,1,1,1,1,1,1,1
"8310",0,1,0,1,1,1,1,0,0,1,0,1,1,1,0,1,0,0
"9583",1,1,1,1,0,1,1,1,1,1,1,1,1,1,1,1,1,1
"26062",0,0,0,0,0,0,0,0,0,0,0,0,0,0,0,0,0,0
"197257",0,1,1,1,0,0,0,0,0,0,0,0,0,1,1,0,0,1
"5833",0,1,1,0,1,1,1,0,0,0,0,0,1,1,0,0,0,0
"1841",1,1,1,1,1,1,1,1,0,1,1,1,1,1,1,1,1,1
"10400",1,1,1,1,1,1,0,1,0,0,1,1,1,1,1,1,1,1
"6448",0,1,1,0,1,1,1,1,0,0,0,0,0,1,0,1,0,1
"29922",1,0,0,1,0,0,1,1,0,1,0,1,0,0,1,0,1,1
"26227",1,0,1,0,1,1,1,0,0,1,0,1,1,1,0,0,0,0
"10201",1,0,0,1,1,1,1,1,0,1,0,0,1,0,1,0,0,1
"5730",0,1,1,1,0,1,0,1,0,0,0,0,0,0,0,1,0,1
"4830",0,1,1,1,1,0,1,0,0,1,0,1,1,1,0,1,1,0
"27306",0,1,0,0,1,0,1,0,0,0,0,0,1,1,0,0,1,0
"80142",0,1,0,1,1,1,1,0,0,0,0,0,0,1,0,0,0,1
"4831",0,0,0,0,0,0,0,0,0,0,0,0,0,0,0,0,0,0
"4832",1,1,1,1,1,1,1,1,0,1,0,0,1,1,1,1,1,1
"200576",1,0,0,1,0,1,0,1,1,1,0,0,0,0,1,0,1,1
"8396",1,0,1,0,1,0,1,1,0,0,0,0,0,1,0,1,0,0
"9536",1,1,1,0,1,1,1,0,0,0,0,0,0,1,0,1,0,0
"4833",0,1,0,1,0,1,0,1,0,0,1,1,0,1,0,1,1,0
"6005",0,0,0,0,0,0,1,0,0,0,0,0,0,0,0,0,0,0
"79837",1,1,1,1,1,1,1,1,0,1,0,0,1,1,1,1,1,1
"5740",1,1,0,1,1,0,1,0,0,0,0,0,0,1,1,0,0,1
"5289",0,1,1,0,0,0,0,0,1,1,0,0,1,0,1,0,1,1
"57127",0,0,0,0,0,0,0,0,0,0,0,0,0,0,0,0,0,0
"6557",1,0,0,0,0,1,0,0,0,0,0,0,0,0,1,0,0,1
"5277",1,0,1,0,0,1,0,1,1,0,0,1,0,0,1,0,1,1
"114971",1,0,1,0,1,1,0,1,0,0,1,0,1,1,0,1,0,0
"6558",0,1,1,0,1,0,1,1,0,1,0,1,0,0,1,0,1,1
"349565",1,0,0,0,0,0,1,0,0,0,0,1,0,0,0,1,1,1
"9489",1,1,1,1,1,1,0,1,0,1,0,0,0,1,1,1,0,1
"64802",1,0,1,0,0,0,1,0,0,1,0,0,0,1,0,0,0,0
"23057",0,0,0,0,0,0,0,0,0,0,0,0,0,0,0,0,0,0
"8818",1,1,1,1,1,1,1,1,0,1,0,1,1,1,1,1,1,1
"5743",0,0,0,0,0,0,0,0,0,1,0,0,0,0,0,0,0,0
"5742",0,0,1,1,0,0,1,0,0,0,0,0,1,1,0,0,0,0
"10135",1,1,1,1,1,0,1,0,1,1,0,1,1,1,1,1,1,1
"6898",0,1,0,0,0,0,1,1,0,0,0,0,1,0,1,0,1,0
"5053",0,0,0,0,0,0,1,0,0,0,0,0,0,0,0,0,0,1
"5283",1,1,1,1,1,1,1,1,0,1,1,1,1,1,1,1,1,1
"5264",0,1,0,1,1,1,1,1,0,0,1,1,1,1,0,1,0,1
"4837",0,0,0,0,0,0,1,0,0,0,0,0,1,0,0,0,0,0
"5409",0,0,1,1,1,1,1,1,1,1,1,1,0,1,0,0,1,1
"5728",1,1,1,1,1,0,1,1,1,1,1,1,1,1,1,1,1,1
"645740",0,0,0,0,0,0,0,0,0,0,0,0,0,0,0,0,0,0
"8871",0,1,1,0,0,1,1,0,1,0,1,0,0,0,0,1,1,1
"51227",1,0,1,0,1,0,1,1,0,1,0,1,0,1,0,1,0,0
"8395",0,1,1,1,0,1,1,0,0,0,0,0,0,0,0,0,1,1
"9091",0,1,0,1,0,1,1,1,0,0,0,0,0,1,1,1,0,0
"4842",0,0,1,0,0,0,1,0,0,0,0,0,1,1,1,0,0,0
"23396",0,1,0,1,0,1,1,0,0,0,1,0,0,1,1,0,0,1
"4843",0,0,1,1,0,0,1,0,0,0,0,0,0,1,0,1,0,1
"5279",1,1,1,1,1,1,1,0,0,1,1,1,1,1,1,1,1,1
"8394",1,0,0,1,1,1,1,1,0,0,0,0,1,1,0,1,0,0
"55361",0,1,0,1,0,1,1,1,0,1,0,1,1,1,0,0,0,0
"201288",0,0,0,0,0,0,0,0,0,0,0,0,0,0,0,0,0,0
"4846",0,1,0,0,1,1,0,0,0,0,0,0,0,1,0,1,1,1
"5297",1,0,0,1,1,1,1,1,0,0,1,0,0,1,1,0,0,1
"4860",1,1,1,1,1,1,1,0,0,1,0,1,1,1,0,1,1,1
"5298",1,1,1,1,1,1,1,1,0,0,1,0,1,1,1,1,0,1
"5294",1,0,1,0,0,1,1,0,0,1,1,1,1,0,1,1,1,0
"123745",0,0,0,0,0,0,0,0,0,0,0,0,0,0,0,0,0,0
"5290",1,0,1,0,0,1,0,1,1,0,1,0,0,0,1,0,0,1
"6580",0,1,1,1,1,0,1,1,0,1,0,0,0,1,1,0,0,1
"5295",1,0,0,1,0,1,0,1,1,0,1,0,0,0,1,1,1,1
"10870",1,1,1,1,1,1,1,1,1,0,1,0,1,1,0,1,0,0
"55808",0,1,1,1,0,1,0,0,0,0,1,0,0,0,0,1,0,1
"5251",1,0,0,1,1,0,0,0,0,1,0,1,1,0,1,0,0,1
"5320",0,0,0,0,0,0,0,0,0,0,0,0,0,0,0,1,0,0
"8503",1,0,0,1,0,0,1,0,0,0,0,1,1,1,1,0,0,0
"30833",0,1,1,1,1,1,1,1,0,1,0,1,1,1,1,1,1,1
"81579",0,1,0,1,1,1,0,0,0,1,1,0,0,0,1,1,1,1
"56953",0,1,0,1,1,0,1,0,0,0,0,0,1,1,1,0,0,0
"23533",1,0,1,0,0,1,1,1,1,0,1,0,0,0,0,1,1,1
"8398",1,0,1,1,1,1,0,1,0,0,0,0,0,1,1,0,0,0
"5296",0,0,0,0,0,0,0,0,0,0,0,0,0,0,0,0,0,0
"5322",0,0,0,0,0,0,1,0,0,0,0,0,0,0,0,1,0,0
"4907",1,0,1,1,1,0,1,0,0,1,0,0,1,0,0,1,1,1
"5291",0,1,1,0,1,1,0,1,0,1,1,0,1,0,1,1,1,1
"5293",1,1,1,1,1,1,1,1,1,1,1,1,1,1,1,1,1,1
"6476",0,0,0,0,0,0,0,0,0,0,0,0,0,0,0,0,0,0
"5009",0,0,0,0,0,0,1,0,0,0,0,0,0,0,0,0,0,0
"4952",0,1,0,1,0,0,0,0,0,0,0,1,1,0,0,1,1,0
"64600",0,0,0,0,0,0,0,0,0,0,0,0,0,1,0,1,0,1
"64064",1,1,1,0,0,0,0,0,1,0,0,0,0,1,1,0,0,0
"23236",0,1,1,1,0,1,0,1,0,1,0,0,0,0,0,1,1,1
"100137049",0,1,1,1,1,1,1,1,1,1,1,1,0,1,1,1,0,1
"30814",0,0,0,0,0,0,0,0,0,0,0,0,0,0,0,0,0,0
"26279",0,0,1,1,1,1,1,1,1,1,1,1,0,1,1,1,0,1
"5335",0,1,1,0,0,1,0,1,1,0,1,0,1,1,1,0,0,0
"8399",1,0,1,1,0,0,1,0,0,0,0,0,0,1,0,1,0,1
"5332",0,0,0,0,0,0,1,0,0,0,0,0,0,0,0,1,0,0
"257068",0,1,1,0,1,1,1,0,1,1,0,0,1,0,0,1,1,1
"5319",1,1,0,1,1,1,1,1,1,1,1,1,1,1,1,0,0,0
"6489",0,1,1,0,0,1,0,0,0,1,0,1,1,1,1,0,0,0
"5336",0,1,0,1,1,1,1,0,0,0,0,0,1,1,0,0,0,1
"23007",0,0,1,1,0,0,1,0,0,0,0,0,0,1,0,1,1,0
"29906",0,0,0,0,0,0,1,0,0,0,0,0,0,0,0,1,0,0
"5334",0,1,1,0,1,0,1,1,0,0,1,0,0,0,0,1,1,1
"10654",1,1,1,1,1,1,1,1,1,1,1,0,1,1,1,1,1,1
"9651",0,1,0,0,0,1,0,1,0,0,1,0,0,1,1,0,0,0
"9807",0,1,1,0,1,1,0,1,1,0,0,0,1,1,0,1,0,0
"412",0,1,1,0,0,1,1,0,0,1,0,0,1,0,1,0,1,0
"51196",1,0,0,1,1,0,1,0,0,1,0,1,0,0,1,0,1,1
"117283",0,0,0,0,0,1,0,0,0,0,0,0,0,0,0,0,0,0
"5331",0,1,1,0,1,0,0,0,0,0,0,1,0,0,0,1,0,1
"84812",0,1,1,1,0,0,1,0,0,1,0,0,0,1,0,1,0,1
"5330",1,0,0,1,1,1,1,1,1,0,0,0,0,1,1,0,0,1
"6391",0,1,1,0,1,0,1,0,0,1,0,1,1,1,0,0,0,0
"113026",0,0,1,1,1,0,1,0,0,0,0,0,0,1,0,1,0,1
"6392",1,1,1,1,1,1,1,1,1,1,1,1,1,1,1,1,1,1
"6390",1,1,1,1,1,1,1,1,1,1,1,1,1,1,1,1,1,1
"51447",1,1,1,1,1,1,1,1,1,1,1,1,1,1,1,1,1,1
"5333",0,1,0,1,0,1,1,1,0,0,0,0,1,1,0,1,0,1
"6389",1,0,1,0,1,1,1,1,0,0,0,0,1,1,0,1,0,0
"6821",1,0,0,1,1,0,1,0,0,0,1,0,0,1,0,1,1,1
"89869",0,0,0,0,0,0,1,0,0,0,0,0,0,0,0,1,0,0
"6533",0,1,1,0,1,1,0,1,0,0,0,1,1,1,1,0,0,0
"5288",0,0,0,0,0,0,0,0,0,0,0,0,0,0,0,0,0,0
"55350",0,1,0,0,1,0,0,1,0,0,1,0,0,1,1,0,1,0
"5092",1,1,1,1,1,1,1,1,0,1,0,1,1,1,1,1,1,0
"5287",0,1,0,1,1,0,0,1,0,1,0,1,0,1,0,1,0,0
"23530",0,1,0,1,1,0,1,1,0,0,1,0,1,0,1,0,0,0
"5286",0,1,0,1,1,0,1,0,1,1,0,0,0,0,1,0,1,1
"8876",0,0,1,1,0,0,1,0,0,0,0,0,0,0,1,0,1,0
"79178",0,1,1,0,1,1,1,1,0,0,0,0,1,1,1,0,0,0
"5305",1,1,1,1,1,1,1,1,1,1,1,1,1,1,1,1,1,1
"8875",0,1,0,1,1,1,0,1,0,0,1,0,1,0,1,0,1,0
"64499",0,0,0,0,0,0,0,0,0,0,0,0,1,1,0,0,0,0
"6567",1,1,1,1,0,0,1,0,0,1,0,0,1,1,1,0,0,0
"7177",1,1,1,1,1,1,1,1,1,1,1,1,1,1,0,0,0,1
"1890",1,0,0,1,1,1,1,0,0,0,0,0,0,1,0,1,0,0
"27068",1,1,1,1,1,1,1,1,1,1,1,1,1,1,1,1,1,1
"1636",1,0,0,1,0,1,1,1,0,0,0,0,0,0,0,1,0,1
"9365",0,0,0,0,0,0,0,0,0,0,0,0,1,0,0,1,0,1
"9331",0,1,0,0,0,0,0,0,0,0,0,0,0,0,1,0,0,1
"55217",1,0,1,0,1,0,0,0,1,0,1,1,1,1,1,1,0,0
"7368",0,0,0,0,1,0,0,0,0,0,0,0,1,1,0,0,0,0
"7296",1,1,1,1,1,1,1,0,0,1,0,1,1,1,1,1,1,1
"8613",0,0,0,0,0,0,0,0,0,0,0,0,1,0,0,0,0,0
"5315",1,1,1,1,1,1,1,1,0,1,1,1,1,1,1,1,1,1
"8611",0,1,0,1,1,1,1,1,0,0,0,0,1,1,0,0,0,0
"26063",0,1,1,0,1,1,1,1,0,0,0,0,0,1,0,1,0,1
"8612",1,1,1,0,0,0,1,1,1,0,0,0,1,1,1,0,0,0
"1666",1,1,1,1,1,1,1,1,1,1,1,1,1,1,1,1,1,1
"874",0,1,1,1,0,1,0,1,0,0,0,1,1,1,0,0,1,0
"5498",0,1,1,0,1,1,0,1,1,0,1,0,0,1,0,1,0,0
"11181",0,0,0,0,0,0,0,0,0,0,0,0,0,1,0,0,0,0
"10901",0,1,0,1,0,1,1,0,0,0,1,1,1,1,0,0,0,0
"126410",0,0,0,0,0,0,0,0,0,0,0,0,0,0,0,1,0,1
"80162",1,1,1,1,0,1,0,1,1,0,1,1,0,1,1,1,1,1
"7166",0,1,0,1,1,1,0,1,0,1,0,1,0,0,1,0,0,1
"8288",0,1,1,1,0,0,0,0,0,0,1,0,0,1,0,1,1,0
"2053",1,1,1,1,0,1,0,1,1,0,1,0,1,1,1,1,1,0
"9588",1,1,1,1,1,1,1,1,1,1,1,1,1,1,1,1,1,1
"121278",0,0,0,0,0,0,0,0,0,1,0,0,0,0,0,0,0,0
"8897",1,0,0,1,0,1,1,1,0,0,1,0,1,1,0,1,0,0
"4353",0,1,0,0,1,0,0,0,0,0,0,0,0,1,0,1,0,0
"8898",0,1,0,1,1,0,1,0,1,1,0,1,1,0,1,0,1,0
"169355",0,0,0,0,0,0,1,0,0,0,0,0,1,0,1,0,0,0
"6999",0,0,0,0,0,0,0,0,0,0,0,0,0,0,0,0,0,0
"2880",0,0,0,0,0,0,1,0,0,0,0,0,0,0,0,0,0,0
"5625",0,1,0,0,0,0,0,0,0,0,0,0,0,0,1,1,0,1
"9152",0,0,0,0,0,0,1,0,0,0,0,0,0,0,0,0,0,0
"6578",1,1,1,1,0,0,1,0,0,0,1,0,1,1,1,1,1,1
"6561",0,0,0,0,0,0,0,0,0,0,0,0,0,0,0,0,0,0
"9497",0,1,0,1,0,1,0,1,0,1,0,1,0,0,1,1,1,1
"115584",0,0,0,0,0,1,0,0,1,0,0,0,0,1,0,1,0,0
"6575",1,0,0,1,1,1,1,1,0,1,0,1,0,1,0,1,0,1
"6916",0,1,0,1,0,1,0,0,0,0,1,0,1,1,1,0,0,1
"23761",1,1,1,1,1,1,1,0,0,1,1,0,1,1,1,1,1,1
"6574",1,1,1,1,1,1,1,1,0,1,1,0,1,1,1,1,1,1
"7054",0,0,0,0,0,0,0,0,0,0,0,0,0,0,0,0,0,0
"142680",0,0,1,1,1,1,1,1,1,1,1,1,0,1,1,0,0,1
"9791",1,1,1,1,1,1,1,1,1,1,1,1,1,1,1,1,1,1
"6534",0,0,0,0,0,0,0,0,0,0,1,0,0,1,0,0,0,0
"81490",0,1,0,1,1,1,1,1,0,0,0,0,0,1,0,1,0,0
"10005",1,0,1,0,1,1,1,1,0,1,0,0,1,1,0,0,0,0
"3293",0,0,0,0,0,0,0,0,0,0,0,0,0,0,1,0,0,0
"1622",1,1,1,1,1,1,1,1,1,1,1,1,1,1,1,1,1,1
"225",0,1,1,1,0,1,1,0,0,0,0,0,0,0,1,1,1,1
"10965",1,1,1,1,1,1,1,1,0,0,0,1,1,1,1,1,0,1
"28965",0,0,0,0,0,0,0,0,0,0,0,0,0,0,0,0,0,0
"122970",0,1,0,1,1,1,1,0,0,1,0,1,0,1,1,0,0,0
"10020",1,0,0,1,1,1,0,1,0,0,0,1,0,1,0,1,0,1
"23205",0,1,1,1,0,0,0,0,0,0,0,1,1,0,1,0,1,0
"5805",1,1,1,1,0,0,0,1,1,1,1,1,1,1,1,1,1,1
"26061",1,1,1,1,1,1,1,0,0,1,1,1,1,1,1,1,1,1
"112483",1,1,1,1,1,1,1,1,0,0,1,1,1,1,1,1,1,1
"6303",1,1,1,1,1,1,1,1,1,1,1,1,1,1,1,1,1,1
"29880",1,1,1,1,1,1,1,1,1,1,1,1,1,1,1,1,1,1
"54716",0,0,0,0,1,1,1,1,1,1,1,1,1,1,1,0,0,0
"7355",1,0,0,1,0,1,1,0,1,0,1,0,1,1,0,1,0,0
"6564",0,0,0,0,0,0,0,0,0,0,0,0,0,0,0,0,0,0
"8566",1,0,1,0,1,1,1,0,0,0,0,1,1,1,0,0,0,0
"113235",1,0,0,1,0,1,0,0,0,1,0,0,0,1,0,1,1,0
"151531",0,1,1,1,0,0,0,0,0,0,1,0,1,0,1,1,0,1
"1200",1,1,1,1,1,1,1,1,0,1,0,1,1,1,1,1,1,1
"2168",0,0,0,0,0,0,0,0,0,0,0,0,0,0,0,0,0,0
"7358",0,1,0,1,1,1,1,0,0,1,0,1,1,0,1,1,0,0
"23169",1,0,0,1,0,0,1,0,1,1,0,1,1,0,0,1,1,1
"51056",1,1,1,1,1,1,1,1,1,1,0,1,1,1,1,1,1,1
"7378",0,1,0,1,1,1,0,1,0,1,1,1,0,0,0,1,0,1
"9390",1,0,1,1,0,0,1,0,0,0,0,0,0,0,0,0,0,1
"80146",1,1,1,1,1,1,1,0,1,1,1,1,1,1,1,1,1,1
"5184",1,1,1,1,1,1,1,1,0,1,0,1,1,1,1,1,1,1
"4891",0,1,1,0,1,0,0,0,0,1,0,1,0,1,1,0,1,0
"5168",1,0,1,1,0,0,1,0,0,1,0,0,0,0,0,1,0,1
"2944",0,1,1,1,1,1,1,1,0,0,0,0,1,0,1,0,1,1
"30061",0,1,1,0,1,1,0,1,0,1,0,0,1,0,0,1,0,1
"84912",0,1,0,1,1,0,1,0,0,1,1,1,1,0,0,1,1,0
"248",0,0,0,0,0,0,0,0,0,0,0,0,0,0,0,0,0,0
"64080",0,1,0,1,1,0,1,0,0,1,0,0,1,1,0,1,0,0
"4524",1,0,0,1,1,1,1,0,0,1,0,0,0,1,0,1,0,0
"3906",0,0,0,0,0,0,0,0,0,0,0,0,0,0,0,0,0,0
"65263",0,1,1,0,1,0,0,0,0,1,0,1,1,1,0,0,0,0
"8608",0,1,0,0,0,0,0,0,0,0,0,0,0,0,1,1,1,1
"25796",1,1,1,1,1,1,1,1,0,0,1,1,1,1,1,1,1,1
"5959",0,1,0,0,0,1,0,0,0,0,0,0,1,0,1,0,1,1
"7357",1,1,1,1,0,0,1,1,1,1,1,1,1,1,1,1,1,1
"28982",1,0,1,0,1,0,1,0,0,1,1,1,0,0,1,0,1,1
"6120",1,0,0,1,1,0,1,0,0,1,0,1,0,0,1,0,1,1
"11046",0,1,0,1,1,0,1,0,0,1,1,0,1,1,0,1,0,1
"54576",0,0,0,0,0,0,0,0,0,0,0,0,0,0,0,0,0,0
"54575",0,0,0,0,0,0,0,0,0,0,0,0,0,0,0,0,0,0
"51109",1,1,1,1,1,1,1,1,1,1,1,1,1,1,1,1,1,1
"157506",0,1,0,1,1,0,1,0,1,1,0,1,1,1,0,0,0,0
"54578",0,0,0,0,0,0,0,0,0,0,0,0,0,0,0,0,0,0
"54579",0,0,0,0,0,0,0,0,0,0,0,0,0,0,0,0,0,0
"10864",0,0,0,0,0,0,0,0,1,0,0,0,0,0,0,1,0,1
"9356",0,0,0,0,0,0,1,0,0,0,0,0,0,0,0,0,0,0
"54657",0,0,0,0,0,0,0,0,0,0,0,0,0,0,0,0,0,0
"195814",0,0,0,0,0,0,1,0,0,0,0,0,1,1,0,0,0,0
"9376",0,0,0,0,0,0,1,0,0,0,0,0,0,0,0,0,0,0
"112724",0,1,0,1,1,1,1,0,0,0,0,0,0,1,0,1,0,0
"50700",0,0,0,0,0,0,0,0,0,0,0,0,0,0,0,1,0,0
"54658",0,0,0,0,0,0,0,0,0,0,0,0,0,0,0,0,0,0
"348932",1,1,1,1,0,0,1,0,0,0,0,0,0,1,0,0,0,0
"54659",0,0,0,0,0,0,0,0,0,0,0,0,0,0,0,0,0,0
"54577",0,0,0,0,0,0,0,0,0,0,1,0,0,0,0,0,0,0
"57665",0,1,1,0,1,1,1,1,0,0,1,0,1,1,0,1,0,1
"120103",1,0,0,1,1,1,0,0,0,1,0,1,0,0,1,1,1,1
"1080",0,0,0,0,0,0,1,0,0,0,0,0,0,0,0,1,0,0
"85320",0,1,1,0,0,0,1,0,0,0,0,0,1,1,0,0,1,0
"145226",1,0,0,0,0,1,0,0,0,0,0,0,0,0,1,1,1,1
"54600",0,0,0,0,0,0,0,0,0,0,0,0,0,0,0,0,0,0
"222962",0,1,1,1,1,1,1,0,1,0,0,1,0,1,0,1,0,1
"8228",0,1,1,0,1,0,1,0,0,1,0,1,1,1,0,0,0,0
"113278",0,0,0,0,0,0,0,0,0,0,0,0,0,1,0,0,0,0
"10351",0,0,0,0,0,0,0,0,0,0,0,0,0,0,0,0,0,0
"54981",1,1,1,1,1,1,1,1,1,1,1,1,1,1,1,1,1,1
"7364",0,0,0,0,0,0,1,0,0,0,0,0,0,1,0,1,0,0
"9429",1,0,1,1,0,1,1,0,0,0,0,0,1,0,0,1,0,1
"7367",0,0,0,0,0,0,0,0,0,0,0,0,1,0,0,0,0,0
"55867",0,0,0,0,0,0,0,0,0,0,0,0,0,0,0,0,0,0
"54490",0,0,0,0,0,0,0,0,0,0,0,0,0,0,0,0,0,0
"364",1,0,0,0,0,0,0,0,0,0,0,0,0,0,0,1,1,0
"7366",0,0,0,0,0,0,0,0,0,0,0,0,0,0,0,0,0,0
"6482",1,1,1,1,0,1,1,1,0,0,1,1,1,1,0,1,0,1
"360",1,1,1,1,1,1,1,1,0,0,0,0,1,1,1,1,1,1
"6484",0,1,0,1,1,0,0,0,0,1,0,0,0,1,0,1,0,1
"7363",0,0,0,0,0,0,0,0,0,0,0,0,0,0,0,0,1,0
"89872",0,0,0,0,0,0,0,0,0,0,0,0,0,0,0,0,0,0
"7365",0,0,0,0,0,0,1,0,0,0,0,0,0,0,0,0,0,0
"6483",1,0,0,1,1,0,1,0,0,1,0,1,0,1,1,1,0,0
"21",1,0,0,1,0,0,1,1,0,0,0,0,0,1,1,1,0,0
"10720",0,0,0,0,0,0,0,0,0,0,0,0,0,0,0,0,0,0
"24",1,1,1,1,0,0,1,0,0,0,0,0,0,1,0,1,0,1
"54963",1,1,1,1,1,1,1,1,0,0,0,0,1,1,1,1,1,1
"10057",1,0,0,1,1,1,0,0,0,1,0,1,0,0,0,1,0,1
"125206",0,1,0,1,0,0,0,0,0,0,1,0,0,1,1,0,0,1
"7498",0,0,0,0,0,0,1,0,0,0,0,0,1,1,0,1,0,0
"10090",0,1,0,1,0,1,0,0,0,1,0,1,1,1,1,0,0,0
"200010",0,0,0,0,0,0,0,0,0,0,0,0,0,0,1,0,0,1
"9653",1,0,1,0,1,0,1,0,1,0,0,0,0,0,1,0,1,1
"9942",1,0,1,0,1,0,1,1,0,0,0,0,0,1,1,0,1,0
"6524",0,1,1,1,0,1,1,0,0,0,0,0,0,0,0,1,0,1
"159963",0,0,0,0,0,0,0,0,0,0,0,0,1,0,0,0,0,0
"64131",0,1,0,1,0,1,0,0,1,0,1,0,0,1,0,1,0,1
"55065",1,0,0,0,0,1,0,0,0,0,0,0,0,0,0,1,0,1
"64132",0,1,0,1,1,1,1,1,0,0,0,1,0,1,0,1,0,1
"3423",1,0,1,0,0,1,0,1,1,0,1,0,0,0,0,1,0,1
"79581",0,1,1,0,1,1,1,1,0,1,0,0,0,1,1,0,0,0
"10060",0,0,0,0,0,0,1,0,0,0,0,0,0,0,0,0,0,0
"9957",0,1,1,0,0,0,1,0,0,0,0,0,1,0,1,0,0,1
"51181",1,1,1,1,1,1,1,1,1,1,1,1,1,1,1,1,1,1
"6833",0,0,0,0,0,0,1,0,0,0,0,0,0,1,1,0,0,0
"9951",0,0,0,0,0,0,0,0,0,0,0,0,0,0,0,0,0,0
"3764",0,0,0,0,0,0,0,0,0,0,0,0,0,0,0,0,0,0
"222537",0,0,0,0,0,0,0,0,0,0,0,0,0,0,0,0,0,0
"64077",0,1,0,1,1,1,0,1,0,0,0,0,0,1,0,1,0,0
"3767",0,0,1,0,0,1,0,0,0,0,0,1,1,1,1,0,1,0
"5464",1,1,1,1,1,1,1,1,1,1,1,1,1,1,1,1,1,1
"64220",0,0,0,0,0,0,1,0,0,0,0,0,0,0,0,0,0,0
"10724",1,1,1,1,1,1,1,1,1,1,1,1,1,1,1,1,1,1
"5950",0,0,0,0,0,0,1,0,0,0,0,0,0,0,0,0,0,0
"1356",0,1,1,1,0,0,1,0,0,0,0,0,0,0,1,0,1,1
"2495",1,1,1,1,1,1,1,1,1,1,1,1,1,1,1,1,1,1
"9956",0,0,0,0,0,0,1,0,0,0,0,0,0,1,0,0,0,0
"5947",0,0,0,0,0,0,0,0,0,0,0,0,0,0,0,1,0,0
"9955",1,0,1,1,0,0,1,0,0,0,1,0,0,1,0,1,1,0
"2512",1,1,1,1,1,1,1,1,1,1,1,1,1,1,1,1,1,1
"94033",0,0,0,0,0,0,0,0,0,0,0,0,0,0,0,0,0,0
"5948",1,1,1,1,0,0,1,0,0,0,0,0,0,1,1,0,1,1
"29881",0,0,0,0,0,0,1,0,0,0,0,0,0,1,0,1,0,1
"1727",1,1,1,1,1,1,1,1,0,0,1,1,1,1,1,1,1,1
"9953",0,1,0,1,1,0,1,0,0,1,0,1,0,0,0,1,1,1
"64711",0,0,0,0,0,0,0,0,0,0,0,0,0,1,0,1,0,0
"949",0,1,1,0,0,0,0,0,0,1,0,0,0,1,0,1,0,0
"2350",0,0,0,0,0,0,0,1,0,0,0,1,1,1,0,1,0,1
"55501",0,1,1,0,0,1,0,1,0,1,0,0,0,1,0,1,0,1
"51706",0,1,1,1,1,1,1,1,0,1,0,1,1,1,0,1,0,1
"3248",1,0,0,1,1,0,1,1,0,0,1,0,0,0,0,1,1,1
"51700",1,0,0,1,0,0,1,0,0,0,0,0,1,1,0,0,0,0
"166929",0,0,1,0,0,0,0,0,0,0,0,0,1,0,1,0,1,0
"10587",0,1,0,1,1,1,1,1,0,0,0,1,1,1,0,0,0,0
"166012",0,0,0,0,0,0,1,1,0,0,0,0,0,0,0,0,0,0
"113189",0,1,1,0,0,0,0,0,0,1,1,1,0,1,0,1,0,1
"56261",1,1,1,1,0,1,0,1,1,1,1,1,1,0,1,1,1,1
"50515",0,1,0,1,1,1,1,0,0,1,1,1,1,1,0,1,0,0
"80347",1,1,1,1,1,1,1,1,0,1,0,0,1,1,1,1,1,1
"3658",1,0,0,1,0,1,0,1,1,1,1,0,1,0,1,0,1,1
"93034",0,1,0,1,0,1,0,0,0,0,0,0,0,0,0,1,1,1
"84618",0,1,1,1,1,1,1,1,1,1,1,1,0,0,1,0,1,0
"411",1,0,0,1,1,0,1,1,0,1,0,1,0,1,0,1,0,1
"203",1,0,0,0,0,1,0,1,0,0,1,0,0,1,0,1,1,0
"22978",1,0,0,1,1,1,1,1,0,0,1,0,1,1,1,0,1,0
"122481",0,0,0,0,0,0,1,0,0,0,0,0,0,0,0,1,0,1
"100526794",0,0,0,0,0,0,0,0,0,0,0,0,0,0,0,0,0,0
"159",1,1,1,1,1,1,0,1,1,1,1,0,1,1,1,1,1,1
"51251",1,1,1,1,1,1,1,1,1,1,1,1,1,1,1,1,1,1
"23563",1,0,0,0,0,0,0,0,0,1,0,0,0,0,0,0,0,0
"122622",0,0,0,0,0,1,0,0,0,0,0,0,1,1,1,0,0,1
"10164",0,0,0,0,0,0,1,0,0,0,0,0,0,1,1,1,0,0
"353",1,1,1,1,1,1,1,1,1,1,1,1,1,1,1,1,1,1
"11212",1,1,1,1,1,1,1,1,0,1,1,1,1,1,1,1,1,1
"3251",1,1,1,1,1,1,1,1,0,1,1,1,1,1,1,1,1,1
"383",1,0,1,0,1,1,0,1,0,0,0,0,0,0,1,1,1,1
"9435",1,0,0,1,1,0,1,0,0,0,1,0,0,1,0,1,0,1
"1371",1,0,1,0,1,0,1,0,1,1,0,1,0,0,0,1,1,1
"4166",0,0,0,0,0,0,1,0,0,0,0,0,0,0,0,0,0,0
"56954",1,0,0,1,1,0,1,0,1,1,0,1,0,0,1,0,1,1
"1503",1,0,1,0,1,0,0,0,1,1,0,1,1,1,0,0,0,0
"9469",1,1,1,1,0,0,1,0,0,0,0,0,1,1,0,0,0,1
"56474",0,1,1,1,0,1,1,0,0,0,1,0,0,0,0,1,1,1
"8534",0,0,0,0,0,0,0,0,0,0,0,0,0,1,1,0,0,0
"1491",0,1,1,1,1,0,0,0,1,1,0,1,0,0,0,1,0,1
"5313",1,1,1,1,0,0,1,0,0,1,0,0,0,0,0,0,0,1
"92086",0,0,0,0,0,1,1,0,0,0,0,0,0,0,0,0,0,0
"2987",1,1,1,1,1,1,1,1,1,1,1,1,1,1,1,1,1,1
"56548",0,1,1,0,1,1,1,0,0,1,0,0,0,1,0,1,0,0
"5860",1,1,1,1,1,1,1,1,0,1,1,1,1,1,1,1,1,1
"9394",0,1,1,0,1,1,0,0,0,1,1,0,0,1,1,0,0,0
"728441",0,0,0,0,0,0,1,0,0,0,0,0,0,0,0,0,1,0
"124975",0,0,0,0,0,0,1,0,0,0,0,0,0,0,0,0,0,0
"9453",1,0,1,0,0,0,1,0,1,1,1,1,1,0,0,1,1,1
"2686",0,1,1,0,0,1,0,0,0,0,1,0,0,1,0,1,0,0
"2023",1,1,1,1,1,1,1,1,0,1,1,1,1,1,1,1,1,1
"2027",1,0,1,0,0,0,0,1,0,0,0,0,1,1,0,1,0,1
"90161",0,0,0,0,0,0,0,0,0,0,0,1,0,0,0,0,0,0
"91227",0,0,0,0,0,1,0,0,0,0,0,0,0,0,0,0,0,0
"2026",1,1,1,1,1,1,1,1,0,0,1,1,0,1,1,1,0,1
"102724197",0,0,0,0,0,0,1,0,0,0,0,0,0,0,0,0,1,0
"266722",0,0,0,0,0,0,0,0,0,0,0,0,0,0,0,0,0,0
"9843",1,1,1,1,0,0,1,0,0,0,1,0,1,1,1,1,1,1
"2799",1,0,1,0,1,1,1,1,0,1,0,1,1,1,0,1,0,0
"80308",1,1,1,1,1,1,1,1,1,1,1,1,1,1,1,1,1,1
"10157",0,1,0,0,1,1,1,0,0,1,0,0,0,0,1,0,1,1
"118881",0,1,1,0,1,1,1,1,0,0,0,0,0,1,0,0,0,1
"5211",1,1,1,1,1,1,1,1,0,0,0,1,1,1,1,1,1,1
"7360",1,1,1,1,1,1,1,1,1,1,1,1,1,1,1,1,1,1
"2819",0,1,1,1,0,0,1,0,0,1,0,0,0,1,0,1,0,1
"3176",0,0,0,0,1,0,0,0,0,0,0,0,0,0,0,0,0,1
"26330",0,0,0,0,0,0,0,0,0,0,0,0,0,1,0,1,0,1
"1757",1,0,0,1,0,1,1,0,0,0,0,0,0,1,1,0,0,0
"81537",0,1,1,0,0,1,1,1,0,1,0,0,1,0,1,0,1,1
"2597",1,1,1,1,1,1,1,1,1,1,1,1,1,1,1,1,1,1
"29926",0,1,1,1,1,1,1,0,0,0,1,1,1,1,1,1,0,1
"2673",1,0,1,0,1,0,1,1,0,1,1,0,0,0,1,1,1,1
"9945",1,0,0,0,0,0,0,0,0,0,1,1,0,0,0,1,0,1
"6652",1,0,1,0,1,0,1,0,0,1,0,1,1,1,0,1,0,1
"29925",0,1,1,0,1,1,1,0,0,1,0,1,1,1,0,1,0,0
"51557",1,0,0,0,0,0,1,0,0,0,0,0,1,0,1,0,0,0
"875",0,1,0,0,1,0,0,0,0,0,0,0,0,1,0,0,0,0
"6342",1,1,1,1,1,1,1,1,1,1,1,1,1,1,1,1,1,1
"2752",0,1,0,1,1,1,0,1,0,1,1,0,0,1,0,1,0,1
"102724560",0,1,0,1,0,0,0,0,0,0,0,0,0,1,1,0,0,0
"1800",0,0,0,0,0,0,0,0,0,0,0,0,0,1,0,0,0,0
"249",0,0,1,1,0,0,1,0,0,0,0,0,1,1,0,0,0,0
"9056",0,1,1,0,0,1,1,0,0,0,0,0,1,1,0,1,0,1
"2762",0,1,1,0,1,1,1,1,0,0,0,1,1,1,0,1,0,0
"10558",1,1,1,1,1,1,0,1,0,1,1,1,1,0,1,1,1,1
"2643",1,1,1,0,1,1,0,1,0,1,0,0,1,0,0,1,0,1
"22934",1,1,1,1,1,1,1,0,1,1,0,1,1,1,1,1,1,1
"761",1,0,1,1,1,1,1,1,1,1,1,1,0,0,0,1,1,0
"51292",1,1,1,1,1,1,1,1,0,1,1,1,1,1,1,1,1,1
"55304",0,0,0,0,0,1,1,0,0,0,0,0,0,0,0,1,1,0
"766",0,0,0,0,0,0,0,0,0,0,0,0,1,0,1,0,1,0
"9517",1,0,1,0,1,0,1,1,0,1,0,1,1,0,0,0,1,0
"2098",1,1,1,1,1,1,1,1,0,1,1,1,1,1,1,1,1,1
"8879",1,1,1,1,1,1,1,1,0,1,0,1,1,1,1,1,1,1
"2766",1,1,1,1,0,0,1,0,0,0,0,0,0,1,0,1,0,0
"771",0,0,0,0,1,0,1,0,0,0,0,0,1,1,0,1,0,0
"4284",1,0,0,1,0,0,0,0,0,0,1,1,0,1,1,0,0,1
"57571",1,0,1,0,0,1,0,1,0,1,0,0,0,1,1,0,1,0
"8869",1,0,0,1,0,1,1,1,0,0,0,0,0,1,0,1,1,1
"362",0,0,1,1,1,1,1,1,1,1,1,1,0,1,0,1,0,0
"358",0,0,0,1,0,0,0,1,0,0,0,0,0,1,0,1,1,0
"8833",1,1,1,1,1,1,1,1,0,1,1,1,1,0,1,1,1,1
"641371",0,1,1,0,1,1,1,1,0,0,0,0,1,0,1,0,1,1
"361",0,0,0,0,0,0,0,0,0,0,0,0,0,0,0,0,0,0
"5538",1,1,1,1,1,1,1,1,1,1,1,1,1,1,1,1,1,1
"56848",0,1,1,0,1,1,1,0,0,0,0,1,0,1,1,0,0,0
"359",0,0,0,0,0,0,0,0,0,0,0,0,0,0,0,0,0,0
"8877",0,1,0,1,1,0,1,0,0,0,0,0,0,1,0,1,0,0
"3145",0,1,0,1,1,1,1,1,0,1,0,1,1,1,0,0,0,0
"9374",1,0,1,0,1,1,1,0,0,0,0,0,0,1,0,0,1,0
"11332",1,0,0,1,1,1,1,0,0,0,1,1,1,1,0,1,0,1
"586",0,1,1,0,0,0,1,0,0,1,0,1,1,1,1,0,1,0
"55825",0,1,1,0,1,1,1,1,0,0,1,0,1,1,0,1,0,0
"130752",0,1,1,1,0,0,0,1,0,1,0,0,0,1,0,1,0,0
"51102",0,1,0,1,1,1,1,1,0,0,0,0,1,1,0,0,0,0
"3615",1,1,1,1,1,1,1,1,0,1,1,1,1,1,1,1,1,1
"3614",1,1,1,1,1,1,0,1,0,0,1,1,1,1,0,1,1,1
"37",1,1,1,1,1,1,1,1,0,0,1,1,1,1,1,1,1,1
"55512",0,1,1,0,0,0,1,0,0,1,0,0,1,1,1,0,0,0
"55627",0,1,0,1,1,1,1,0,0,0,1,0,0,1,0,0,0,0
"33",0,0,0,0,0,0,0,0,0,0,0,0,0,0,0,0,0,0
"682",1,1,1,1,1,1,1,1,0,1,1,1,1,1,1,1,1,1
"132158",0,1,1,0,1,1,0,0,0,0,1,0,0,1,0,1,0,1
"339221",0,0,0,0,0,0,0,0,0,1,0,0,0,0,0,0,0,1
"6609",0,1,0,0,1,1,1,0,0,1,0,1,0,1,0,1,0,1
"641649",0,1,1,1,1,1,0,1,0,0,0,0,0,1,1,0,0,0
"4351",1,0,1,0,1,1,0,1,0,0,0,1,1,1,0,1,0,0
"23475",1,0,1,0,1,0,0,0,0,1,0,1,1,1,1,0,1,0
"6610",0,1,0,1,0,1,0,0,0,0,1,1,1,1,0,1,0,0
"100287639",0,0,0,0,0,0,1,0,0,0,0,0,0,0,0,0,0,0
"259230",0,1,0,1,0,1,1,1,0,1,1,0,1,0,1,0,1,0
"93100",1,0,1,0,1,1,1,1,0,0,0,0,0,1,0,1,0,1
"441024",0,1,1,0,0,0,1,1,1,1,1,0,0,0,1,0,1,0
"50484",0,1,0,1,0,0,0,0,1,1,1,1,0,0,1,0,1,1
"65220",0,1,0,1,0,1,1,1,0,0,0,1,1,1,1,0,0,0
"6241",1,0,1,0,1,0,1,0,0,1,0,0,1,1,0,0,0,0
"116369",1,0,1,1,0,0,1,0,0,0,0,0,0,1,1,0,1,0
"115111",1,0,0,0,0,0,0,0,0,1,0,0,1,0,1,1,0,1
"389015",0,0,0,0,0,0,1,0,0,0,0,0,0,0,1,0,1,0
"6240",1,1,1,1,1,1,1,0,1,1,1,1,1,1,1,1,1,1
"6553",0,1,1,1,0,1,1,0,0,0,0,0,0,1,0,1,0,1
"3156",1,0,0,1,1,1,1,1,0,1,0,1,1,0,1,1,1,0
"284129",0,1,0,1,1,1,0,1,1,0,1,0,0,1,0,1,0,1
"2821",1,1,1,1,1,1,1,1,1,1,0,1,1,1,1,1,1,1
"115019",0,0,0,0,0,0,1,0,0,0,0,0,0,0,0,0,0,0
"5230",1,1,1,1,1,1,1,1,1,1,1,1,1,1,1,1,1,1
"79966",1,0,1,1,0,0,0,1,0,1,0,0,1,1,0,0,1,0
"5232",0,0,0,0,0,0,0,0,0,0,0,0,0,1,0,0,0,0
"375056",0,1,1,0,0,1,1,1,1,0,1,1,1,0,1,1,1,1
"10588",0,1,0,1,1,1,0,0,0,1,1,1,1,1,0,1,0,0
"5236",1,1,1,1,1,1,1,1,0,0,0,0,1,1,1,1,0,0
"26266",0,1,0,1,0,0,0,1,0,0,0,1,0,0,1,0,0,1
"84890",0,0,0,1,0,0,0,1,1,1,0,0,1,1,0,1,0,0
"55276",1,1,1,0,1,0,1,0,0,1,1,0,1,0,1,0,1,1
"6646",1,1,1,0,1,1,1,0,0,1,1,0,1,0,1,1,1,1
"5372",0,1,1,0,1,1,0,1,1,0,1,0,1,1,0,1,0,0
"6649",1,1,1,0,1,1,1,1,1,1,1,1,1,1,1,1,1,1
"55229",0,1,1,0,1,1,1,1,0,0,0,0,1,1,0,1,0,0
"5373",0,1,0,1,1,1,1,0,1,1,0,1,1,1,0,1,0,0
"79646",1,0,0,1,1,0,1,1,0,1,0,1,0,0,1,0,1,1
"80025",0,1,0,1,1,1,1,0,0,1,1,0,0,1,0,1,0,1
"53354",1,0,1,1,1,1,0,0,0,0,0,0,0,0,0,1,1,1
"6648",0,1,1,0,0,0,0,1,1,1,0,1,0,0,0,1,1,1
"6647",1,1,1,1,1,1,1,1,1,1,1,1,1,1,1,1,1,1
"6697",1,1,1,0,1,0,0,0,0,1,0,0,1,1,0,0,0,0
"6611",1,1,1,1,1,1,1,1,1,1,1,1,1,1,1,1,1,1
"83594",0,1,1,0,1,0,1,0,0,0,0,1,1,0,1,0,0,1
"7263",1,0,1,0,1,1,1,1,1,1,1,1,1,1,1,0,0,0
"26275",0,1,1,0,1,0,1,0,0,1,0,1,0,0,1,0,1,1
"6723",1,1,1,1,1,1,1,1,0,1,0,1,1,1,1,1,1,1
"6713",0,1,1,0,1,1,1,0,0,1,0,1,1,1,0,0,1,0
"2222",1,1,1,1,1,1,1,1,0,1,1,1,1,1,1,1,1,1
"210",0,1,0,1,1,0,1,1,0,1,0,0,1,1,0,1,0,0
"29920",0,1,0,1,1,1,1,0,0,1,0,1,1,1,0,1,0,0
"6715",1,0,0,1,1,0,1,1,0,0,0,0,1,1,1,0,0,0
"60490",0,1,0,1,1,1,1,1,0,0,1,0,1,1,0,0,0,0
"6716",0,0,0,0,0,0,0,0,0,0,0,0,0,0,0,1,0,0
"79717",1,1,1,1,1,1,1,1,1,1,1,1,1,1,1,1,1,1
"15",0,0,1,1,0,0,0,0,0,0,0,0,0,1,0,1,0,1
"7389",1,1,1,1,1,1,1,1,0,1,1,1,1,1,1,1,1,1
"58510",0,0,0,0,0,0,1,0,0,0,0,0,0,0,0,0,0,0
"1595",1,0,1,0,1,1,0,1,0,0,1,0,1,1,0,1,0,0
"130367",1,1,1,1,1,0,1,0,0,1,1,1,1,1,1,1,1,0
"6532",0,1,1,0,1,1,1,1,1,1,1,1,0,0,0,0,1,1
"153201",0,0,0,0,0,0,1,0,0,0,0,0,0,1,0,0,0,0
"10478",1,0,1,1,1,0,1,1,0,1,1,1,1,1,1,0,1,1
"221823",0,0,0,0,0,1,1,0,0,1,0,0,0,1,0,0,0,0
"23443",1,0,1,0,0,0,1,1,0,1,1,1,0,0,1,0,1,1
"5634",1,1,1,1,1,0,1,1,1,1,1,1,1,1,1,1,1,1
"64240",0,0,0,0,0,0,1,0,0,0,0,0,0,0,0,0,0,0
"6487",1,0,0,1,1,1,1,0,1,0,1,0,0,0,1,0,1,1
"5631",1,1,1,1,1,1,1,1,1,1,1,1,1,1,1,1,1,1
"29968",1,1,1,1,1,0,1,0,0,1,0,1,1,1,1,1,1,1
"64241",1,1,0,1,1,0,1,0,0,0,0,0,0,1,1,0,0,1
"284111",0,1,0,0,0,0,1,0,0,0,0,0,0,1,1,1,0,0
"8781",0,1,1,1,0,0,0,0,1,1,1,1,1,0,1,0,1,1
"8435",0,1,1,1,0,0,0,1,0,0,0,0,0,0,0,1,0,1
"5723",1,0,0,1,1,0,1,0,1,1,1,1,1,1,1,0,0,0
"3988",1,1,1,1,0,1,1,1,0,0,1,1,1,1,1,1,1,1
"55312",0,1,0,1,1,1,1,1,0,1,0,0,1,0,1,1,1,1
"6888",1,1,1,1,1,1,1,1,1,1,1,1,1,1,1,1,1,1
"79896",0,1,0,1,0,0,1,1,0,1,0,1,0,0,1,1,1,1
"8277",0,1,1,1,0,1,0,1,0,0,0,0,0,1,0,1,0,0
"768",1,1,1,0,0,0,1,0,0,0,0,0,1,0,0,1,0,0
"84076",0,0,0,0,0,0,0,0,0,0,0,0,0,0,0,0,0,0
"762",0,0,0,0,1,0,0,0,0,1,0,0,0,0,0,0,0,0
"765",0,1,1,1,1,1,0,0,0,1,0,0,0,1,0,1,0,0
"7086",1,1,1,1,1,1,1,1,0,0,1,1,1,1,1,1,1,1
"10402",0,0,0,0,0,0,1,0,0,1,0,0,0,0,0,0,1,0
"27010",1,0,1,0,1,0,1,1,0,1,0,1,1,0,1,0,0,0
"286016",0,0,1,0,1,0,0,1,0,0,0,1,1,1,1,0,0,0
"10610",0,0,0,0,0,0,0,0,0,0,0,0,0,0,0,0,0,1
"23632",0,1,1,1,0,1,0,0,0,0,0,0,1,1,0,1,0,0
"7167",1,1,1,1,1,1,1,1,0,1,1,1,1,1,1,1,1,1
"760",0,1,1,1,0,0,0,0,0,1,0,0,1,0,0,0,0,1
"256435",1,0,1,1,0,0,1,0,0,1,0,1,0,0,0,1,1,1
"2582",1,0,1,0,1,1,1,0,0,1,0,1,1,1,0,0,0,0
"30815",0,1,0,1,1,1,0,0,0,0,0,0,0,1,0,0,1,1
"81849",0,0,1,1,1,1,1,1,1,1,1,1,1,0,0,1,0,1
"767",0,1,1,0,1,0,1,0,0,0,0,0,1,1,1,0,1,0
"759",1,0,1,1,0,0,0,1,0,0,0,0,1,0,0,1,0,0
"91373",1,0,1,1,1,1,0,0,0,0,0,0,0,1,0,1,0,1
"377677",0,1,1,1,0,1,1,0,0,0,0,0,0,0,1,1,0,1
"31",0,1,0,1,1,1,1,0,0,1,0,1,1,1,1,0,0,0
"6675",0,1,0,1,1,1,1,0,0,1,0,1,0,0,1,1,1,1
"6556",1,0,1,1,1,1,0,0,0,0,0,0,0,1,0,1,0,0
"7390",0,1,1,0,1,1,1,1,0,0,0,0,1,1,0,1,0,0
"6563",0,1,0,0,0,1,1,1,0,0,1,0,1,0,1,0,1,0
"8170",0,1,1,1,0,0,1,0,0,0,0,0,1,1,0,0,0,0
"6568",0,0,0,0,0,1,0,0,0,0,0,0,0,0,0,1,0,0
"374569",0,0,0,0,0,0,0,0,0,0,0,0,0,0,1,0,0,1
"7779",0,1,0,1,1,0,1,1,0,1,0,0,0,0,0,1,1,1
"54020",0,1,1,0,1,1,0,0,0,1,0,0,1,1,0,1,0,0
"100507855",1,1,1,0,0,0,1,0,0,1,0,1,1,1,1,0,1,0
"285440",0,1,1,0,1,1,1,1,0,0,1,0,0,0,1,1,0,1
"55191",1,0,0,1,1,1,0,1,0,0,1,0,1,1,1,0,0,1
"132",1,1,1,1,1,1,1,1,0,1,1,1,1,1,1,1,1,1
"97",1,0,1,1,0,0,1,0,1,1,0,1,0,0,1,1,1,1
"98",0,1,0,1,0,1,1,1,1,0,1,0,1,1,0,1,0,0
"112611",0,1,0,1,1,0,1,1,0,0,1,0,1,0,0,1,0,1
"51005",1,0,0,1,1,1,1,0,0,0,0,0,0,1,0,1,0,1
"471",1,1,1,1,1,1,1,1,0,1,1,1,1,1,1,1,1,1
"435",1,0,0,1,1,0,1,1,0,0,1,1,1,1,1,0,0,0
"171425",0,1,0,1,1,1,0,1,0,0,0,0,1,1,0,1,0,0
"132789",1,0,0,1,0,0,1,1,0,1,0,1,0,0,1,0,1,1
"10007",1,1,1,1,1,0,1,1,0,1,0,1,1,1,1,1,1,1
"2585",1,0,0,1,1,0,1,1,0,1,0,1,1,1,0,1,0,0
"2584",0,1,1,0,1,1,1,0,0,0,0,1,1,1,0,1,0,0
"2592",1,1,1,1,1,1,0,1,0,0,1,0,1,1,0,1,0,1
"5471",0,1,0,1,1,0,1,1,0,1,0,1,0,0,1,1,1,1
"84264",0,1,1,0,1,1,0,0,0,0,0,0,0,1,0,1,0,1
"3034",1,0,1,0,0,0,1,0,0,0,0,0,1,1,1,0,0,0
"144193",0,1,0,1,0,0,0,0,0,0,0,0,1,1,1,0,0,0
"2739",1,1,1,1,1,1,1,1,1,1,1,1,1,1,1,1,1,1
"8776",1,1,1,1,0,1,0,0,1,1,1,1,1,1,1,0,0,0
"3612",1,1,1,1,1,0,1,0,1,1,0,1,1,0,1,1,1,1
"3613",1,0,0,1,1,0,1,0,0,1,0,0,1,1,0,1,0,1
"2978",0,0,0,0,0,0,0,0,0,0,0,0,0,0,0,0,0,0
"4953",1,1,1,1,1,1,1,1,0,1,1,1,1,1,1,1,1,1
"5213",0,1,0,1,1,0,0,1,0,1,0,1,0,1,0,1,0,1
"5214",1,1,1,1,1,1,1,1,0,1,1,1,1,1,1,1,1,1
"10050",0,0,0,0,0,0,0,0,0,1,0,0,0,0,0,0,0,0
"10786",0,1,1,1,0,0,0,1,0,1,0,0,0,0,1,1,1,1
"10246",1,1,1,1,0,0,0,0,0,1,0,0,0,1,0,0,0,0
"6569",1,0,1,1,1,1,1,1,1,1,1,1,0,0,0,1,1,1
"10568",0,0,1,1,0,0,1,0,0,0,0,0,0,0,1,0,0,1
"5198",0,1,1,0,1,0,0,0,0,1,0,1,0,1,0,1,0,0
"113675",1,1,1,1,1,1,1,1,1,1,1,1,0,0,1,0,0,1
"7298",1,0,1,0,1,0,1,0,0,0,0,0,1,1,0,0,1,0
"215",1,0,1,1,0,1,0,0,0,0,0,0,0,1,1,0,0,0
"5825",1,0,0,1,1,0,0,0,1,1,0,1,0,0,1,0,1,1
"641372",0,0,0,0,0,0,0,0,0,0,0,0,0,0,0,0,0,0
"9045",1,1,1,1,1,1,1,1,1,1,1,1,1,1,1,1,1,1
"4017",0,1,1,0,0,1,1,0,0,1,0,0,0,1,0,1,1,0
"84105",0,1,1,0,1,1,1,0,0,1,0,1,0,0,0,0,1,1
"25830",0,0,0,0,0,0,0,0,0,0,0,0,0,0,0,0,0,0
"84569",0,0,0,0,0,0,1,0,0,0,0,0,0,0,0,1,0,0
"4025",1,0,0,0,0,0,0,0,0,0,0,0,0,0,0,0,0,0
"54995",0,1,1,0,1,0,1,0,0,1,0,1,1,1,0,1,0,0
"93492",1,1,1,1,0,0,1,0,0,0,0,0,0,0,1,0,1,1
"1267",1,1,1,1,1,1,1,0,0,0,0,1,1,1,0,1,0,0
"10249",0,0,0,0,0,0,0,0,0,0,0,0,0,0,0,0,0,0
"1549",0,0,0,0,0,0,0,0,0,0,0,0,0,0,1,0,1,1
"1580",0,0,0,0,0,0,0,0,0,0,1,0,0,0,0,0,0,0
"1573",1,0,1,1,1,0,1,0,0,0,0,0,0,1,0,1,1,0
"29785",0,0,0,0,0,0,1,0,0,0,0,1,0,1,1,1,0,0
"199974",0,0,0,0,0,0,0,0,0,0,0,0,0,0,0,0,0,0
"57834",0,0,0,0,0,0,1,0,0,0,0,0,0,1,0,0,0,0
"1555",0,0,0,0,0,0,0,0,0,0,0,0,0,1,0,0,0,0
"260293",0,0,0,0,0,0,1,0,0,0,0,0,0,0,0,0,0,0
"1215",0,0,0,0,0,0,0,0,0,0,0,0,1,1,1,0,0,0
"57094",0,0,0,0,0,0,0,0,0,0,0,0,0,0,0,0,0,0
"1357",0,0,0,0,0,0,0,0,0,0,0,0,0,0,0,0,0,1
"1358",0,0,0,0,0,0,0,0,0,0,0,0,1,0,0,1,0,0
"93979",0,1,0,1,0,0,0,0,1,0,1,1,1,1,1,0,1,0
"23430",0,0,0,0,0,0,0,0,0,0,0,0,1,1,0,1,0,0
"7384",1,1,1,1,1,1,1,1,0,1,1,1,1,1,1,1,1,1
"7388",1,1,1,1,1,1,1,1,1,1,1,1,1,1,1,1,1,1
"7386",1,1,1,1,1,1,1,1,1,1,1,1,1,1,1,1,1,1
"29796",1,1,1,1,1,1,1,1,1,1,1,1,1,1,1,1,1,1
"7385",1,1,1,1,1,1,1,1,1,1,1,1,1,1,1,1,1,1
"1537",1,1,1,1,1,1,1,1,0,1,1,1,1,1,1,1,1,1
"9481",0,1,1,1,0,0,0,0,0,0,0,1,0,0,1,0,1,0
"9016",0,1,0,1,1,0,0,1,0,1,1,1,0,0,0,1,1,1
"7352",1,0,0,1,0,1,0,0,0,1,0,0,0,0,1,0,1,1
"7351",1,1,1,1,1,1,1,1,0,1,1,1,1,1,1,1,1,1
"4726",1,1,1,1,1,1,1,1,1,1,1,1,1,1,1,1,1,1
"4729",0,1,0,1,0,1,0,0,1,0,1,0,0,0,1,0,1,1
"4541",1,1,1,1,1,1,1,1,1,1,1,1,1,1,1,1,1,1
"4719",1,0,1,0,1,1,1,0,1,0,1,0,1,0,0,1,0,0
"4713",1,1,1,1,1,1,1,1,0,1,1,1,1,1,1,1,1,1
"4718",1,0,0,1,0,0,1,1,1,1,1,1,1,1,0,1,0,0
"7991",0,0,0,0,0,0,0,0,0,0,0,0,1,0,0,0,0,1
"126328",1,0,0,1,1,0,1,1,1,0,0,1,0,1,1,0,0,1
"4539",1,1,1,1,1,1,1,1,1,1,1,1,1,1,1,1,1,1
"4731",1,1,1,1,1,1,0,0,1,1,1,1,1,1,0,1,0,0
"4694",1,1,1,1,1,1,1,1,1,1,1,1,1,1,1,1,1,1
"4705",1,1,1,1,1,1,1,1,0,1,1,1,1,1,1,1,1,1
"4704",0,1,0,1,1,1,0,0,0,1,1,1,1,1,0,1,0,0
"4695",1,1,1,1,1,1,1,1,1,1,1,1,1,1,1,1,1,1
"4696",1,1,1,1,1,1,1,1,1,1,1,1,1,1,1,1,1,1
"4707",1,1,1,1,1,1,1,1,1,1,1,1,1,1,1,1,1,1
"4711",1,1,1,1,1,0,1,1,0,1,1,1,1,1,1,1,1,1
"4712",1,1,1,1,1,1,1,1,1,1,1,1,1,1,1,1,1,1
"4702",1,1,1,1,1,1,1,1,1,1,1,1,1,1,1,1,1,1
"4537",1,1,1,1,1,1,1,1,1,1,1,1,1,1,1,1,1,1
"4710",1,1,1,1,1,1,1,1,1,1,1,1,1,1,1,1,1,1
"4700",1,1,1,1,1,1,1,1,1,1,1,1,1,1,1,1,1,1
"4538",1,1,1,1,1,1,1,1,1,1,1,1,1,1,1,1,1,1
"4708",1,1,1,1,1,1,1,1,1,1,1,1,1,1,1,1,1,1
"4709",1,1,1,1,1,1,1,1,1,1,1,1,1,1,1,1,1,1
"4715",1,1,1,1,1,1,1,1,1,1,1,1,1,1,1,1,1,1
"4535",1,1,1,1,1,1,1,1,1,1,1,1,1,1,1,1,1,1
"131669",0,0,0,0,0,0,0,0,0,0,0,0,0,1,0,0,0,0
"79644",0,1,0,1,1,1,1,1,0,1,0,0,1,1,0,1,0,0
"5973",0,1,1,0,0,1,0,0,0,0,1,1,1,1,0,1,0,1
"4698",1,1,1,1,0,0,1,1,1,1,1,1,1,1,1,1,1,1
"55967",1,1,1,1,1,1,1,1,1,1,1,1,1,1,1,1,1,1
"1646",0,1,1,1,0,1,1,0,0,0,0,0,0,1,1,0,0,1
"4701",0,1,0,0,0,0,0,1,1,0,1,0,0,1,1,0,1,0
"4540",1,1,1,1,1,1,1,1,1,1,1,1,1,1,1,1,1,1
"1635",1,1,1,1,1,1,1,1,0,1,0,1,1,1,1,1,1,1
"158160",1,0,1,0,0,1,0,0,1,1,0,1,1,1,1,1,0,1
"286297",0,0,0,0,0,0,1,0,0,0,0,0,0,0,0,0,0,0
"10560",1,0,1,0,1,0,0,1,0,1,0,1,0,0,1,0,1,1
"4717",1,1,1,1,1,1,1,1,1,1,1,1,1,1,1,1,1,1
"374291",1,0,1,0,1,1,1,0,0,0,1,1,1,1,0,1,0,0
"8630",0,1,1,0,1,0,1,0,0,1,0,1,1,1,1,0,0,0
"4724",1,1,1,1,1,1,1,1,0,1,1,1,1,1,1,1,1,1
"4723",1,1,1,1,1,1,1,1,1,1,1,1,1,1,1,1,1,1
"191",1,1,1,1,1,1,1,1,0,1,0,1,1,1,0,1,0,0
"10768",1,0,0,1,1,0,1,0,0,1,1,1,1,1,0,0,0,0
"51170",1,1,1,1,0,1,1,1,1,0,1,1,1,1,1,1,1,1
"51144",1,0,1,0,1,0,1,1,0,1,0,1,1,0,1,1,1,0
"83401",0,0,0,0,0,0,0,0,0,0,0,0,0,1,0,1,0,1
"25874",1,1,1,1,1,1,1,1,1,1,1,1,1,1,1,1,1,1
"4720",1,1,1,1,1,1,1,1,1,1,1,1,1,1,1,1,1,1
"79993",0,0,0,0,0,0,1,0,0,0,0,0,0,0,1,0,1,1
"4697",1,1,1,1,1,1,1,1,1,1,1,1,1,1,1,1,1,1
"4728",1,1,1,1,1,1,1,1,0,1,1,1,1,1,1,1,1,1
"51660",1,1,1,1,1,1,1,1,1,1,1,1,1,1,1,1,1,1
"64834",1,1,1,1,1,1,1,1,1,1,1,1,1,1,1,1,1,1
"57198",1,0,1,0,1,1,0,0,0,0,1,0,0,1,0,1,0,1
"4725",1,1,1,1,1,1,1,1,1,1,1,1,1,1,1,1,1,1
"201562",1,0,0,1,0,0,1,1,0,0,1,0,1,0,1,1,1,0
"5205",1,0,0,1,1,1,1,0,0,0,0,1,0,0,1,0,1,1
"51495",1,1,1,1,1,1,1,0,1,1,0,1,1,1,1,1,1,1
"23250",1,0,0,1,1,1,1,0,0,1,0,0,0,1,1,0,1,1
"4706",1,1,1,1,1,1,1,1,1,1,1,1,1,1,1,1,1,1
"9200",0,1,0,1,1,0,1,0,0,1,0,0,1,1,0,0,1,0
"192286",1,1,1,1,1,1,1,1,1,1,1,1,1,1,1,1,1,1
"286410",1,0,0,1,0,0,0,1,1,1,0,1,0,0,1,0,1,1
"401494",0,1,0,1,0,0,1,0,1,0,1,1,0,0,1,1,0,1
"5243",0,1,1,1,0,0,1,0,1,1,0,0,1,0,0,1,0,1
"55856",1,0,0,1,1,0,1,0,0,1,0,1,1,0,1,0,0,1
"9524",1,1,1,1,1,1,1,1,0,0,1,1,1,1,1,1,1,1
"54539",1,1,1,1,1,1,1,1,1,1,1,1,1,1,1,1,1,1
"7350",1,0,1,1,1,1,1,1,1,1,1,1,1,1,1,1,1,1
"253017",0,0,0,0,0,0,1,0,0,0,0,0,0,0,0,0,0,0
"4716",1,1,1,1,1,1,1,1,1,1,1,1,1,1,1,1,1,1
"283985",0,0,0,0,0,0,1,0,0,0,0,0,0,0,0,1,0,0
"3995",1,0,1,0,0,0,1,0,0,0,0,0,1,1,0,0,0,0
"4536",1,1,1,1,1,1,1,1,1,1,1,1,1,1,1,1,1,1
"26027",0,1,1,0,0,1,0,1,0,0,0,0,0,0,1,1,0,1
"10058",1,0,1,1,1,0,1,1,0,0,0,0,0,1,0,1,0,1
"1155",1,1,1,1,1,1,1,1,1,1,1,1,1,1,1,1,1,1
"4714",1,1,1,1,1,1,1,1,1,1,1,1,1,1,1,1,1,1
"4722",1,1,1,1,1,1,1,1,1,1,1,1,1,1,1,1,1,1
"123096",0,1,1,1,0,0,0,0,0,0,0,0,0,1,0,1,0,1
"51079",0,1,1,0,1,1,0,0,0,0,1,1,0,1,1,1,0,0
"51458",0,0,1,1,1,1,1,1,1,1,1,1,0,1,1,1,0,1
"948",0,0,0,0,0,0,0,1,0,0,0,0,0,0,0,0,0,0
"114571",0,0,0,0,0,0,1,0,0,0,0,0,0,1,0,1,0,0
"1339",0,0,0,0,0,0,0,0,0,0,0,0,0,0,0,0,0,0
"57016",1,1,1,1,0,0,1,0,0,0,0,0,0,0,0,1,0,0
"10928",0,1,0,1,1,1,1,0,0,1,0,1,1,1,0,0,0,0
"79707",0,1,0,1,1,1,1,1,0,1,1,0,0,1,0,1,0,0
"1728",1,0,0,1,1,0,1,0,0,0,1,1,1,1,0,1,0,0
"1345",1,1,1,1,1,1,1,1,1,1,1,1,1,1,1,1,1,1
"79672",1,1,1,1,1,1,1,0,0,0,1,1,1,1,1,1,1,1
"1329",1,1,1,1,1,1,1,1,1,1,1,1,1,1,1,1,1,1
"2946",0,1,1,1,0,1,0,1,0,0,0,0,0,0,0,0,1,1
"9917",1,0,1,0,0,0,1,0,0,1,1,1,1,1,0,1,0,0
"55331",1,0,1,0,1,1,1,0,0,0,0,0,0,0,1,0,1,1
"341947",0,0,0,0,0,0,0,0,0,0,0,0,0,1,1,0,0,0
"125965",0,0,1,1,0,0,1,0,0,0,0,0,0,0,1,1,0,1
"55277",0,1,1,0,0,1,0,0,0,0,0,0,0,1,0,1,1,0
"125981",0,1,1,1,1,1,1,1,1,1,1,1,0,1,0,1,0,1
"340485",0,1,0,0,0,0,0,0,0,0,0,0,0,0,1,1,0,1
"64122",1,0,0,0,0,0,1,0,0,0,0,0,0,1,0,1,0,1
"1327",1,1,1,1,1,1,1,1,1,1,1,1,1,1,1,1,1,1
"92370",1,0,0,1,1,1,1,0,0,0,0,0,0,0,1,0,1,1
"4513",1,1,1,1,1,1,1,1,1,1,1,1,1,1,1,1,1,1
"2760",0,1,0,1,1,0,0,1,0,1,1,1,1,1,0,0,0,0
"1346",0,0,0,1,0,0,0,0,0,0,0,0,0,1,1,0,1,1
"93650",0,1,0,1,0,1,0,0,0,0,0,0,0,1,0,1,1,0
"5660",1,1,1,1,1,1,1,1,1,1,1,1,1,1,1,1,1,1
"390928",1,1,1,1,0,0,1,0,0,0,0,0,0,1,1,0,0,1
"57704",1,0,0,1,1,1,1,1,0,0,0,0,1,1,1,0,0,0
"4759",0,0,0,0,0,0,0,0,0,0,0,0,0,0,0,1,0,0
"1347",1,1,1,1,1,1,1,1,1,1,1,1,1,1,1,1,1,1
"139596",1,0,1,0,1,0,0,1,1,1,0,0,1,1,0,1,0,0
"1337",1,1,1,1,1,1,1,1,1,1,1,1,1,1,1,1,1,1
"55066",1,0,0,1,1,1,1,0,0,1,1,0,1,1,0,1,0,0
"4514",1,1,1,1,1,1,1,1,1,1,1,1,1,1,1,1,1,1
"10825",1,0,1,0,1,0,1,1,0,1,1,0,1,1,1,0,0,0
"283208",1,0,1,1,0,0,1,0,0,0,0,0,0,0,1,0,1,1
"7903",1,1,1,1,1,0,1,0,1,1,1,1,1,0,1,1,1,1
"1351",1,1,1,1,1,1,1,1,1,1,1,1,1,1,1,1,1,1
"84701",0,0,0,0,0,0,0,0,1,0,0,0,1,0,0,1,0,0
"5033",1,1,1,1,1,1,1,1,0,1,1,1,1,0,1,1,1,1
"1350",1,1,1,1,1,1,1,1,1,1,1,1,1,1,1,1,1,1
"8974",1,1,0,1,0,0,1,0,0,0,0,0,0,1,1,0,0,0
"4512",1,1,1,1,1,1,1,1,1,1,1,1,1,1,1,1,1,1
"8513",0,0,0,0,0,0,0,0,0,0,0,0,0,0,0,0,0,0
"58478",1,1,1,1,1,1,1,1,1,1,1,1,1,1,1,1,1,1
"55256",1,1,1,1,1,1,1,1,1,1,1,1,1,1,1,1,1,1
"5408",1,1,1,1,0,0,1,0,0,0,0,0,1,1,1,1,1,1
"170712",0,0,0,0,0,0,0,0,0,0,0,0,0,0,0,0,0,0
"259307",1,0,1,0,1,0,1,0,0,1,0,0,0,0,0,1,1,1
"9377",1,1,1,1,1,1,1,1,1,1,1,1,1,1,1,1,1,1
"51312",0,1,1,1,1,1,0,0,0,1,0,1,1,1,0,1,0,1
"9167",1,1,1,1,1,1,1,1,1,1,1,1,1,1,1,1,1,1
"1340",1,1,1,1,1,1,1,1,1,1,1,1,1,1,1,1,1,1
"57104",0,1,1,0,0,1,1,1,0,0,0,0,0,1,0,1,0,1
"81894",1,0,0,1,1,1,1,1,0,1,0,0,0,1,0,1,0,1
"13",0,0,0,0,0,0,0,0,0,0,0,0,0,1,0,0,0,0
"1349",1,1,1,1,1,1,1,1,1,1,1,1,1,1,1,1,1,1
"29085",1,1,1,1,1,1,1,1,1,1,1,1,1,1,1,1,1,1
"9388",0,0,1,0,0,0,1,0,0,0,0,0,0,0,0,0,0,0
"5407",0,0,0,0,0,0,1,0,0,0,0,0,0,1,0,1,0,0
"9107",1,1,1,1,0,0,1,1,1,1,1,0,1,0,1,1,1,1
"22908",1,0,0,1,1,0,1,1,0,1,0,1,0,0,1,1,1,1
"163404",0,0,0,0,0,0,0,0,0,0,0,0,0,0,0,0,0,0
"3991",0,1,0,1,1,1,1,0,0,0,0,0,0,1,0,1,0,0
"22876",0,1,0,1,1,0,1,0,0,1,1,1,1,0,1,0,1,1
"221955",1,0,0,1,1,1,1,0,0,0,0,1,1,1,0,1,0,0
"5406",0,0,0,0,0,0,0,0,0,0,0,0,0,0,0,0,0,0
"9896",0,1,0,1,1,1,1,1,0,1,1,0,1,0,1,0,1,0
"747",0,1,1,1,0,0,1,0,0,0,0,0,0,0,0,1,1,0
"51559",0,1,0,1,1,1,1,0,0,1,0,1,0,0,0,1,0,1
"119548",0,0,0,0,0,0,0,0,0,0,0,0,1,0,0,0,1,0
"646486",0,0,0,0,0,0,0,0,0,0,0,0,0,0,0,0,0,0
"9108",1,0,1,1,0,0,1,0,0,0,0,0,0,0,1,1,0,1
"84814",0,0,0,0,0,0,1,0,0,0,0,0,0,0,1,1,1,0
"23371",1,0,1,1,0,1,1,0,0,0,0,0,0,1,0,1,0,1
"2167",0,0,0,0,0,0,0,0,0,0,0,0,0,0,0,0,0,0
"2172",0,0,0,0,0,0,1,0,0,0,0,0,1,0,0,0,0,0
"8446",1,1,1,1,1,1,1,1,1,1,1,1,1,1,1,1,1,1
"2173",0,0,0,0,0,0,1,0,0,0,0,0,0,1,0,0,0,0
"51496",1,0,0,1,0,1,0,1,1,0,1,0,1,0,1,0,1,1
"374462",0,0,0,0,0,0,1,0,0,0,0,0,0,0,0,0,0,0
"2169",0,0,0,0,0,0,0,0,0,0,0,0,0,0,0,0,1,0
"403313",0,1,1,0,1,1,0,1,0,1,0,1,0,1,1,1,0,1
"23203",1,1,1,1,1,1,1,1,0,0,1,1,1,1,1,1,1,1
"2171",1,0,1,0,0,0,1,0,0,1,0,1,1,1,0,0,0,0
"145553",0,1,1,1,0,0,1,1,0,0,0,1,1,1,0,0,1,0
"646480",0,0,0,0,0,0,0,0,0,0,0,0,0,0,0,0,0,0
"2170",0,1,1,0,1,1,1,1,1,1,1,1,1,1,1,1,0,1
"64419",1,1,1,1,1,1,1,1,0,0,1,0,1,1,1,1,1,1
"54988",0,0,0,0,0,0,1,0,0,0,0,0,0,0,0,0,0,0
"55613",1,0,1,0,1,1,0,0,1,0,0,1,1,0,1,0,1,0
"341392",0,0,0,0,0,0,1,0,0,0,0,0,0,0,0,0,0,0
"138639",1,0,0,1,1,0,1,0,0,0,0,1,0,0,1,1,1,1
"9562",0,1,0,1,1,0,1,0,0,0,0,1,1,0,1,0,1,1
"123876",0,0,0,0,0,0,1,0,0,0,0,0,0,0,0,0,0,0
"3705",1,0,0,1,1,1,1,0,0,0,0,0,1,1,0,0,0,0
"6296",0,1,1,0,1,1,0,1,0,0,0,0,1,0,0,1,0,1
"138429",0,1,1,0,0,0,0,0,0,0,0,0,0,1,0,1,0,0
"348158",0,0,0,0,0,0,0,0,0,0,0,0,0,0,0,0,0,0
"344967",1,1,1,0,0,0,1,0,0,0,1,0,0,1,0,0,0,0
"10170",0,0,1,0,0,0,0,0,0,1,0,1,0,1,0,1,0,0
"9249",0,1,1,0,0,1,0,0,1,0,1,1,0,1,0,1,1,1
"220074",1,0,1,0,1,1,0,0,0,1,0,1,1,1,1,0,1,0
"51099",1,0,1,0,1,0,1,0,1,0,1,1,0,0,1,1,1,1
"154141",1,1,1,1,1,1,1,1,0,0,1,1,1,1,1,1,1,1
"1733",0,1,0,0,0,0,1,0,0,0,0,0,0,0,1,1,1,1
"253558",1,0,1,0,1,0,1,0,0,1,0,1,1,0,1,0,1,1
"64748",0,1,1,0,0,0,0,0,0,0,1,0,0,1,1,0,0,1
"23175",1,0,0,1,1,1,1,1,0,1,0,0,0,0,0,1,1,1
"1735",0,0,0,0,0,0,1,0,0,0,0,0,0,0,0,0,0,0
"1734",1,0,1,1,0,0,1,0,0,0,0,0,0,0,1,0,0,1
"27284",0,1,0,1,0,0,0,0,0,0,1,0,0,0,0,1,1,1
"6819",0,0,0,1,0,0,1,0,0,0,0,0,0,1,1,0,0,1
"84513",1,1,1,1,1,1,1,1,0,1,0,1,1,1,1,1,1,1
"79948",0,0,1,1,0,1,0,0,0,0,1,0,0,0,0,1,0,1
"84274",1,1,1,1,1,0,1,0,0,1,0,1,1,1,1,1,1,0
"9890",0,0,0,0,0,0,0,0,0,0,0,0,0,0,0,0,0,0
"84787",0,1,1,1,0,1,0,1,0,0,0,0,0,1,1,0,0,1
"79813",0,1,0,1,1,1,0,1,0,0,1,0,0,1,0,0,0,0
"64900",0,1,1,1,1,1,1,0,0,0,0,0,0,0,0,1,1,1
"9663",1,1,1,1,0,1,1,0,1,1,0,1,1,1,0,1,1,1
"9757",1,0,1,0,1,1,0,1,0,0,0,1,0,1,1,1,0,1
"196051",0,0,0,0,0,0,0,0,0,0,0,0,0,0,0,0,0,0
"9869",0,1,1,0,0,1,0,1,0,0,1,1,0,1,0,0,0,0
"85465",0,1,1,0,1,0,1,0,0,1,1,1,1,0,1,0,1,1
"23646",1,1,1,1,1,1,1,1,0,0,1,0,1,1,1,1,0,1
"122618",0,1,1,1,0,1,1,1,0,0,0,0,1,1,0,0,0,0
"29072",1,1,1,1,0,1,0,1,1,1,1,0,1,0,1,1,1,1
"201164",0,1,1,0,0,1,1,0,0,1,0,1,0,1,0,1,0,1
"590",0,0,0,0,0,0,0,0,0,0,0,0,0,0,0,0,0,0
"80854",1,0,1,0,0,0,0,0,1,1,1,1,1,0,1,0,1,0
"55750",0,1,0,1,1,0,1,0,0,1,0,1,0,0,1,0,1,1
"387893",1,0,0,1,1,0,0,0,1,0,1,1,1,1,0,0,0,0
"84444",0,1,1,0,1,1,1,0,0,1,0,1,0,1,1,1,0,1
"4297",0,1,1,0,0,1,0,0,1,1,1,0,0,0,1,0,1,1
"91012",1,1,1,1,1,1,1,1,0,1,1,1,1,1,1,1,1,1
"204219",1,0,0,0,0,0,1,0,0,0,0,0,0,0,0,1,1,0
"10715",0,0,0,0,0,0,0,0,0,0,0,0,0,0,0,0,0,0
"58508",0,1,0,1,0,1,0,1,1,0,1,0,0,0,1,0,1,1
"253782",0,1,1,0,0,1,1,0,0,1,1,0,0,0,0,1,1,1
"55870",0,1,1,0,1,1,1,1,0,1,1,0,0,0,1,0,1,1
"29956",1,1,1,1,1,1,1,1,0,0,0,0,1,1,0,1,0,0
"10919",0,1,0,1,1,1,1,1,0,0,0,0,1,1,0,1,0,0
"6839",0,1,0,1,1,1,0,0,0,0,1,1,1,1,0,1,0,0
"79603",0,1,1,0,1,1,1,1,0,0,1,0,1,1,0,1,0,0
"64324",1,1,1,0,0,1,1,0,1,0,1,0,1,0,1,1,1,1
"56624",0,1,0,1,1,0,0,0,1,1,0,1,0,0,1,0,0,1
"6419",1,0,0,1,1,1,0,1,0,1,1,1,1,0,0,1,1,0
"170384",0,1,0,1,0,1,1,1,0,1,1,0,0,1,0,1,0,0
"23067",0,1,0,1,0,1,1,1,1,0,0,0,0,1,1,1,0,1
"56886",1,0,0,1,0,1,1,1,0,1,0,1,0,0,1,1,1,1
"54904",1,1,1,1,1,1,1,1,1,1,1,1,1,0,1,1,1,1
"2526",0,1,1,1,0,0,1,0,0,1,0,0,1,0,0,1,0,1
"152586",0,0,0,0,0,0,1,0,0,0,0,0,0,0,0,0,0,0
"148789",1,0,0,1,1,0,0,0,0,1,0,1,1,0,1,0,0,0
"200810",1,0,0,0,0,0,0,0,0,0,0,0,0,1,0,0,1,0
"55624",1,0,0,1,0,1,1,0,0,1,0,0,1,1,1,0,0,0
"64754",0,1,1,0,1,1,1,1,0,0,1,0,1,1,0,0,0,0
"56983",1,1,1,1,1,0,1,1,1,1,1,1,1,0,1,1,1,1
"79723",1,0,1,0,1,0,1,0,0,1,1,1,0,0,1,0,1,1
"644378",0,0,0,0,0,0,0,0,0,0,0,0,0,0,0,0,0,1
"55904",1,1,1,1,1,1,1,1,1,1,1,1,1,1,1,1,1,1
"644974",0,1,1,0,0,0,0,1,0,0,0,0,1,1,0,0,0,0
"8702",1,0,0,1,1,0,1,1,0,0,0,0,1,0,0,0,0,1
"9739",1,0,1,0,1,1,1,1,0,0,0,0,0,1,0,1,0,0
"8473",1,1,1,1,1,1,1,1,1,1,1,1,1,1,1,1,1,1
"55830",1,1,1,1,1,1,1,1,0,1,0,1,1,1,1,1,1,1
"7468",0,1,0,1,1,1,1,1,0,0,1,0,0,1,1,0,0,0
"3703",1,1,1,1,1,1,1,1,1,1,0,1,1,1,1,1,1,1
"83852",1,0,1,0,0,1,1,1,1,0,0,0,0,0,1,1,1,1
"8085",1,0,0,1,1,1,1,0,0,0,0,1,0,1,1,1,0,1
"283358",0,1,1,0,1,1,0,0,0,0,0,0,1,0,1,0,0,1
"51111",0,1,1,0,1,0,0,0,1,1,1,0,0,0,1,0,1,1
"55757",0,0,0,0,0,0,1,0,0,0,0,0,0,0,1,0,0,0
"60559",1,1,1,1,1,1,1,1,1,1,1,1,1,1,1,1,1,1
"23478",1,1,1,1,1,1,1,1,1,1,1,1,1,1,1,1,1,1
"146664",1,1,1,1,0,0,1,0,0,0,0,0,0,1,0,0,1,0
"28972",1,1,1,1,1,1,1,1,1,1,1,1,1,1,1,1,1,1
"2529",0,1,1,0,1,0,0,0,0,0,0,0,0,0,0,1,1,1
"360203",0,0,0,0,0,0,0,0,0,0,0,0,0,0,0,0,0,0
"90701",1,1,1,1,1,1,1,1,1,1,1,1,1,1,1,1,1,1
"9789",1,1,1,1,1,1,1,1,1,1,1,1,1,1,1,1,1,1
"57171",0,1,0,1,1,1,1,1,0,0,1,0,1,1,0,0,0,0
"4249",1,1,0,1,1,1,0,1,0,1,1,0,1,1,0,0,1,0
"25834",0,0,0,0,0,0,1,0,0,0,0,0,0,0,0,0,0,0
"7837",0,0,0,1,1,1,1,1,1,1,1,1,1,1,0,0,0,0
"140687",1,0,0,1,1,1,0,0,0,1,0,0,0,0,1,0,1,1
"137902",0,0,0,0,0,0,1,0,0,0,0,0,0,0,1,1,1,1
"8708",0,0,0,0,0,0,0,0,0,0,1,0,0,0,0,0,0,1
"9677",1,0,1,1,0,1,1,0,0,0,0,0,1,1,0,1,0,0
"23262",1,0,0,1,0,0,0,0,1,0,0,0,1,0,1,0,1,1
"201595",1,1,1,1,1,1,1,1,1,1,0,1,1,1,1,1,1,1
"26007",1,0,0,1,0,1,1,0,0,0,1,1,1,1,1,0,0,0
"83468",1,0,1,1,0,0,1,0,0,0,0,0,0,0,0,0,0,1
"158584",1,1,1,1,1,1,1,1,0,1,1,1,1,1,1,1,1,1
"84752",1,0,0,0,0,0,0,0,0,1,0,0,0,1,0,1,0,1
"283209",0,1,0,1,1,0,1,0,0,1,1,1,1,0,1,0,1,1
"145173",1,0,1,0,1,0,1,1,1,1,0,0,1,0,1,1,0,0
"23491",0,0,0,1,0,1,1,0,0,0,0,0,0,1,1,0,0,0
"124872",0,0,0,0,0,0,0,0,0,0,0,0,0,0,0,0,0,0
"84750",0,1,0,1,1,1,1,1,0,0,0,0,1,0,0,0,1,1
"221223",0,0,0,0,0,0,1,0,0,0,0,0,0,0,0,0,0,0
"338707",1,0,0,0,0,1,0,0,0,0,0,0,0,0,0,1,0,1
"1066",0,0,0,0,0,0,1,0,0,0,1,0,0,0,0,0,0,0
"1208",0,0,1,1,0,0,1,0,0,0,0,0,0,0,0,0,0,0
"146802",1,1,1,1,0,0,1,0,0,0,0,0,1,1,1,0,0,0
"168391",0,0,0,0,0,0,0,0,0,0,0,0,0,0,0,0,0,0
"55244",0,0,0,0,0,0,1,0,0,0,0,0,0,0,0,0,0,0
"345274",0,0,0,0,0,0,0,0,0,0,0,0,0,0,0,0,1,0
"116085",0,0,0,0,0,0,0,0,0,0,0,0,0,0,0,0,0,0
"8707",0,1,0,1,0,0,0,1,1,0,0,0,0,0,1,0,0,0
"123688",0,1,1,1,0,1,1,0,0,1,0,1,1,0,1,0,1,1
"51228",1,1,1,1,1,1,1,1,1,1,1,1,1,1,1,1,1,1
"51171",0,0,1,0,0,1,1,0,0,0,0,0,1,1,0,1,0,1
"284004",0,1,1,0,0,1,0,1,0,0,0,0,0,1,0,1,0,1
"79411",0,1,0,1,1,0,1,0,0,0,0,0,1,1,1,0,0,0
"51741",0,1,0,1,0,0,0,0,1,0,1,1,1,1,0,1,0,0
"27090",0,1,0,1,1,0,0,1,0,0,0,0,0,1,0,1,0,0
"129807",1,0,0,0,0,0,0,0,0,0,0,0,0,1,1,0,1,0
"441282",0,0,0,0,0,0,1,0,0,0,0,0,0,0,0,0,0,0
"2524",0,1,1,1,0,1,0,0,0,0,0,0,0,1,1,0,1,1
"10202",0,0,1,1,1,0,0,0,0,0,0,0,0,1,0,0,0,0
"2527",1,0,0,0,0,0,0,0,0,0,0,0,0,1,0,0,0,0
"10553",1,1,1,1,1,1,1,1,1,1,1,1,1,1,1,1,1,1
"121214",0,0,0,0,0,0,1,0,0,0,0,0,0,1,0,0,0,0
"374875",1,0,0,1,0,1,1,1,0,0,0,0,1,0,0,1,0,0
"2528",0,0,1,1,0,0,0,0,0,0,0,0,0,1,0,1,0,1
"113612",1,0,1,0,0,1,0,0,0,0,1,0,1,0,0,1,0,1
"56898",1,0,0,1,1,0,1,1,0,0,1,1,1,0,1,0,1,0
"493869",0,0,0,0,0,0,1,0,0,0,0,0,0,0,0,0,0,0
"1487",1,1,1,1,1,1,0,0,1,1,1,1,1,1,1,1,1,1
"64174",0,1,1,0,0,1,0,1,1,0,1,0,0,1,0,1,1,1
"100288072",0,1,1,0,0,1,0,1,0,0,1,0,0,1,0,1,0,0
"64180",1,0,1,0,0,0,0,1,0,0,0,0,0,1,0,0,1,1
"93517",1,0,1,0,0,1,1,0,0,0,1,0,0,0,0,1,0,1
"10728",1,1,1,1,1,1,1,1,1,1,1,1,1,1,1,1,1,1
"84869",1,0,0,1,1,0,1,0,0,1,0,1,1,0,1,0,1,0
"340811",0,1,1,1,0,0,1,0,0,0,0,0,1,0,0,0,0,1
"91179",0,0,1,1,0,0,1,0,0,0,0,0,0,1,0,1,1,1
"133121",1,1,1,0,1,1,1,1,1,1,1,1,0,1,0,1,0,0
"11102",1,0,0,1,1,0,0,0,1,1,1,0,0,1,0,1,0,0
"85007",1,1,1,1,1,1,1,1,1,0,1,1,1,1,1,1,1,1
"250",0,0,0,0,0,0,1,0,0,0,0,0,0,1,0,0,1,0
"8644",0,1,0,1,1,1,1,0,0,0,1,0,0,1,1,0,0,0
"10826",0,1,1,0,1,0,0,0,0,0,1,0,0,1,1,0,0,1
"251",0,0,0,0,0,0,0,0,0,0,0,0,0,0,0,0,0,0
"266740",0,0,0,0,0,0,0,0,0,0,0,0,0,0,0,0,0,0
"200931",1,0,1,0,0,1,1,0,0,0,0,0,0,1,0,1,0,1
"3930",1,1,1,1,1,1,1,1,0,1,1,0,1,1,1,1,1,1
"123264",0,0,0,0,0,0,1,0,0,0,0,0,0,0,0,0,0,0
"10941",0,0,0,0,0,1,1,0,0,0,0,0,0,1,0,0,0,0
"79799",0,0,0,0,0,0,1,0,0,0,0,0,0,1,0,0,0,0
"4645",0,1,1,0,0,0,1,0,0,0,1,0,0,1,0,0,0,0
"5446",0,0,0,1,1,1,1,1,1,1,1,1,1,1,1,0,0,0
"4864",1,0,0,1,1,1,0,0,1,0,0,0,1,1,0,1,0,1
"506",1,1,1,1,1,1,1,1,1,1,1,1,1,1,1,1,1,1
"3069",1,1,1,1,1,1,1,1,1,1,0,1,1,1,1,1,1,1
"10632",1,1,1,1,0,0,1,1,1,1,1,1,1,1,1,1,1,1
"515",1,1,1,1,1,1,1,1,1,1,1,1,1,1,1,1,1,1
"10476",1,1,1,1,1,1,1,1,1,1,1,1,1,1,1,1,1,1
"513",0,1,1,1,1,1,1,1,0,1,1,1,1,1,1,1,1,1
"522",1,1,1,1,1,1,1,1,1,1,1,1,1,1,1,1,1,1
"539",1,1,1,1,1,1,1,1,1,1,1,1,1,1,1,1,1,1
"9551",1,1,1,1,1,1,1,1,1,1,1,1,1,1,1,1,1,1
"516",1,1,1,1,1,1,1,1,1,1,1,1,1,1,1,1,1,1
"509",1,1,1,1,1,1,1,1,1,1,1,1,1,1,1,1,1,1
"518",1,1,1,1,1,1,1,1,0,1,1,1,1,1,1,1,1,1
"27109",0,1,0,1,1,1,0,0,0,1,1,1,1,0,0,1,0,0
"514",1,1,1,1,1,1,1,1,1,1,1,1,1,1,1,1,1,1
"4905",0,1,0,1,1,0,1,1,0,1,1,1,1,0,1,1,1,1
"517",1,1,1,1,1,1,1,1,1,1,1,1,1,1,1,1,1,1
"521",1,1,1,1,1,1,1,1,1,1,1,1,1,1,1,1,1,1
"498",1,1,1,1,1,1,1,1,1,1,1,1,1,1,1,1,1,1
"267020",1,0,0,1,1,1,1,1,0,0,1,0,0,1,1,0,1,1
"27089",1,1,1,1,1,1,1,1,1,1,1,1,1,1,1,1,1,1
"10975",1,1,1,1,1,1,1,1,1,1,1,1,1,1,1,1,1,1
"7381",1,1,1,1,0,0,1,1,1,1,1,1,1,1,1,1,1,1
"4519",1,1,1,1,1,1,1,1,1,1,1,1,1,1,1,1,1,1
